{
  "name": "粘土剪刀",
  "icon": "pyrotech:clay_shears",
  "category": "adapt_tools",
  "pages": [
    {
      "type": "crafting",
      "recipe": "pyrotech:tool/unfired_clay_shears",
      "text": "虽然不是最耐用的工具，但$(item)粘土剪刀$()要紧的时候还是可以用一用的！"
    },
    {
      "type": "rrt_pit_kiln_recipe_stone_kiln_recipe",
      "pit_kiln_header": true,
      "pit_kiln_recipe": "pyrotech:clay_shears",
      "stone_kiln_recipe": "pyrotech:pit_kiln/clay_shears"
    },
    {
      "type": "relations",
      "entries": [
        "gather/clay_lump_of",
        "adapt/pit_kiln",
        "innovate/stone_kiln",
        "bloom/refractory_kiln"
      ]
    }
  ]
}