{
    "name": "极光钢工具",
    "icon": "theaurorian:auroriansteel",
    "category": "3magicalitems",
    "readbydefault": true,
    "pages": [
        {
            "type": "spotlight",
            "item": "theaurorian:auroriansteelsword",
            "text": "$(#008cff)极光钢$()是极光幽境每一方面的材料融合在一起制得的金属。这些工具能升级它们的附魔！"
        },
        {
            "type": "crafting",
            "name": "极光钢",
            "recipe": "theaurorian:items/auroriansteel",
            "text": "它们会选择自己的第一个附魔并在能升级时随着时间的推移逐渐升级！"
        }
    ]
}