{
    "name": "地牢定位器",
    "icon": "theaurorian:locator",
    "category": "3magicalitems",
    "readbydefault": true,
    "pages": [
        {
            "type": "spotlight",
            "item": "theaurorian:locator",
            "text": "$(#008cff)地牢定位器$()将会帮助你找到地牢！潜行单击以选择地牢种类。使用时会在地牢所在的方向生成粒子。"
        },
        {
            "type": "crafting",
            "name": "地牢定位器",
            "recipe": "theaurorian:items/tools/locator"
        }
    ]
}