{
    "name": "谧木弓",
    "icon": "theaurorian:silentwoodbow",
    "category": "3magicalitems",
    "readbydefault": true,
    "pages": [
        {
            "type": "spotlight",
            "item": "theaurorian:silentwoodbow",
            "text": "$(#008cff)谧木弓$()是极光幽境中弓的变种。$(br2)极光幽境中还有箭的变种：$(#008cff)晶蓝箭$()，飞得比原版的箭更快，并能造成更高的伤害！"
        },
        {
            "type": "crafting",
            "name": "谧木弓",
            "recipe": "theaurorian:items/tools/silentwood/silentwoodbow",
            "recipe2": "theaurorian:items/tools/ceruleanarrow"
        }
    ]
}