{
    "name": "本影盾牌",
    "icon": "theaurorian:umbrashield",
    "category": "3magicalitems",
    "readbydefault": true,
    "pages": [
        {
            "type": "spotlight",
            "item": "theaurorian:umbrashield",
            "text": "$(#008cff)本影盾牌$()会在你阻挡攻击时点燃你正对着的实体。按住 Shift 键以阻挡攻击。处于阻挡状态下过长时间会导致盾牌过载，你将必须在下次使用之前等待一点时间。"
        }
    ]
}