{
    "name": "世界之眼",
    "icon": "naturesaura:chunk_loader",
    "category": "using",
    "advancement": "naturesaura:aura_bottle_end",
    "flag": "naturesaura:chunk_loader",
    "pages": [
        {
            "type": "text",
            "text": "在我们所居住的世界，一个关键问题从未被透彻地理解：在没有人看着的地方，似乎什么也不会发生\u2E3A时间本身似乎暂停了。这一自然现象有时颇为棘手，特别是进行长距离自动化传输时。不过，$(item)世界之眼$()会帮你凝视应当保持$(thing)激活$()的区域，虽然维持其视线"
        },
        {
            "type": "text",
            "text": "需要少量的$(#419600)灵气$()。$(p)要使其工作，只需放下来并提供一个$(thing)红石信号$()\u2E3A信号越强，眼的工作半径就越大，最大有 30 格。由于以眼进行观察的本质原理，这个范围并不总是十分精确。这也意味着有时候加载的区域会比预期范围$(thing)稍大$()。"
        },
        {
            "type": "crafting",
            "text": "制作$(item)世界之眼$()$(p)$(italic)A load of chunks",
            "recipe": "naturesaura:chunk_loader"
        }
    ]
}
