{
    "name": "诸界之轨",
    "icon": "naturesaura:dimension_rail_nether",
    "category": "using",
    "advancement": "naturesaura:sky_ingot",
    "pages": [
        {
            "type": "text",
            "text": "尽管$(item)矿车$()有着有限的穿过$(thing)传送门$()的能力，但实现这一功能的装置必定相当复杂。$(item)诸界之轨$()轻松地解决了这个问题：它们有三种类型，每种对应一个已知维度。当矿车在其上通行时，就会直接被传送到铁轨对应的维度，并在过程中消耗一点$(#419600)灵气$()。"
        },
        {
            "type": "text",
            "text": "矿车被送到的具体$(thing)座标$()会根据传送涉及的维度决定：$(br)在主世界与下界之间穿行，会使矿车座标乘以或除以 8，类似于普通的传送门。$(br)从主世界前往末地会使得矿车出现在$(thing)黑曜石平台$()，反过来的话则会出现在主世界的出生点。"
        },
        {
            "type": "text",
            "text": "在这些轨道上使用$(l:items/range_visualizer)奥秘放大镜$()会使得目标维度的目标位置被高亮，这种高亮能$(thing)穿墙$()看见，使得寻找目标位置不太困难。$(p)这类铁轨唯一的已知问题是似乎无力传送含有$(thing)生物$()的矿车。"
        },
        {
            "type": "crafting",
            "text": "制作$(item)主世界铁轨$()",
            "recipe": "naturesaura:dimension_rail_overworld"
        },
        {
            "type": "crafting",
            "text": "制作$(item)下界铁轨$()",
            "recipe": "naturesaura:dimension_rail_nether"
        },
        {
            "type": "crafting",
            "text": "制作$(item)末地铁轨$()",
            "recipe": "naturesaura:dimension_rail_end"
        }
    ]
}
