{
    "name": "末影板条箱",
    "icon": "naturesaura:ender_crate",
    "category": "using",
    "advancement": "naturesaura:aura_bottle_end",
    "pages": [
        {
            "type": "text",
            "text": "$(item)末影箱$()对于想要安全存储物品的人来说是一项极佳的技术，但是，它们没有提供任何能$(thing)传输$()这些物品的方法。在这方面，$(item)末影板条箱$()就很完美：两个或多个这类链接到一起的板条箱共享了相同的物品栏，哪怕跨越维度也能正常工作。它们的这种特性展示了轻松传输物品的可能性。"
        },
        {
            "type": "text",
            "text": "当然，每次和板条箱互动时都需要消耗一些$(#419600)灵气$()。$(br)要链接一个或多个箱子，它们必须被同给予一个$(item)末影名$()。只需将其和一个$(item)末影之眼$()一起放在$(thing)铁砧$()里，然后写下想要的名字就能给予末影名。$(br)如果担心其他人用同一个名字链接到板条箱，只需在板条箱内放一个使用末影名命名的$(l:practices/offering#terror)惊骇$()印记就能$(thing)锁定$()这个末影名。"
        },
        {
            "type": "crafting",
            "text": "制作$(item)末影板条箱$()",
            "recipe": "naturesaura:ender_crate"
        }
    ]
}
