{
    "name": "外置燃火器",
    "icon": "naturesaura:furnace_heater",
    "category": "using",
    "advancement": "naturesaura:infused_materials",
    "pages": [
        {
            "type": "text",
            "text": "在某个时候，你意识到$(item)熔炉$()工作得太慢，太消耗资源，远算不上高效。$(br)$(item)外置燃火器$()能从任何一面加速一个$(item)熔炉$()，还会提供足以熔炼任何材料的热量。注意，这个过程对$(#419600)灵气$()的消耗可能会使自然灵气水平降低到负值，从而引发$(l:intro/aura)工作回报递减$()。"
        },
        {
            "type": "naturesaura:tree_ritual",
            "text": "使用$(l:practices/tree_ritual)森林仪式$()制作$(item)外置燃火器$()",
            "recipe": "naturesaura:furnace_heater"
        }
    ]
}
