{
    "name": "漏斗增强器",
    "icon": "naturesaura:hopper_upgrade",
    "category": "using",
    "advancement": "naturesaura:infused_materials",
    "pages": [
        {
            "type": "text",
            "text": "使用$(item)漏斗$()收集物品十分实用，但有时也很不方便，特别是在收集大范围内的掉落物时。对于这个问题，$(item)漏斗增强器$()会很有帮助：只需将其放在任意$(item)漏斗$()顶部，它就会急剧增加漏斗拾取物品的范围到大约 $(thing)7$() 个方块。$(br)在拾取物品时，增强器会消耗少量的$(#419600)灵气$()。"
        },
        {
            "type": "crafting",
            "text": "制作$(item)漏斗增强器$()",
            "recipe": "naturesaura:hopper_upgrade"
        }
    ]
}
