{
    "name": "充能灵气锻炉",
    "icon": "naturesaura:rf_converter",
    "category": "using",
    "advancement": "naturesaura:sky_ingot",
    "flag": "naturesaura:rf_converter",
    "pages": [
        {
            "type": "text",
            "text": "$(#419600)灵气$()相当万能，也相当有用，但它肯定不是唯一的$(thing)能量源$()。在最近的历史里，不被认为是自然存在的种种能量被曾人们$(italic)缔造$()出来。有时，支配这种能量源会十分有用。The $(item)充能灵气锻炉$()能将$(#419600)灵气$()直接转换成大多数人称为$(thing)红石通量$()的东西，"
        },
        {
            "type": "text",
            "text": "但也有一些人称之为 $(thing)Forge 能量$()，对其他人甚至是$(thing)水晶通量$()。$(br)要实现转换，只需将$(item)充能灵气锻炉$()摆放在下页展示的伴随结构当中。然后，区域中任何过量的$(#419600)灵气$()就会自动变成电能。区域中$(#419600)灵气$()越多，转换的速度就越快。$(br)此外，装备$(l:items/eye)环境之眼$()时还会显示设备中能量的多少。"
        },
        {
            "type": "multiblock",
            "multiblock_id": "naturesaura:rf_converter",
            "text": "构建围绕$(item)充能灵气锻炉$()的结构"
        },
        {
            "type": "crafting",
            "text": "制作$(item)充能灵气锻炉$()",
            "recipe": "naturesaura:rf_converter"
        }
    ]
}
