{
  "tool": "tconstruct:plate_chestplate",
  "text": [
    { "text": "如果你把耳朵贴到胸甲上仔细听的话，你就能在身后的苦力怕爆炸的时候听到自己的心跳声。这么好的盔甲为什么要脱掉呢？" },
	{
      "text": "拥有较高的护甲值，并且锁链打底能够提供柔韧性。你再找不到比这个盔甲更酷更坚固的护甲了！", "paragraph": true
    }
  ],
  "properties": [
    "高耐久度",
    "高护甲值",
    "1个升级槽",
    "4个防御槽",
    "1个能力槽"
  ]
}
