{
    "name": "处理规则",
    "icon": "tinkersforging:textures/guide/progress_indicator_icon.png",
    "category": "forging",
    "pages": [
        {
            "type": "text",
            "text": "锻造就是通过不同的锻造按钮（击打，弯曲，冲压等等……）来将绿色指示条与红色指示条对其的过程。除此之外，你还必须满足锻造物对应的相关规则。谨记，当你处理物品时，相关进度是会保留的 - 这意味着你可以将物品取出重新加热，而不必担心进度损失。"
        },
        {
            "type": "text",
            "text": "为了完成锻造合成，你必须满足三个附加规则。它们已经在锻造界面中心的 GUI 上显示出来了，鼠标悬浮在正上方就能提示你最后锻造的三步。举个例子：“击打，末尾”：最后一步锻造必须为击打类型（轻击、击打、重击都行）。所有的规则都由类型（击打、牵拉、冲压、弯曲、镦锻、收缩）和顺序（末尾、倒数第二、倒数第三、非最末、任意）组成。"
        }
    ]
}
