{
    "name": "工匠砧",
    "icon": "tinkersforging:tinkers_anvil/iron",
    "category": "forging",
    "pages": [
        {
            "type": "text",
            "text": "工匠砧是锻造的关键性方块。它能够通过绝大多数工具材料进行合成，囊括铁、金和钻石。若要详细了解如何使用砧进行物品锻造，请查看$(l:forging/getting_started)锻造艺术$()篇章。"
        },
        {
            "type": "crafting",
            "recipe": "tinkersforging:anvil_iron",
            "recipe2": "tinkersforging:anvil_gold"
        }
    ]
}
