{
    "name": "制造催化剂",
    "icon": "naturesaura:generator_limit_remover",
    "category": "creating",
    "advancement": "naturesaura:offering",
    "priority": true,
    "pages": [
        {
            "type": "text",
            "text": "就像在$(l:creating/on_generating)灵气制造$()部分说的一样，大多数的$(#419600)灵气$()$(thing)制造设备$()都无法使附近的$(#419600)灵气$()超过某个值。$(item)制造催化剂$()轻松地解决了这个问题：将其放在任何$(#419600)灵气$()制造设备下方，就会使得前面说的上限提升，使设备可以制造的$(#419600)灵气$()量远超原有限制。$(br)这样做不需要付出任何额外代价。"
        },
        {
            "type": "crafting",
            "recipe": "naturesaura:generator_limit_remover",
            "text": "使用印记制作$(item)制造催化剂$()"
        }
    ]
}
