{
  "modifier_id": "tconstruct:melting",
  "text": [
    {
      "text": "可以将掉落的物品或攻击的实体熔炼到工具内部的流体槽。攻击力达到4点左右时，每次攻击得到的流体量最大。同时，这个能力还会将工具的流体槽容量增加1296mB（9锭）。"
    },
    {
      "text": "有这个能力的工具还可以直接从储罐方块中盛出流体或将流体倒入储罐方块。"
    }
  ],
  "more_text_space": true,
  "effects": [
    "单个等级",
    "需要1个能力槽"
  ]
}
