{
	"name": "单元",
	"icon": "qmd:cell",
	"category": "qmd:items_and_devices",
	"sortnum": 0,
	"pages": [
		{
			"type": "text",
			"text": "单元可被用于存储反物质等奇异物质。$(bold)务必小心，它们很有可能爆炸并释放大量伽马射线！$()"
		},
		{
			"type": "spotlight",
			"item": "qmd:cell",
			"text": "将单元放入$(l:containment_chambers/neutral_containment)电中性遏制器$()的GUI即可提取或填充单元内容物。$(bold)单元必须带电，否则不能存储材料。$()为之充能的方法很多——单元支持常见的科技模组充能方式，例如[TE]热力膨胀的能量灌注机。"
		},
		{
			"type": "text",
			"text": "$(bold)只要单元被填充了内容物，它就会持续地消耗能量。一旦能量消耗完，它就会灾难般地发生故障！$()在这种事情发生之前，保证消耗完内容物或重新将内容物填充入遏制器。单元的填充与提取可在JEI中查看。"
		}

	]
}