{
  "title": "浇注道",
  "text": [
    {
      "text": "浇注道可从顶部或从被设为输入端的侧面传入流体，可向底部或向被设为输出端的侧面传出流体。"
    },
    {
      "text": "浇注道上刻有标示传输方向的箭头。右击浇注道的侧面将会使该侧面在输入端、输出端和不连接间轮换。右击浇注道中部会使其直接向底部输出，前提是下方有有效的流体容器。浇注道不能向上传输流体。",
      "paragraph": true
    },
    {
      "text": "浇注道也受红石信号影响。充能状态决定其是否向底部输出。",
      "paragraph": true
    }
  ]
}
