{
  "name": "真空箱子",
  "icon": "thermal:device_collector",
  "category": "thermal:devices",
  "read_by_default": true,
  "flag": "|mod:thermal_expansion,mod:thermal_dynamics",
  "pages": [
    {
      "type": "text",
      "text": "真空箱子可将作用范围内的掉落物吸入自身的存储空间。加装$(l:thermal:technology/augments/xp_storage)知识浓缩存储$(/l)后更可拥有经验球吸取的功能。基础状态下的真空箱子具有以自身为中心 9x9 的作用范围，加装$(l:thermal:technology/augments/area_radius)径向范围拓展$(/l)后作用范围则提升至 15x15x15。"
    },
    {
      "type": "crafting",
      "recipe": "thermal:device_collector",
      "title": "真空箱子",
      "text": "在红石控制模式下，接收到脉冲信号的真空箱子会立即地，没有延迟地将掉落物转移至自身存储中，十分可靠。"
    },
    {
      "type": "text",
      "title": "兼容增强",
      "text": "$(li)$(l:thermal:technology/augments/integral_components)整合组件$(/l)$(li)$(l:thermal:technology/augments/item_filter)物品过滤规制$(/l)$(li)$(l:thermal:technology/augments/xp_storage)知识浓缩存储$(/l)$(li)$(l:thermal:technology/augments/area_radius)径向范围拓展$(/l)"
    }
  ]
} 