{
  "name": "导言 - 设备",
  "icon": "thermal:iron_gear",
  "category": "thermal:devices",
  "flag": "|mod:thermal_expansion,mod:thermal_cultivation",
  "sortnum": -2,
  "read_by_default": true,
  "pages": [
    {
      "type": "text",
      "text": "设备会对临近的方块施展不同的功能，少部分可能需要额外消耗一些 RF 能量。设备可装载$(l:thermal:technology/augments/introduction)增强$(/l)，以期提升或修饰不同层面的作用效力。"
    },
    {
      "type": "text",
      "text": "本章节的其它页面将详细地叙述每台设备的具体功能。与此同时，你也可以通过点击设备界面左侧的“信息”选项卡来打开一个包含简短叙述性文字的折叠式面板；若当前方块需消耗 RF 能量，则左侧会多出一个选项卡，包含着可显示当前及最大 RF 使用量等信息的面板。右侧的“增强”和“红石控制”选项卡亦可顾名思义，各司其职。"
    }
  ]
}