{
  "name": "蓄水器",
  "icon": "thermal:device_water_gen",
  "category": "thermal:devices",
  "read_by_default": true,
  "flag": "mod:thermal_expansion",
  "pages": [
    {
      "type": "text",
      "text": "蓄水器是一台可按需供给无限水的设备。侧边四面必须有至少两面紧邻水源方块方能开始蓄水。注意：并不计算顶面和底面的邻水状况。"
    },
    {
      "type": "crafting",
      "recipe": "thermal:device_water_gen",
      "title": "蓄水器"
    },
    {
      "type": "text",
      "title": "兼容增强",
      "text": "$(li)$(l:thermal:technology/augments/integral_components)整合组件$(/l)$(li)$(l:thermal:technology/augments/fluid_tank)液槽扩容升级$(/l)"
    }
  ]
} 