{
  "name": "播种机",
  "icon": "industrialforegoing:plant_sower",
  "category": "agriculture_husbandry",
  "sortnum": 4,
  "read_by_default": true,
  "pages": [
    {
      "type": "text",
      "text": "一台用来$(6)种植$()作物和树苗的机器。$(br2) 9 格内部空间被不同颜色所标记并且对应了播种机上方$(6)颜色$()标记的不同区域。而机器上方的工作区域恰好也分成了 9 个不同的部分并且每个部分都只会播种对应槽位的种子。"
    },
    {
      "type": "crafting",
      "recipe": "industrialforegoing:plant_sower"
    }
  ]
}