{
  "name": "施肥机",
  "icon": "industrialforegoing:plant_fertilizer",
  "category": "agriculture_husbandry",
  "sortnum": 5,
  "read_by_default": true,
  "pages": [
    {
      "type": "text",
      "text": "一台用来给作物$(6)施肥$()的机器$(br2)这台机器会对同一个作物持续不断的施肥直到它无法继续被催熟，然后再给下一个作物施肥。这可能会导致机器因个别植物卡住，例如像$(6)向日葵$()这样能一直被催熟的作物或是一些永远不会成熟的作物。"
    },
    {
      "type": "text",
      "text": "施肥机可以接受：$(br)$(li)骨粉$(li)肥料"
    },
    {
      "type": "crafting",
      "recipe": "industrialforegoing:plant_fertilizer"
    }
  ]
}