{
  "name": "篝火",
  "icon": "pyrotech:campfire",
  "category": "survive",
  "pages": [
    {
      "type": "spotlight",
      "item": "pyrotech:campfire",
      "link_recipe": true,
      "text": "跟着这些简单的步骤来搭建一个$(item)篝火$()：$(p)  $(l:survive/campfire#craft_tinder)1. 制作火绒$()$(br)  $(l:survive/campfire#place_tinder)2. 放置火绒$()$(br)  $(l:survive/campfire#add_logs)3. 添加燃料$()$(br)  $(l:survive/campfire#ignite)4. 点燃$()"
    },
    {
      "type": "crafting",
      "title": "1. 制作火绒",
      "anchor": "craft_tinder",
      "recipe": "pyrotech:tech/basic/tinder",
      "text": "首先，你需要一些$(item)火绒$() - $(italic)一些干燥而且易燃的东西，比如木棍或者植物纤维$() - 来引燃营火。"
    },
    {
      "type": "image",
      "title": "2. 放置火绒",
      "anchor": "place_tinder",
      "border": true,
      "images": [
        "pyrotech:textures/gui/book/photo/campfire_00.png"
      ]
    },
    {
      "type": "image",
      "title": "3. 添加燃料",
      "anchor": "add_logs",
      "border": true,
      "images": [
        "pyrotech:textures/gui/book/photo/campfire_01.png"
      ]
    },
    {
      "type": "image",
      "title": "4. 点燃",
      "anchor": "ignite",
      "border": true,
      "images": [
        "pyrotech:textures/gui/book/photo/campfire_02.png"
      ]
    },
    {
      "type": "text",
      "text": "最后，使用任何$(l:appendix/ignition)点火装置$()来引燃它。$(p)$(italic)~ 作者的逼逼$()$(p)我曾有过一个$(item)篝火$()，非常像左边插图的那个。因为那次经验，或者因为你缺乏经验，我会告诉你：在外边围着篝火烧烤真的很快乐，可惜事实并非如此。"
    },
    {
      "type": "text",
      "text": "我不得不告诉你从如此多饥饿的夜晚吸取的教训：$(info_cn)千万不要丢下正烤着的食物！$(p)以及$(info_cn)锹可以铲走灰烬$(info_cn)$(item)篝火$()可以被雨或者是一桶水所浇灭。"
    },
    {
      "type": "relations",
      "entries": [
        "appendix/ignition",
        "adapt/plant_fibers_dried",
        "gather/sticks",
        "survive/food_roasted"
      ]
    }
  ]
}
