{
  "name": "篝火效果",
  "icon": "pyrotech:campfire",
  "category": "survive",
  "pages": [
    {
      "type": "image",
      "title": "篝火效果",
      "border": false,
      "images": [
        "pyrotech:textures/gui/book/photo/campfire_effects_progression_00.png"
      ]
    },
    {
      "type": "campfire_effect",
      "title": "舒适",
      "image": "pyrotech:textures/potions/comfort.png",
      "text": "在晚上时，站在篝火旁一定范围来获得$(thing)舒适$()效果。$(p)$(info) $(thing)舒适$()效果使进食的回复效果更好。$(p)$(warning)如果附近有怪物在游荡，这个效果就会消失。"
    },
    {
      "type": "campfire_effect",
      "title": "吃饱喝足",
      "image": "pyrotech:textures/potions/well_fed.png",
      "text": "在有$(thing)舒适$()效果时吃很多食物即可获得$(thing)吃饱喝足$()效果。$(p)$(info) $(thing)吃饱喝足$()效果会增加你的耐力。$(p)$(warning)这个效果会在效果时间结束后消失。"
    },
    {
      "type": "campfire_effect",
      "title": "小憩",
      "image": "pyrotech:textures/potions/resting.png",
      "text": "在晚上时，站在篝火旁一定范围不动来获得$(thing)小憩$()效果。$(p)$(info) $(thing)小憩$()效果可以缓慢地回复生命。$(p)$(info)一直站着可以提升$(thing)小憩$()效果的等级。$(p)$(warning)如果附近有怪物在游荡，这个效果就会消失。"
    },
    {
      "type": "campfire_effect",
      "title": "精力充沛",
      "image": "pyrotech:textures/potions/well_rested.png",
      "text": "在有$(thing)小憩$()效果时站在篝火旁不动就能获得$(thing)精力充沛$()效果。$(p)$(info) $(thing)精力充沛$()增加两颗心的“专心致志”生命值。$(p)$(warning)这个效果会在效果时间结束后消失。"
    },
    {
      "type": "campfire_effect",
      "title": "聚精会神",
      "image": "pyrotech:textures/potions/focused.png",
      "text": "在有所有篝火效果时站着不动来增加$(thing)聚精会神$()效果的持续时间。$(p)$(info) $(thing)聚精会神$()效果会增加获得的经验。$(p)$(warning)当你获得经验时，这个效果就会消失。"
    }
  ]
}
