{
  "name": "烤熟的食物",
  "icon": "pyrotech:apple_baked",
  "category": "survive",
  "pages": [
    {
      "type": "text",
      "text": "  烧烤你的食物 - $(italic)就是把你的食物放在$(item)炉$()$(italic)或者$(item)篝火$()$(italic)上蒸煮的行为$() - 烧烤不仅仅能够增强食物的口感，$(info_cn)还能提供更多的饱食度。"
    },
    {
      "type": "smelting",
      "recipe": "minecraft:apple",
      "recipe2": "minecraft:egg"
    },
    {
      "type": "smelting",
      "recipe": "minecraft:carrot",
      "recipe2": "minecraft:beetroot"
    },
    {
      "type": "smelting",
      "recipe": "minecraft:brown_mushroom",
      "recipe2": "minecraft:red_mushroom"
    }
  ]
}
