{
  "name": "粗制锤子",
  "icon": "pyrotech:crude_hammer",
  "category": "survive_tools",
  "pages": [
    {
      "type": "crafting",
      "recipe": "pyrotech:crude_hammer",
      "text": "$(thing)锤子$()被用在$(item)工作桌$()和$(item)砧台$()上。$(p)$(info_cn)$(item)简陋的锤$()是你能制作的最简单的锤子！"
    },
    {
      "type": "relations",
      "entries": [
        "survive/rocks",
        "survive/worktable",
        "gather/sticks",
        "gather/plant_fibers",
        "adapt/anvil_granite",
        "bloom/anvil_ironclad"
      ]
    }
  ]
}