{
  "name": "石块",
  "icon": "pyrotech:rock:0",
  "category": "survive_tools",
  "pages": [
    {
      "type": "image",
      "border": true,
      "images": [
        "pyrotech:textures/gui/book/photo/rock_00.png"
      ]
    },
    {
      "type": "rt_anvil_recipe",
      "recipe": "pyrotech:cobblestone_to_rocks",
      "text": "$(item)石块$()能在大多数区域的地面上被发现。$(p)使用低端工具采矿时可能掉落$(item)石块$()。$(p)还可以通过$(item)砧台$()制作石块。"
    },
    {
      "type": "rrr_anvil_recipe",
      "recipe": "pyrotech:cobbled_andesite_to_rocks",
      "recipe2": "pyrotech:cobbled_diorite_to_rocks",
      "recipe3": "pyrotech:cobbled_granite_to_rocks"
    },
    {
      "type": "text",
      "text": "如果你遭到了袭击 - $(italic)一种侵略性、暴力、有害的行为$() - 选择记住以下几点会比较明智：$(p)$(info_cn) 丢$(item)石块$()会被认为是一种侵略性、暴力、有害的行为。$(p)$(info_cn) 放下$(item)石块$()来装饰小路却不是侵略性、暴力和有害的行为。"
    },
    {
      "type": "rt_anvil_recipe",
      "anchor": "limestone",
      "recipe": "pyrotech:cobbled_limestone_to_rocks",
      "text": "$(item)石灰岩块$()可以用$(item)砧台$()制作，还可以在使用低端工具挖掘$(item)石灰岩$()时掉落。"
    },
    {
      "type": "relations",
      "entries": [
        "adapt/anvil_granite",
        "adapt/tools_hammers",
        "bloom/anvil_ironclad",
        "gather/stone_cobbled",
        "gather/limestone"
      ]
    }
  ]
}
