{
  "name": "粗制工具",
  "icon": "pyrotech:crude_pickaxe",
  "category": "survive_tools",
  "pages": [
    {
      "type": "text",
      "text": "$(item)粗制工具$()用$(item)木棍$()和$(item)石块$()制成。$(p)$(info_cn) 低端工具，比如$(item)粗制工具$()，与更好的工具相比，或许会收获较少的资源。"
    },
    {
      "type": "crafting",
      "recipe": "pyrotech:tool/crude_pickaxe",
      "recipe2": "pyrotech:tool/crude_axe"
    },
    {
      "type": "crafting",
      "recipe": "pyrotech:tool/crude_hoe",
      "recipe2": "pyrotech:tool/crude_shovel"
    },
    {
      "type": "relations",
      "entries": [
        "survive/rocks",
        "gather/sticks",
        "gather/plant_fibers"
      ]
    }
  ]
}