{
  "name": "工作桌",
  "icon": "pyrotech:worktable",
  "category": "survive",
  "pages": [
    {
      "type": "text",
      "text": "$(item)工作桌$()能提供你一片必要的空间来提升你的制作能力。$(p)当使用$(item)工作桌$()时，把原料放在上边，然后用锤子$(use)。"
    },
    {
      "type": "crafting",
      "recipe": "pyrotech:tech/basic/worktable"
    },
    {
      "type": "relations",
      "entries": [
        "survive/chopping_block"
      ]
    }
  ]
}