{
  "name": "魔灵清洁工",
  "icon": "occultism:brush",
  "category": "occultism:rituals/summoning",
  "sortnum": 13,
  "pages": [
    {
      "type": "text",
      "text": "清洁工会拾取地上掉落的物品并将其存放到指定容器中。你可以配置物品的黑白名单来控制应该拾取和忽略的物品。你也可以使用标签针对一整类物品进行控制。"
    },
    {
      "type": "occultism:ritual",
      "recipe": "occultism:ritual/summon_foliot_cleaner"
    }
  ]
}

