{
  "name": "巨灵机器操作员",
  "icon": "minecraft:lever",
  "category": "occultism:rituals/summoning",
  "sortnum": 15,
  "pages": [
    {
      "type": "text",
      "text": "机器操作员能将在维度存储促动器 GUI 里选定的物品传输到其管理的机器，并将合成结果返回到存储系统。它们也能用来将箱子里的物品自动搬到存储促动器。"
    },
    {
      "type": "occultism:ritual",
      "recipe": "occultism:ritual/summon_djinni_manage_machine"
    }
  ]
}

