{
  "name": "野生具翼",
  "icon": "occultism:textures/gui/book/otherworld_bird.png",
  "category": "occultism:rituals/summoning",
  "sortnum": 16,
  "pages": [
    {
      "type": "entity",
      "entity": "occultism:otherworld_bird",
      "text": "$(bold)提供$()：一只可驯服的具翼"
    },
    {
      "type": "occultism:ritual",
      "recipe": "occultism:ritual/summon_wild_otherworld_bird"
    },
    {
      "type": "text",
      "text": "请参阅$(l:rituals/familiars/familiar_otherworld_bird)具翼使魔$(/l)一节获取详细信息。"
    }
  ]
}

