{
  "name": "时间魔法",
  "icon": "minecraft:clock",
  "category": "occultism:rituals/summoning",
  "sortnum": 31,
  "pages": [
    {
      "type": "text",
      "text": "时间魔法的局限性很大，无法将魔法师送到过去或者未来，只能改变当前所在的时间。这对于需要在白天或夜晚进行的仪式或其他任务很有用。"
    },
    {
      "type": "occultism:ritual",
      "recipe": "occultism:ritual/summon_djinni_day_time"
    },
    {
      "type": "occultism:ritual",
      "recipe": "occultism:ritual/summon_djinni_night_time"
    }
  ]
}

