{
  "flag": "mod:byg",
  "secret": true,
  "name": "BYG包",
  "icon": "buddycards:pack.4",
  "category": "buddycards:sets",
  "sortnum": 3,
  "pages": [
    {
      "type": "text",
      "text": "巴迪卡牌的BYG（Oh The Biomes You'll Go 模组缩写，你将去的生物群系）包获取比较棘手，你必须在世界各地找到三种不同的BYG物品。BYG包中一共有27张牌，此外还对应有闪卡与不同等级的卡片。$(br2)为了获取BYG卡牌，你必须制作对应的BYG卡牌包。"
    },
    {
      "type": "crafting",
      "title": "BYG包",
      "recipe": "buddycards:byg/byg_pack",
      "text": "要制作它你必须寻找隐藏在原版世界中的三样物品，将它们与巴迪钢和另一个卡牌包进行合成。每个物品可能来自于各个维度中的某个群系。"
    },
    {
      "type": "spotlight",
      "title": "BYG卡牌",
      "item": "buddycards:card.4.3",
      "text": "byg卡牌包, 同其它大多数卡牌包一样，总共会给予4张卡牌，它们之中只有一张会是闪卡。$(br2)卡牌按稀有度分为四个等级：普通的、常见的、稀有的和史诗的。你可以通过卡牌角落的颜色来区分它们。"
    },
    {
      "type": "spotlight",
      "title": "BYG卡牌",
      "item": "buddycards:card.4.21{\"foil\":true}",
      "text": "卡牌序号 1-12 稀有度为普通卡，卡牌角落不带有颜色；卡牌序号 13-21 是不寻常卡，带有两个黄角；卡牌序号 22-25 是稀有卡，带有四个蓝角，以及26号和27卡片是带有2个黄角2个紫角的史诗卡。闪卡和非闪卡有着相同的稀有度。"
    },
    {
      "type": "spotlight",
      "item": "buddycards:medal.4",
      "title": "BYG包勋章",
      "text": "无论是闪卡还是非闪卡，BYG包勋章在集齐全部27张BYG包卡片后会自动获得。装备上勋章后，它会给你提供跳跃提升I的增益效果。",
      "link_recipe": true
    },
    {
      "type": "relations",
      "title": "勋章魔咒",
      "entries": [
        "buddycards:enchantments/buddy_binding",
        "buddycards:enchantments/buddy_boost"
      ],
      "text": "勋章还可以附魔上『巴迪绑定』和『巴迪提升』。巴迪提升I会把勋章的增益效果增强为跳跃提升I和速度I，巴迪提升II则增强为跳跃提升II和速度I。"
    }
  ]
}