{
  "flag": "mod:farmersdelight",
  "secret": true,
  "name": "农夫乐事包",
  "icon": "buddycards:pack.7",
  "category": "buddycards:sets",
  "sortnum": 6,
  "pages": [
    {
      "type": "text",
      "text": "巴迪卡牌的农夫乐事卡牌并不难收集，因为它可以随意通过种植获得。它包含总共 18 张卡片，此外你也可以收集闪卡与不同等级的卡片。$(br2)要获得这些农夫乐事卡牌，你需要通过收获作物来偶尔发现它们。"
    },
    {
      "type": "spotlight",
      "title": "巴迪豆",
      "item": "buddycards:buddybeans",
      "text": "在使用巴迪钢刀收货作物时偶尔会发现巴迪豆。巴迪豆可以食用，但并不推荐这么做。你需要巴迪豆来制作农夫乐事卡牌包。",
      "link_recipe": true
    },
    {
      "type": "spotlight",
      "item": "buddycards:shredded_buddycard",
      "text": "为了制作农夫乐事卡牌包，你首先要制作粉碎的巴迪卡牌，通过使用刀和砧板将你多余的卡牌切碎可以获得。",
      "link_recipe": true
    },
    {
      "type": "spotlight",
      "title": "农夫乐事卡牌包",
      "item": "buddycards:pack.7",
      "text": "农夫乐事卡牌包需要通过烹饪培根、糖以及 2 个粉碎的巴迪卡牌和 2 个巴迪豆来获得。一旦煮熟了，就需要将锅中的含糖物质摆放到粗布上，这会将它变为农夫乐事卡牌包。",
      "link_recipe": true
    },
    {
      "type": "spotlight",
      "title": "农夫乐事卡牌",
      "item": "buddycards:card.7.1",
      "text": "农夫乐事卡牌包不同于大多数卡牌包，总共会给予 3 张卡牌，它们之中只有一张会是闪卡,以及一个什锦巴迪软糖。$(br2)卡牌按稀有度分为四个等级：普通的、常见的、稀有的和史诗的。你可以通过卡牌角落的颜色来区分它们。"
    },
    {
      "type": "spotlight",
      "title": "农夫乐事卡牌",
      "item": "buddycards:card.7.10{\"foil\":true}",
      "text": "卡牌序号 1-7 稀有度为普通卡，卡牌角落不带有颜色；卡牌序号 8-13 是不寻常卡，带有两个黄角；卡牌序号 14-16 是稀有卡，带有四个蓝角，以及 17 号和 18 卡片是带有 2 个黄角 2 个紫角的史诗卡。闪卡和非闪卡有着相同的稀有度。"
    },
    {
      "type": "spotlight",
      "title": "巴迪软糖",
      "item": "buddycards:assorted_gummies",
      "text": "每个农夫乐事卡牌包也会开出可食用的巴迪软糖卡，一种可食用的卡牌。 它们有6种味道，可以用刀切成各种各样的小软糖。这种什锦巴迪软糖能补充与巴迪软糖卡相同的饥饿值",
      "link_recipe": true
    },
    {
      "type": "spotlight",
      "item": "buddycards:medal.7",
      "title": "农夫乐事包勋章",
      "text": "无论是闪卡还是非闪卡，农夫乐事包勋章在集齐全部 27 张农夫乐事包卡片后会自动获得。装备上勋章后，它会给你提供滋养I的增益效果。",
      "link_recipe": true
    },
    {
      "type": "relations",
      "title": "勋章魔咒",
      "entries": [
        "buddycards:enchantments/buddy_binding",
        "buddycards:enchantments/buddy_boost"
      ],
      "text": "勋章可以附魔上『巴迪绑定』和『巴迪提升』。如果你附魔了巴迪提升，在满饥饿值的情况下会获得额外增益。巴迪提升I会给予你舒适I，而巴迪提升II会给予你速度提升I和舒适I。"
    }
  ]
}