{
  "name": "自动型铁砧",
  "icon": "industrialforegoing:enchantment_applicator",
  "category": "misc",
  "sortnum": 3,
  "read_by_default": true,
  "pages": [
    {
      "type": "text",
      "text": "这台机器像铁砧一样运作，不过它不消耗经验而是消耗$(l:agr_hus/essence)精华液$()。当所需消耗的精华液过多时，可以在上方摆放储液罐，让它从上方获取精华液。"
    },
    {
      "type": "crafting",
      "recipe": "industrialforegoing:enchantment_applicator"
    }
  ]
}