{
  "modifier_id": "tconstruct:luck",
  "text": [
    {
      "text": "增加挖掘方块和杀死怪物时的掉落。每一级幸运的配方都不同，并需要按顺序升级。"
    },
    {
      "text": "护腿也能加持幸运能力（至多一次），能够在使用匠魂的工具或武器时增加方块和怪物的掉落。",
      "paragraph": true
    }
  ],
  "more_text_space": true,
  "effects": [
    "最高3级",
    "第1级需要1个能力槽",
    "第2级和第3级无需槽位"
  ]
}
