{
    "name": "植被增加",
    "icon": "minecraft:wheat_seeds",
    "category": "effects",
    "advancement": "naturesaura:positive_imbalance",
    "pages": [
        {
            "type": "text",
            "text": "当区域内$(#419600)灵气$()含量高到不稳定，它会迁移到附近的植物中, 具体来说有$(item)水稻$()、$(item)土豆$()等等。这会使它们$(thing)加速生长$()，同时，区域内$(#419600)灵气$()将会少量减少。"
        },
        {
            "type":"text",
            "text":"此现象会在$(l:items/eye)环境之眼$()计量槽到达四分之三时变得明显。$(br)这一效应被认为只会在$(thing)主世界$()发生。"
        },
        {
            "type": "naturesaura:tree_ritual",
            "recipe": "naturesaura:plant_powder",
            "text": "这一效应可用$(l:effects/effect_powder)稳生之粉$()抑制。"
        }
    ]
}
