{
    "name": "自然祭坛",
    "icon": "naturesaura:nature_altar",
    "category": "using",
    "advancement": "naturesaura:aura_bottle_overworld",
    "priority": true,
    "turnin": "naturesaura:infused_materials",
    "pages": [
        {
            "type": "text",
            "text": "早期收集$(#419600)灵气$()的一种基本但有效的方法是$(item)自然祭坛$()。创建了接下来几页展示的配置后祭坛会开始慢慢地吸收周围的$(#419600)灵气$()。然而，它没有足够的强度来造成重大的破坏，即不会不停抽取$(#419600)灵气$()直到周围区枯竭。$(br)被收集的$(#419600)灵气$()能被接下来几页展示的方法使用。"
        },
        {
            "type": "multiblock",
            "multiblock_id": "naturesaura:altar",
            "text": "如何搭建$(item)自然祭坛$()"
        },
        {
            "type": "naturesaura:tree_ritual",
            "text": "使用$(l:practices/tree_ritual)森林仪式$()合成$(item)自然祭坛$()。",
            "recipe": "naturesaura:nature_altar"
        },
        {
            "type": "crafting",
            "recipe": "naturesaura:gold_brick",
            "text": "合成$(item)金色石砖$()，一种用来搭建$(item)自然祭坛$()多方块结构的建筑材料"
        },
        {
            "type": "text",
            "text": "当$(l:collecting/altar)自然祭坛$()已经收集了足够的$(#419600)灵气$()时，它可以用某些物质注入物品，将其转化为更为强力的材料。做法是将任意材料类物品放置在祭坛核心上，然后等待转换完成。$(br2)接下来的页面将列举出植物学家经常需要的强力材料。"
        },
        {
            "type": "naturesaura:altar",
            "text": "制造$(item)灌注铁锭$()，一种被$(#419600)灵气$()的力量祝福的材料，可以被用于制造多种魔法性的$(thing)自然物品$()。$(br)注意：材料的方块形式同样可以被注入。",
            "recipe": "naturesaura:infused_iron"
        },
        {
            "type": "naturesaura:altar",
            "text": "制造$(item)灌注石$()，一种用$(#419600)灵气$()灌注的尘世材料。",
            "recipe": "naturesaura:infused_stone"
        }
    ]
}
