{
  "name": "实体过滤器",
  "icon": "minecraft:skull:3",
  "category": "base_concepts",
  "pages": [
    {
      "type": "text",
      "text": "$(thing)实体过滤器/$在$(pncr)中的很多处被使用，用以指定机器或工具应对哪些$(thing)实体/$进行操作。$(p)在大多数可供输入实体过滤处，可以通过长安按 $(thing)F1/$ 显示悬浮帮助。"
    },
    {
      "type": "text",
      "text": "要指定特定实体，无论其属于同一类型（如 Creeper，即爬行者）或具有同一名称（如名为 MineMaarten 的玩家），只需输入实体名称。$(p)要指定某种实体$(italic)类型/$（如，被动型生物，攻击型生物，任意玩家），在类型名前添加字符 @。下列是完整的过滤语法列表，包括所有合法的$(thing) @ 标识符/$。"
    },
    {
      "type": "text",
      "title": "例",
      "text": "$(li)$(#800)@player/$ 匹配所有玩家$(li)$(#800)@mob/$ 匹配所有攻击性生物$(li)$(#800)@animal/$ 匹配所有被动型生物（动物）$(li)$(#800)@animal(age = adult)/$ 匹配所有成年动物$(li)$(#800)@animal(age = baby)/$ 匹配所有幼年动物$(li)$(#800)@animal(breedable = yes)/$ 匹配所有可被立刻喂食的动物$(li)$(#800)@minecart/$ 匹配矿车"
    },
    {
      "type": "text",
      "title": "例（续表)",
      "text": "$(li)$(#800)@boat/$ 匹配船$(li)$(#800)@living/$ 匹配所有生物$(li)$(#800)@item/$ 匹配物品实体$(li)$(#800)@drone/$ 匹配$(l:tools/drone)无人机/$$(li)$(#800)Creeper/$ 匹配爬行者$(li)$(#800)MineMaarten/$ 匹配名为'MineMaarten'的实体$(li)$(#800)c*/$ 匹配任何（英文）名称以字符 c 开头的实体（如 Creeper|爬行者，或Cow|牛）。$(li)$(#800)*pig*/$ 匹配任何（英文）名称含有字符串 pig 的实体（如 Pig|猪，或 Zombie Pigman|僵尸猪人）。"
    },
    {
      "type": "text",
      "text": "所有匹配都忽略大小写，也即，$(#800)zombie/$ 和 $(#800)Zombie/$ 都将匹配 Zombie|僵尸。$(p)可以使用 ;（半角分号）作为分割符输入匹配$(thing)序列/$——这里的匹配为$(italic)匹配任意/$：$(li)$(#800)creeper;zombie/$ 将匹配 Creeper|爬行者 $(italic)和/$ Zombie|僵尸。"
    },
    {
      "type": "text",
      "text": "可以在过滤前添加字符“!”以将过滤反转：$(li)$(#800)!@player/$ 匹配任何$(italic)非/$玩家的实体$(li)$(#800)!Creeper;Zombie/$ 匹配任何$(italic)既/$不为 Creeper|爬行者 $(italic)又/$不为 Zombie|僵尸$(li)$(#800)Creeper;!Zombie/$ 是$(f00)无效的/$: “!” 仅可出现在过滤的开头。/$$(p)$(bold)注：/$对于$(l:tools/drone)无人机/$中使用$(l:programming/text)文本/$拼图标记的实体过滤器，不支持 “!” 标记；像其余过滤一样，在左侧连接文本。"
    },
    {
      "type": "relations",
      "entries": [
        "tools/micromissiles",
        "tubes/air_grate_module",
        "armor/pneumatic_helmet",
        "machines/sentry_turret",
        "machines/universal_sensor",
        "programming/text"
      ],
      "text": "$(italic)使用实体过滤的机器和工具/$"
    }
  ]
}