{
  "name": "起步",
  "icon": "pneumaticcraft:textures/gui/gui_no_problem.png",
  "category": "base_concepts",
  "priority": "true",
  "pages": [
    {
      "type": "text",
      "text": "$(li)获取一些$(thing)铁/$；铁锭或是铁块。开始时，最好有约一组的铁锭。$(li)将其扔在地上，并将其炸掉。对，真的。$(li)收集爆炸产生的$(thing)压缩铁/$（比原来的铁要少一些）。$(li)制作一些$(l:tubes/pressure_tubes)压力管道/$。$(li)建造一个$(l:manufacturing/pressure_chamber)压力室/$。"
    },
    {
      "type": "text",
      "text": "自此之后，该手册的更多部分将会解锁，基于你在$(pncr)的发展过程中达成的的$(thing)进度/$。查看该模组的进度页获取下一步发展的指导（完成某些进度也会给予$(thing)经验/$，算是锦上添花）。"
    }
  ]
}