{
  "name": "机器窗口基本概念",
  "icon": "minecraft:paper",
  "category": "base_concepts",
  "pages": [
    {
      "type": "text",
      "text": "$(pncr)中大多数机器都有一个界面，包含有几个$(thing)侧页标签页/$。有些标签页为所有机器共有，而有些标签页仅在部分机器中存在。以下是一些常见的标签页："
    },
    {
      "type": "text",
      "text": "$(li)$(bold)红石行为/$：配置机器应当如何响应或发出红石信号。$(li)$(bold)信息/$：显示关于该机器用途的（静态）信息。$(li)$(bold)升级/$：显示该机器接受的升级，以及其在该机器中的功效。"
    },
    {
      "type": "text",
      "text": "$(li)$(bold)压力状态/$：显示机器目前所处的压力，以及该机器的空气容量。$(li)$(bold)问题/$：若机器并不正常工作，指出问题所在。"
    },
    {
      "type": "image",
      "text": "一个含有三个标签页的界面：压力状态，问题（在此为无），与机器特定的装配线控制器状态标签页",
      "images": [
        "pneumaticcraft:textures/wiki/gui_tabs.png"
      ],
      "border": "false"
    }
  ]
}