{
  "name": "热量",
  "icon": "minecraft:blaze_powder",
  "category": "base_concepts",
  "pages": [
    {
      "type": "text",
      "text": "$(pncr)添加了$(thing)热量/$系统。热量在方块之间传递，正如现实生活中。这一传递与$(base_concepts/pressure)压力传播/$的机制也有相似之处：$(li)热量从热的物体传向冷的物体。$(li)方块只会将热量传递到相邻的支持热量的方块（见$(l:base_concepts/heat_sources)热源/$）。"
    },
    {
      "type": "text",
      "text": "$(li)温差越大，热量传递越快。$(li)不同物体具有不同的$(thing)热阻抗/$。$(item)火把/$与$(item)空气/$具有很高的阻抗，而$(l:base_concepts/basic_materials#compressed_iron_block)压缩铁块/$具有很低的阻抗。$(thing)热阻抗/$决定热量在物体间传递的速率。"
    },
    {
      "type": "text",
      "text": "$(li)不同物体具有不同的$(thing)热容$/。热容越高，获得给定热量使物体升高的温度越低；对于失去热量同理。换言之，需要更多$(thing)热量/$以提升高热容方块的$(thing)温度/$，但相应的，在失去热量时温度变化也更慢。"
    },
    {
      "type": "text",
      "title": "隔热",
      "anchor": "insulation",
      "text": "若机器暴露在空气中，其将会向空气散发热量；这一现象对于$(l:manufacturing/refinery)精炼厂/$尤为明显，因为其具有大量暴露在空气中的面；但这对于其余导热方块同样存在，包括$(l:base_concepts/basic_materials#compressed_iron_block)压缩铁块/$。$(p)要避免这一热量损失，确保没有任何面被暴露在空气中；任何非导热方块都可做到这一点。甚至不需要为完整方块：$(item)活板门/$与$(item)台阶/$同样可以做到这一点。"
    },
    {
      "type": "text",
      "title": "热源",
      "text": "$(pncr)中的一部分机器产生需要被散去的热量，而另一些需要吸收热量才能工作。$(p)因此，需要$(l:base_concepts/heat_sources)找到一些办法/$操纵机器的温度……"
    },
    {
      "type": "spotlight",
      "flag": "mod:toughasnails",
      "title": "意志坚定模组",
      "item": "toughasnails:thermometer",
      "text": "介于安装了$(l:https://www.curseforge.com/minecraft/mc-mods/tough-as-nails)意志坚定/$模组，你需要注意冷或热的$(pncr)机器，因为这些方块将会影响玩家的体温！$(p)被$(l:base_concepts/heat#insulation)隔热/$的方块的这一影响将会更小。"
    }
  ]
}
