{
  "name": "压力",
  "icon": "pneumaticcraft:pressure_tube",
  "category": "base_concepts",
  "pages": [
    {
      "type": "text",
      "text": "压缩空气是$(pncr)中的$(thing)能量系统/$，而这一系统是基于真实世界中依靠压力运转的机器的。$(p)$(li)压缩空气是由一系列称作$(thing)压缩机/$的机器$(italic)生产的/$，而这些压缩机有很多种。$(li)所有可被加压的机器都具有一项称为$(thing)容量/$（以 mL 计）的属性，代表在一个标准大气压（或者说，$(ttcolor)$(t:与现实生活中使用 1 bar 表示一个标准大气压不同，该模组使用 0 bar 表示这一值。)0 bar/$）下其可存储的空气量。"
    },
    {
      "type": "text",
      "text": "$(li)一台机器所处的$(thing)压力 P/$可以以下列方法计算：$(p)  $(formula)P = (A / V) - 1/$$(p)其中 $(formula)V/$ 代表$(thing)容量/$，$(formula)A/$ 代表该机器目前含有的$(thing)空气/$量。例：存储有 20000mL $(thing)空气/$的$(thing)容量/$为 5000mL 的机器具有 $(thing)3 bar/$ 的压力。$(li)大多数机器的容量都可以使用$(l:base_concepts/upgrades#volume)容量升级/$提升，这意味着相等空气量变化导致的压力变化更小。"
    },
    {
      "type": "text",
      "text": "$(li)空气的流向为从压力高的方块流向压力低的方块。未正确连接的$(l:tubes/pressure_tubes)压力管道/$或机器将会导致巨大的$(thing)空气泄漏/$，意味着压力损失！空气泄漏具有嘶嘶的音效，以及向方块外的粒子效果。$(li)压力试图平衡。将容量较小的机器连接到一个大容量的空气容器（比如说$(l:manufacturing/pressure_chamber)压力室/$）将会使机器中的压力累加。"
    },
    {
      "type": "text",
      "text": "$(li)压力会对机器的内侧以及$(l:tubes/pressure_tubes)压力管道/$施加压力。施加过大的压力会导致一次快速的释压，亦称为$(thing)爆炸/$。特定机器爆炸的危险压力在这一机器的界面中的压力表中以红色区域标识，但具体的爆炸阈值不可被预测。"
    },
    {
      "type": "text",
      "text": "$(li)需要认识到，尽管很多机器的运行要求具有$(thing)最小压力/$，机器所执行的操作消耗$(thing)空气/$而非$(thing)压力/$；压力不过是所存储的空气与容量的一个函数。"
    }
  ]
}
