{
    "name": "升级",
    "icon": "pneumaticcraft:volume_upgrade",
    "category": "base_concepts",
    "pages": [
        {
            "type": "text",
            "text": "$(thing)升级/$为一些可被合成的物品，可以安装在机器和一些工具上以在某些方面增强其功能。需要使用$(l:machines/charging_station)充气站/$向工具安装升级。$(p)升级对于机器的具体效应随机器而异；这一效应对于机器在其界面中显示，对于工具在充气站的升级界面中显示。"
        },
        {
            "type": "crafting",
            "anchor": "volume",
            "recipe": "pneumaticcraft:volume_upgrade",
            "text": "容量升级的合成表"
        },
        {
            "type": "crafting",
            "anchor": "dispenser",
            "recipe": "pneumaticcraft:dispenser_upgrade",
            "text": "发射器升级的合成表"
        },
        {
            "type": "crafting",
            "anchor": "item_life",
            "recipe": "pneumaticcraft:item_life_upgrade",
            "text": "物品寿命升级的合成表"
        },
        {
            "type": "crafting",
            "anchor": "entity_tracker",
            "recipe": "pneumaticcraft:entity_tracker_upgrade",
            "text": "实体追踪升级的合成表"
        },
        {
            "type": "crafting",
            "anchor": "block_tracker",
            "recipe": "pneumaticcraft:block_tracker_upgrade",
            "text": "方块追踪升级的合成表"
        },
        {
            "type": "crafting",
            "anchor": "speed",
            "recipe": "pneumaticcraft:speed_upgrade",
            "text": "速度升级的合成表$(p)$(bold)注：/$可以使用装有$(l:components/lubricant)润滑油/$的$(l:machines/liquid_hopper)流体漏斗/$（或其余模组的储罐）一次性合成多个速度升级"
        },
        {
            "type": "crafting",
            "anchor": "search",
            "recipe": "pneumaticcraft:search_upgrade",
            "text": "物品搜寻升级的合成表"
        },
        {
            "type": "crafting",
            "anchor": "coordinate_tracker",
            "recipe": "pneumaticcraft:coordinate_tracker_upgrade",
            "text": "坐标追踪升级的合成表"
        },
        {
            "type": "crafting",
            "anchor": "range",
            "recipe": "pneumaticcraft:range_upgrade",
            "text": "范围升级的合成表"
        },
        {
            "type": "crafting",
            "anchor": "security",
            "recipe": "pneumaticcraft:security_upgrade",
            "text": "安全升级的合成表"
        },
        {
            "type": "crafting",
            "anchor": "magnet",
            "recipe": "pneumaticcraft:magnet_upgrade",
            "text": "磁铁升级的合成表"
        },
        {
            "type": "crafting",
            "anchor": "thaumcraft",
            "flag": "mod:thaumcraft",
            "recipe": "pneumaticcraft:thaumcraft_upgrade",
            "text": "神秘时代升级的合成表"
        },
        {
            "type": "crafting",
            "anchor": "charging",
            "recipe": "pneumaticcraft:charging_upgrade",
            "text": "充气升级的合成表"
        },
        {
            "type": "crafting",
            "anchor": "armor",
            "recipe": "pneumaticcraft:armor_upgrade",
            "text": "护甲升级的合成表"
        },
        {
            "type": "crafting",
            "anchor": "jet_boots",
            "recipe": "pneumaticcraft:jet_boots_upgrade",
            "text": "喷射鞋升级的合成表"
        },
        {
            "type": "crafting",
            "anchor": "night_vision",
            "recipe": "pneumaticcraft:night_vision_upgrade",
            "text": "夜视升级的合成表"
        },
        {
            "type": "crafting",
            "anchor": "scuba",
            "recipe": "pneumaticcraft:scuba_upgrade",
            "text": "水肺升级的合成表"
        },
        {
            "type": "crafting",
            "flag": "mod:toughasnails",
            "anchor": "air_conditioning",
            "recipe": "pneumaticcraft:air_conditioning_upgrade",
            "text": "空调升级的合成表"
        }
    ]
}