{
  "name": "技工",
  "icon": "minecraft:emerald",
  "category": "base_concepts",
  "pages": [
    {
      "type": "text",
      "text": "你听说了关于一位存货有一些$(pncr)组件的$(thing)村民/$的报告。似乎其被牵扯到一场$(l:manufacturing/pressure_chamber)压力室/$的事故中？"
    },
    {
      "type": "entity",
      "name": "Mechanic",
      "entity": "minecraft:villager{ProfessionName:'pneumaticcraft:mechanic'}",
      "text": "$(italic)并不喜欢 $(l:tools/amadron_tablet)Amadron/$."
    }
  ]
}