{
  "name": "银盔甲",
  "icon": "mysticalworld:silver_chestplate",
  "category": "items",
  "pages": [
    {
      "type": "spotlight",
      "item": "mysticalworld:silver_ingot",
      "text": "银给盔甲带来了漂亮的光泽，还能增加攻击的威力，并且伤害任何撞向你的不死生物！"
    },
    {
      "type": "crafting",
      "recipe": "mysticalworld:silver_helmet",
      "recipe2": "mysticalworld:silver_chestplate"
    },
     {
      "type": "crafting",
      "recipe": "mysticalworld:silver_leggings",
      "recipe2": "mysticalworld:silver_boots"
    }
  ]
}
