{
  "name": "菌丝网络产能反应堆",
  "icon": "industrialforegoing:mycelial_reactor",
  "category": "industrialforegoing:generators",
  "sortnum": 2,
  "read_by_default": true,
  "pages": [
    {
      "type": "text",
      "text": "这台反应堆机器通过一种$(6)菌丝网络$()（一种包含大量活体植物真菌的称之为菌丝的子空间域）能够检测到其它$(6)菌丝网络发电机$()的运作，同时产出极其巨量的FE能量。$(br2)为了反应堆的运行，其它菌丝网络发电机需要同时处于运作状态。"
    },
    {
      "type": "text",
      "text": "也许在未来会出现新的菌丝网络技术。"
    }
  ]
}