{
  "flag": "mod:farmersdelight",
  "secret": true,
  "name": "巴迪钢刀",
  "icon": "buddycards:buddysteel_food_knife",
  "category": "buddycards:buddysteel",
  "sortnum": 4,
  "pages": [
    {
      "type": "text",
      "text": "巴迪钢刀不同于其他刀。当你收集更多的卡牌时，它会变得更尖锐，伤害更高。不过，这并不影响砧板上产物的数量。"
    },
    {
      "type": "crafting",
      "recipe": "buddycards:fd/buddysteel_food_knife",
      "text": "这是一个很不错的工具，但我个人更愿意把我的巴迪钢留下做更好的装备。"
    },
    {
      "type": "relations",
      "title": "魔咒",
      "entries": [
        "buddycards:enchantments/buddy_binding"
      ],
      "text": "除了一般可以在刀上获得的附魔，你还可以在巴迪钢刀上获得『巴迪绑定』。"
    }
  ]
}