{
  "name": "探测",
  "icon": "occultism:divination_rod",
  "category": "occultism:getting_started",
  "sortnum": 3,
  "pages": [
    {
      "type": "text",
      "text": "为了让开局更加容易，通过探测得到的物质现在也有合成配方了。$(bold)如果你想要完整体验，请跳过接下来的几页配方，直接阅读探测步骤。$()"
    },
    {
      "type": "spotlight",
      "item": "occultism:otherstone",
      "text": "使用$(thing)灵火$()净化$(item)安山岩$()可以得到异界石。"
    },
    {
      "type": "spotlight",
      "item": "occultism:otherworld_sapling",
      "text": "在$(thing)灵火$()中净化$(item)橡树树苗$()可以得到异界树苗。$(bold)注意$()：从这种树苗中长出的树看起来就像一颗普通橡树，你需要激活$(thing)第三只眼$()才能收获异界原木和树叶。"},
    {
      "type": "spotlight",
      "item": "occultism:divination_rod",
      "text": "异界物质在与魔灵的互动中扮演着重要的角色。由于这些物质十分稀有，而且无法以肉眼看见，所以需要使用特殊工具进行搜寻。探测杖就是这样的工具，它能利用异界物质与我们世界物质的相似性进行搜寻。"
    },
    {
      "type": "text",
      "text": "探测杖是一根木棍，顶端附着着一颗魔灵同调宝石。这颗宝石能与选定物质共振，这种振动又会被木棍放大，使其能探测附近的异界物质。$(br2)探测杖通过检测真实世界物质和异界物质的共振工作。将探测杖与一种真实世界物质同调，探测杖就能找到对应的异界方块。"},
    {
      "type": "text",
      "title": "探测杖的使用",
      "text": "手持探测杖 shift 右击一个方块就能让探测杖与其对应的异界方块同调。$(br)$(li)$(item)安山岩$() - $(item)异界石$()$(li)$(item)橡树原木$() - $(item)异界原木$()$(li)$(item)橡树树叶$() - $(item)异界树叶$()$(li)$(item)下界岩$() - $(item)艾瑟金属矿石$()$(br2)之后，长按右键直到探测杖的动画播放完毕。"},
    {
      "type": "text",
      "text": "动画播放完毕后，探测杖发现的最近的$(bold)符合条件方块会被白线高亮，而且能被穿墙看见$()。此外，你还能观察水晶来获得提示：全白的水晶意味着没有找到目标方块，全紫色的水晶意味着目标方块就在附近。在二者之间则表示目标方块离你有一定距离。$(bold)提示：$()在主世界，往$(bold)下$()看（详细见后几页的异界树丛）！"},
    {
      "type": "image",
      "border": "true",
      "images": [
        "occultism:textures/gui/book/rod_detected.png"
      ],
      "text": "水晶上的紫色小点指示着目标已经被探测到。"
    },
    {
      "type": "image",
      "border": "true",
      "images": [
        "occultism:textures/gui/book/rod_close.png"
      ],
      "text": "紫色占比例越大，你离目标越近。"
    },
    {
      "type": "text",
      "title": "异界树丛",
      "text": "异界树丛位于一类苍翠繁茂、杂草丛生的洞窟之中，洞中长着$(item)异界树$()，洞壁是$(item)异界石$()。在树丛能快速集齐新手魔法师起步需要的所有东西。要找到树丛，你需要将探测杖与异界树叶或原木同调。与异界石不同，它们只在树丛生成。"},
    {
      "type": "text",
      "title": "异界树",
      "text": "异界树在异界树丛中自然生成。在肉眼看来，它们只是橡树，但在第三只眼下它们则会露出真容。$(bold)重要事项：$()异界树苗只能通过手动破坏树叶获得，让树叶自然凋落只会掉落橡树树苗。从魔灵树苗交易者处获得的树苗，长出的树没有这种限制。"}
  ]
}
