{
  "name": "Herb Pouch",
  "icon": "roots:herb_pouch",
  "category": "crafting_armor_tools",
  "sortnum" : 4,
  "read_by_default": true,
  "pages": [
    {
      "type": "crafting",
      "recipe": "roots:herb_pouch",
      "text": "The simplest pouch that can be crafted without using a $(l:crafting/fey_crafter)fey crafter$(), this provides nine slots with which to store $(cat:herbs)herbs$() as reagents for spell-casting.$(br2)$(info) All pouches can be dyed to $(l:spells/component_pouches)differentiate them from others$()."
    },
    {
      "type": "relations",
      "anchor": "related",
      "entries": [
        "crafting/apothecary_pouch",
        "crafting/fey_leather_pouch",
        "crafting/fey_crafter",
        "spells/component_pouches"
      ]
    }
  ]
}