{
  "name": "Runed Dagger",
  "icon": "roots:runed_dagger",
  "category": "crafting_armor_tools_runed",
  "read_by_default": true,
  "pages": [
    {
      "type": "text",
      "text": "Sturdy and durable, retains the ability to naturally regenerate, albeit much slower compared with other tools.$(br2)$(info) Acting both as a $(l:crafting/knives)knife$() and a potent weapon, applies a bleeding effect that can stack up to 3 times."
    },
    {
      "type": "fey_crafting_template",
      "recipe": "runed_dagger"
    },
    {
      "type": "relations",
      "anchor": "related",
      "entries": [
        "crafting/knives"
      ]
    }
  ]
}