{
  "name": "Runed Plough",
  "icon": "roots:runed_hoe",
  "category": "crafting_armor_tools_runed",
  "read_by_default": true,
  "pages": [
    {
      "type": "text",
      "text": "Sturdy and durable, retains the ability to naturally regenerate, albeit much slower compared with other tools.$(br2)$(info) Not only does this plough hoe dirt in a 3x3 area, it also moisturizes the resulting farmland, similarly to the $(l:crafting/terrastone_hoe)terrastone hoe$()."
    },
    {
      "type": "fey_crafting_template",
      "recipe": "runed_hoe"
    },
    {
      "type": "relations",
      "anchor": "related",
      "entries": [
        "crafting/fey_crafter",
        "crafting/terrastone_hoe",
        "crafting/living_hoe",
        "resources/runed_obsidian"
      ]
    }
  ]
}