{
  "name": "Decorative Runed Obsidian",
  "icon": "roots:chiseled_runed_obsidian",
  "category": "crafting_decoration",
  "read_by_default": true,
  "pages": [
    {
      "type": "crafting",
      "recipe": "roots:runed_obsidian_chiseled",
      "text": "There are a number of decorative variants of $(l:resources/runed_obsidian)runed obsidian$(). $(br2)While $(l:rituals/standing_stones)standing stones$() require a cap of chiseled runestone, any one of the brick variants suffices for the base."
    },
    {
      "type": "crafting",
      "recipe": "roots:runed_obsidian_button",
      "recipe2": "roots:runed_obsidian_pressure_plate",
      "title": "Redstone Blocks"
    },
    {
      "type": "crafting",
      "recipe": "roots:runed_obsidian_slab",
      "recipe2": "roots:runed_obsidian_unslab",
      "title": "Slab & Conversion"
    },
    {
      "type": "crafting",
      "recipe": "roots:runed_obsidian_wall",
      "recipe2": "roots:runed_obsidian_stair",
      "title": "Walls & Stair"
    },
    {
      "type": "crafting",
      "recipe": "roots:runed_obsidian_brick",
      "title": "Runed Obsidian Brick",
      "text": "This variant of runed obsidian takes on a more ordered appearance, and can likewise be converted into decorative blocks.$(br2)$(info) As with all runed obsidian blocks, they are resistant to explosions and vanilla bosses."
    },
    {
      "type": "crafting",
      "recipe": "roots:runed_obsidian_brick_button",
      "recipe2": "roots:runed_obsidian_brick_pressure_plate",
      "title": "Redstone Blocks"
    },
    {
      "type": "crafting",
      "recipe": "roots:runed_obsidian_brick_slab",
      "recipe2": "roots:runed_obsidian_brick_unslab",
      "title": "Slab & Conversion"
    },
    {
      "type": "crafting",
      "recipe": "roots:runed_obsidian_brick_wall",
      "recipe2": "roots:runed_obsidian_brick_stair",
      "title": "Walls & Stair"
    },
    {
      "type": "crafting",
      "recipe": "roots:runed_obsidian_brick_alt",
      "title": "Brick Alternate",
      "text": "This alternate version of the runed obsidian brick is more orderly, and can likewise be converted into decorative blocks.$(br2)$(info) As with all runed obsidian blocks, they are resistant to explosions and vanilla bosses."
    },
    {
      "type": "crafting",
      "recipe": "roots:runed_obsidian_brick_alt_button",
      "recipe2": "roots:runed_obsidian_brick_alt_pressure_plate",
      "title": "Redstone Blocks"
    },
    {
      "type": "crafting",
      "recipe": "roots:runed_obsidian_brick_alt_slab",
      "recipe2": "roots:runed_obsidian_brick_alt_unslab",
      "title": "Slab & Conversion"
    },
    {
      "type": "crafting",
      "recipe": "roots:runed_obsidian_brick_alt_wall",
      "recipe2": "roots:runed_obsidian_brick_alt_stair",
      "title": "Walls & Stair"
    },
    {
      "type": "crafting",
      "title": "Deconversion",
      "recipe": "roots:runed_obsidian_brick_from_chisel",
      "text": "This recipe allows you to 'de-convert' from the alternate type of brick back into the primary runed obsidian."
    },
    {
      "type": "relations",
      "anchor": "related",
      "entries": [
        "resources/runed_obsidian"
      ]
    }
  ]
}