{
  "name": "Runic Shears",
  "icon": "roots:runic_shears",
  "category": "crafting_armor_tools",
  "read_by_default": true,
  "pages": [
    {
      "type": "text",
      "text": "A veratile tool with many uses. It can shear many sheep at once, as well as harvest moss in a large radius.$(br2)Primarily used to obtain rare objects from specific blocks & drops from Fey equivalents of entities in our world.$(br2)$(info) It can be repaired with $(l:resources/runestone)runestone$(). You can see a complete list of uses in $(uses:roots:runic_shears)JEI$()."
    },
    {
      "type": "fey_crafting_template",
      "recipe": "runic_shears",
      "link_recipe": true
    },
    {
      "type": "relations",
      "anchor": "related",
      "entries": [
        "resources/fey_leather",
        "resources/life_essence",
        "resources/mystic_feather",
        "resources/strange_ooze",
        "resources/runestone",
        "herbs/pereskia"
      ]
    }
  ]
}