{
  "name": "Wildroot Rune",
  "icon": "roots:wildroot_rune",
  "category": "crafting_decoration",
  "read_by_default": true,
  "pages": [
    {
      "type": "crafting",
      "recipe": "roots:wildroot_rune",
      "text": "This $(italic)purely decorative$() block is beautiful but serves no purpose beyond that of being decorative.$(br2)$(warning) It does not count as part of a $(l:rituals/standing_stones)wildwood runed pillar$() and is considered a completely separate block."
    },
    {
      "type": "relations",
      "anchor": "related",
      "entries": [
        "resources/wildwood",
        "herbs/wildroot"
      ]
    }
  ]
}