{
  "name": "阿巴拉斯强令召唤术",
  "icon": "occultism:textures/gui/book/pentagram_rose.png",
  "category": "occultism:pentacles",
  "sortnum": 32,
  "pages": [
    {
      "type": "text",
      "text": "$(bold)目标：$()火灵附身$(br2)$(thing)阿巴拉斯强令召唤术$()是阿巴拉斯召唤术的实体附身修改版，因此能用于召唤使魔。"},
    {
      "type": "multiblock",
      "name": "",
      "multiblock_id": "occultism:pentacle.possess_afrit"
    },
    {
      "type": "text",
      "title": "用途",
      "text": "$(li)$(l:rituals/familiars/familiar_guardian)守护者使魔$(/l)$()"
    }
  ]
}
