{
  "name": "海德林诱惑术",
  "icon": "occultism:textures/gui/book/pentagram_rose.png",
  "category": "occultism:pentacles",
  "sortnum": 12,
  "pages": [
    {
      "type": "text",
      "text": "$(bold)目标：$()魔精附身$(br2)$(thing)海德林诱惑术$()能引来$(thing)魔精$()并强迫它们附身于邻接生物。该五芒星不会导致永久禁锢，魔灵和被附身的生物都会在短时间内死亡。"
    },
    {
      "type": "multiblock",
      "name": "",
      "multiblock_id": "occultism:pentacle.possess_foliot"
    },
    {
      "type": "text",
      "title": "用途",
      "text": "$(li)$(l:rituals/possession/possess_endermite)被附身的末影螨$(/l)$()$(li)$(l:rituals/possession/possess_skeleton)被附身的骷髅$(/l)$()$(li)$(l:rituals/familiars/familiar_parrot)鹦鹉使魔$(/l)$()$(li)$(l:rituals/familiars/familiar_greedy)贪婪使魔$(/l)$()$(li)$(l:rituals/familiars/familiar_deer)小鹿使魔$(/l)$() $(li)$(l:rituals/familiars/familiar_blacksmith)铁匠使魔$(/l)$() $(li)$(l:rituals/familiars/familiar_beaver)河狸使魔$(/l)$()"}
  ]
}
