{
  "name": "大师球",
  "icon": "industrialforegoing:mob_imprisonment_tool",
  "category": "industrialforegoing:tools",
  "sortnum": 0,
  "read_by_default": true,
  "pages": [
    {
      "type": "text",
      "text": "当你手拿大师球$(6)右键$()一个实体时，这个实体就会被存储进大师球中。$(br2)你也可以对着地面$(6)右键$()把它释放出来。"
    },
    {
      "type": "crafting",
      "recipe": "industrialforegoing:mob_imprisonment_tool"
    }
  ]
}