{
	"name": "船体外壳",
	"icon": "warpdrive:hull.advanced.stairs_orange",
	"category": "5_combat",
	"pages": [
		{
			"type": "text",
			"text": "$(item)船体外壳$()是飞船外观和防御的重要部分。外壳方块提供了不同种类，直接或间接的伤害吸收。$(br2)更高级的外壳在降级成低级外壳前能承受许多次攻击。基础级别的外壳则比较脆弱，很容易破坏，导致船体破损。"
		},
		{
			"type": "image",
			"border": true,
			"images": [ "warpdrive:textures/book/hull.png" ],
			"text": "外壳有许多种贴图和形状。"
		},
		{
			"type": "crafting",
			"recipe": "warpdrive:hull.basic.plain@0x4_ceramic",
			"title": "基础外壳（朴素）",
			"text": "所有外壳都有 16 种不同的贴图/颜色。$(br2)如果有铝、青铜和钢的话，基础船体也能用它们合成。"
		},
		{
			"type": "crafting",
			"recipe": "warpdrive:hull.basic.plain@4x5_bronze",
			"recipe2": "warpdrive:hull.basic.plain@14x10_steel",
			"title": " "
		},
		{
			"type": "crafting",
			"recipe": "warpdrive:hull.advanced.plain@7x4_dye",
			"title": "高级外壳（朴素）",
			"text": "只有朴素的非变体外壳能升级。$(br2)这里的染料是可选的。"
		},
		{
			"type": "crafting",
			"recipe": "warpdrive:hull.superior.plain@2x4_dye",
			"title": "卓越外壳（朴素）",
			"text": "只有朴素的非变体外壳能升级。$(br2)这里的染料是可选的。"
		},
		{
			"type": "smelting",
			"recipe": "warpdrive:hull.basic.plain:15",
			"title": "平滑和脏污变体",
			"text": "熔炼朴素外壳能得到其平滑变体。将其放在合成栏内可以变回原来的朴素外壳。$(br2)燃料可用于改变贴图，和羊毛一样。"
		},
		{
			"type": "crafting",
			"recipe": "warpdrive:hull.basic.plain@13x8_dye",
			"recipe2": "warpdrive:hull.basic.plain@12_dye",
			"title": " "
		},
		{
			"type": "crafting",
			"recipe": "warpdrive:hull.basic.slab_orange@0x6",
			"title": "万向台阶变体",
			"text": "万向台阶能横向（原版台阶）和竖直放置。它们也有平滑变体。$(br)你可以轻松地将其回收成朴素外壳。"
		},
		{
			"type": "crafting",
			"recipe": "warpdrive:hull.basic.slab_red@8x6",
			"recipe2": "warpdrive:hull.basic.tiled@4_uncrafting_b",
			"title": " "
		},
		{
			"type": "crafting",
			"recipe": "warpdrive:hull.basic.glass@0x4",
			"title": "玻璃变体",
			"text": "透明的船体外壳能提供和不透明外壳一样的保护。不过，它们还能往你的飞船带来一丝照明。令人遗憾的是，由于它们经过的荧石处理，这种外壳不能回收，也不能升级。"
		},
		{
			"type": "crafting",
			"recipe": "warpdrive:hull.basic.glass@4x8_dye",
			"recipe2": "warpdrive:hull.basic.glass@4_dye",
			"title": " "
		},
		{
			"type": "crafting",
			"recipe": "warpdrive:hull.basic.omnipanel@4x16",
			"title": "万向板变体",
			"text": "与原版玻璃板不同，万向板可以与横向和竖直方向上的完整方块连接。"
		},
		{
			"type": "crafting",
			"recipe": "warpdrive:hull.basic.glass@4x3",
			"title": " ",
			"text": "万向板可以回收成玻璃外壳。"
		}
	],
	"sortnum": 1
}
