{
  "name": "growthcraft.apples.entry.apples_growing",
  "icon": "growthcraft_apples:apple_tree_sapling",
  "category": "growthcraft:apples",
  "sortnum": 0,
  "pages": [
    {
      "type": "text",
      "title": "种植苹果",
      "text": "你需要从苹果中保存一些种子来开始种植自己的苹果树。$(br2)将你的苹果种子种在泥土上，它会长出一棵苹果树幼苗。$(br2)在适当的光照下，你的树苗会成长成一个完整的树，并开始结出苹果。"
    },
    {
      "type": "crafting",
      "title": "苹果种子",
      "recipe": "growthcraft_apples:apple_seeds"
    },
    {
      "type": "image",
      "border": true,
      "images": [
        "growthcraft_apples:textures/patchouli/screenshots/apple_tree_sapling.png"
      ],
      "text": "苹果树和其他树一样生长。"
    },
    {
      "type": "image",
      "border": true,
      "images": [
        "growthcraft_apples:textures/patchouli/screenshots/apple_tree_fullgrown.png"
      ],
      "text": "当苹果红了的时候你就可以收获它。"
    }
  ]
}