{
  "name": "导言 - 能源炉",
  "icon": "thermal:iron_gear",
  "category": "thermal:dynamos",
  "sortnum": -2,
  "read_by_default": true,
  "flag": "mod:thermal_expansion",
  "pages": [
    {
      "type": "text",
      "text": "不同的能源炉消耗不同的材料来产生红石通量（Redstone Flux, RF）。每台能源炉都带有的红色线圈是唯一的能源输出口，会在能源炉工作时闪烁红光。除线圈面外的任何侧面均可接收产能耗材。在未加装任何升级的情况下，能源炉的最大产能功率为 40 RF/t。"
    },
    {
      "type": "text",
      "text": "能源炉的内部能量缓存是通过$(l:thermal:technology/augments/integral_components)整合组件$(/l)而非“通量线圈”系列的增强来升级的。能量缓存的盈亏将决定能源炉对 RF 输出及燃料消耗的节流力度。缓存为空时，能源炉将全力运作，此时的 RF 输出功率最大；缓存为满时，运作能力将节流至 10%，但产能仍会继续，产能材料也不会停止消耗，从而不可避免地导致浪费。内部缓存的能量仅在能源炉运作时才会自动输出，而闲置状态下，内部缓存将会逐渐流失，即“跑电”。"
    }
  ]
}