{
  "name": "珠宝能源炉",
  "icon": "thermal:dynamo_lapidary",
  "category": "thermal:dynamos",
  "read_by_default": true,
  "flag": "mod:thermal_expansion",
  "pages": [
    {
      "type": "text",
      "text": "珠宝能源炉通过消耗各式翡翠珍宝来产能。"
    },
    {
      "type": "crafting",
      "recipe": "thermal:dynamo_lapidary",
      "title": "珠宝能源炉",
      "text": "$(o)好比一扇能和没有珠宝就会死星人做交易的传送门。$()"
    },
    {
      "type": "text",
      "title": "兼容增强",
      "text": "$(li)$(l:thermal:technology/augments/integral_components)整合组件$(/l)$(li)$(l:thermal:technology/augments/dynamo_output)辅助反应升级$(/l)$(li)$(l:thermal:technology/augments/dynamo_fuel)多环泵注升级$(/l)"
    }
  ]
}