{
  "name": "热力能源炉",
  "icon": "thermal:dynamo_magmatic",
  "category": "thermal:dynamos",
  "read_by_default": true,
  "flag": "mod:thermal_expansion",
  "pages": [
    {
      "type": "text",
      "text": "热力能源炉借助熔岩的炽热来产能。"
    },
    {
      "type": "crafting",
      "recipe": "thermal:dynamo_magmatic",
      "title": "热力能源炉"
    },
    {
      "type": "text",
      "title": "兼容增强",
      "text": "$(li)$(l:thermal:technology/augments/integral_components)整合组件$(/l)$(li)$(l:thermal:technology/augments/fluid_tank)液槽扩容升级$(/l)$(li)$(l:thermal:technology/augments/dynamo_output)辅助反应升级$(/l)$(li)$(l:thermal:technology/augments/dynamo_fuel)多环泵注升级$(/l)"
    }
  ]
}