{
	"name": "凋零骷髅头颅",
	"category": "tools",
	"icon": "minecraft:wither_skeleton_skull",
	"pages": [
		{
			"type": "spotlight",
			"item": "minecraft:wither_skeleton_skull",
			"text": "来自下界烧焦的骷髅的部分。这些都是很棒的工具，如果被它击中，可以使生物凋零。人们可以使用它们来直接制作工具或使骨头工具变黑。"
		},
		{
			"type": "crafting",
			"recipe": "craftandhunt:wither_sword",
			"recipe2": "craftandhunt:wither_axe"
		},
		{
			"type": "crafting",
			"recipe": "craftandhunt:wither_shovel",
			"recipe2": "craftandhunt:wither_pickaxe"
		},
		{
			"type": "crafting",
			"recipe": "craftandhunt:wither_hoe"
		},
		{
			"type": "smithing",
			"recipe": "craftandhunt:bone_upgraded_to_wither_axe",
			"recipe2": "craftandhunt:bone_upgraded_to_wither_hoe"
		},
		{
			"type": "smithing",
			"recipe": "craftandhunt:bone_upgraded_to_wither_pickaxe",
			"recipe2": "craftandhunt:bone_upgraded_to_wither_shovel"
		},
		{
			"type": "smithing",
			"recipe": "craftandhunt:bone_upgraded_to_wither_sword"
		}
	]
}

