{
	"name": "三叉戟",
	"category": "tools",
	"icon": "minecraft:trident",
	"pages": [
		{
			"type": "spotlight",
			"item": "minecraft:trident",
			"text": "一个非常棒的武器，可以投掷出去。可以从溺尸身上狩猎和收集这些物品，或按照以下步骤进行制作。首先，需要制作三叉戟头。然后需要将它镶到手柄上，最后烧制它。"
		},
		{
			"type": "crafting",
			"recipe": "craftandhunt:trident_head"
		},
		{
			"type": "crafting",
			"recipe": "craftandhunt:trident_unfinished"
		},
		{
			"type": "smelting",
			"recipe": "craftandhunt:trident_from_furnace",
			"text": "也可以使用高炉。"
		}
	]
}