{
	"name": "邪恶工具",
	"category": "tools",
	"icon": "craftandhunt:parasite_glutton",
	"pages": [
		{
			"type": "spotlight",
			"item": "craftandhunt:parasite_glutton",
			"text": "通过结合被诅咒的染血林地碎木枝和可怕的饥饿寄生虫，人们可以制造一些邪恶的工具。这些工具可以使活体目标流血。"
		},
		{
			"type": "crafting",
			"recipe": 	"craftandhunt:horror_sword",
			"recipe2": 	"craftandhunt:horror_axe"
		},
		{
			"type": "crafting",
			"recipe": "craftandhunt:horror_shovel"
		},
		{
			"type": "crafting",
			"recipe": "craftandhunt:horror_pickaxe"
		},
		{
			"type": "crafting",
			"recipe": "craftandhunt:horror_hoe"
		},
		{
			"type": "crafting",
			"recipe": "craftandhunt:horror_bow"
		}
	]
}