{
    "name": "遗忘玫瑰",
    "icon": "naturesaura:end_flower",
    "category": "creating",
    "advancement": "naturesaura:end_flower",
    "pages": [
        {
            "type": "text",
            "text": "$(thing)末影龙$()被认为是相当凶暴的怪物。它在守卫$(thing)末地$()这点上比其他任何生物都做得好，但它是可以被打败的。打败末影龙不仅代表着龙的后代和屠龙者的荣誉，更代表着$(item)遗忘玫瑰$()。龙死后，玫瑰将开始在末地岛的地面上发芽，准备好被任何植物学家收集并放置在任何维度。"
        },
        {
            "type": "spotlight",
            "item": "naturesaura:end_flower",
            "text": "这种花含有大量的$(#419600)灵气$()，这些$(#419600)灵气$()可以被一种有趣的方式收获：在花的旁边掉落的$(item)末影之眼$()会被花消耗掉，此时花会开始释放$(#419600)灵气$()到环境中。这个过程无法被停止，过程中花朵也无法被收获。",
            "link_recipe": true
        }
    ]
}
