{
    "name": "植物吸收器",
    "icon": "naturesaura:flower_generator",
    "category": "creating",
    "advancement": "naturesaura:infused_materials",
    "pages": [
        {
            "type": "text",
            "text": "众所周知，很大一部分自然$(#419600)灵气$()的已知表现形式是$(item)花$()。依照该原理，使用$(item)植物吸收器$()并将其放置在世界中，将会消耗附近的小型花朵并将它们转化为$(#419600)灵气$()。"
        },
        {
            "type": "text",
            "text": "需要提醒的是，不断提供同一种类的花将会使其失去吸收此种类花朵$(#419600)灵气$()的能力。$(br)这说明，如果你想让植物吸收器工作的更有效率，你需要依次为其提供$(thing)不同种类$()的花。$(br)为达到最大吸收效率，需要六个以上种类的花朵。"
        },
        {
            "type": "crafting",
            "recipe": "naturesaura:flower_generator",
            "text": "合成$(item)植物吸收器$()"
        }
    ]
}
