{
    "name": "树冠减光器",
    "icon": "naturesaura:oak_generator",
    "category": "creating",
    "advancement": "naturesaura:infused_materials",
    "pages": [
        {
            "type": "text",
            "text": "当然，在生活中，任何人处理树木时都会面临着这著名的问题: 一颗$(item)橡树树苗$()长成了一株看不到头的$(thing)参天大树$()，而你要去砍伐它。$(br)$(item)树冠减光器$()是一个有着双重用途的方块：$(br)将它放置在树苗附近大约10方块远，"
        },
        {
            "type": "text",
            "text": "树苗只会长成正常大小。$(br)同时，树苗中用于生长的额外的自然能量将会转化为巨量的$(#419600)灵气$()并返回到环境中。$(p)显而易见，树冠减光器将会在$(thing)树场$()中大显身手。"
        },
        {
            "type": "crafting",
            "recipe": "naturesaura:oak_generator",
            "text": "合成$(item)树冠减光器$()"
        }
    ]
}
