{
    "name": "酿造仪式",
    "icon": "naturesaura:potion_generator",
    "category": "creating",
    "advancement": "naturesaura:aura_bottle_nether",
    "pages": [
        {
            "type": "text",
            "text": "尘归尘，土归土，$(#419600)灵气$()与魔法$(item)药水$()之间也可以发生相似的转换。特殊的，$(item)滞留型药水$()可以有效地将其药效转化为$(#419600)灵气$()。$(p)你需要如下一页所示，建造$(item)酿造仪式$()来实现此转化。"
        },
        {
            "type": "text",
            "text": "然后，投掷任意种类的药水，在吸收器周围持续的$(item)滞留型药水$()将被转化为$(#419600)灵气$()。显然，效果越持久或强力，转化的$(#419600)灵气$() 将越多。$(br)然而要注意的是，同一时间内只有一种药水可以被转化，同时向仪式投掷多种药水只会造成浪费。另外，如果区域内有足够的$(#419600)灵气$()，多余的药水也将被浪费。"
        },
        {
            "type": "multiblock",
            "multiblock_id": "naturesaura:potion_generator",
            "text": "以$(item)滞留型吸收器$()为中心，建造$(item)酿造仪式$()"
        },
        {
            "type": "crafting",
            "recipe": "naturesaura:potion_generator",
            "text": "合成$(item)滞留型吸收器$()"
        }
    ]
}
