{
  "name": "纤维火炬",
  "icon": "pyrotech:torch_fiber",
  "category": "survive",
  "pages": [
    {
      "type": "crafting",
      "recipe": "pyrotech:ignition/torch_fiber",
      "text": "$(item)纤维火炬$()用$(item)木棍$()和$(item)干燥的植物纤维$()制成。$(p)$(warning_cn) $(item)纤维火炬$()会在淋雨之后或者使用一段时间后熄灭。"
    },
    {
      "type": "relations",
      "entries": [
        "adapt/plant_fibers_dried",
        "gather/sticks"
      ]
    }
  ]
}
