{
  "name": "介绍",
  "icon": "minecraft:paper",
  "category": "survive",
  "priority": true,
  "pages": [
    {
      "type": "text",
      "text": "当一个人迷失、找不到前进方向的时候，也会难以保持清醒的头脑 —— 而在某些逆境之中，生存同样是大问题。"
    },
    {
      "type": "text",
      "text": "当你处于这样的逆境中时，这样一本记载了许多技术与想法的《烟火秘闻》，将会指导你如何生起生命的星火，而不是将其扑灭 —— 最终大大提高你生还的可能。$(p)其中一项技术或想法便是$(item)篝火$()。"
    },
    {
      "type": "text",
      "text": "A $(item)篝火$()是荒野求生中不可或缺的部件。 因此，构建$(item)篝火$()的技巧是每个生存新手的知识基石。"
    },
    {
      "type": "text",
      "text": "当蜷缩在夜深人静之中 $(italic)—— 这句话指最黑暗和最冷寂的午夜 ——$() 一个$(item)篝火$()可用于振奋信心，同时惬意地讲述着那些包含着恐怖和不幸的、老套却令人兴奋的故事。$(br)  然而。对于身处同你一样困境的人来说，消遣或许不是首先要考虑的问题。"
    },
    {
      "type": "text",
      "text": "而处于同你一样恐怖而不幸，在这样非常不惬意、不令人兴奋和不可预测的环境中时，$(info_cn) 一个$(item)篝火$()最该被用来烧烤食物和创造光亮$() —— 这会作为在漫漫长夜中对抗恐惧的一种安慰。"
    },
    {
      "type": "text",
      "text": "这本指南，同样作为不可或缺的知识基石，自然包含了构建并使用$(item)篝火$()的知识。"
    },
    {
      "type": "relations",
      "entries": [
        "survive/campfire"
      ]
    }
  ]
}
