{
  "name": "Windwall",
  "icon": "roots:ritual_windwall",
  "category": "rituals",
  "read_by_default": true,
  "flag": "roots:ritual_windwall",
  "pages": [
    {
      "type": "text",
      "text": "Harnessing the power of the winds, all potentially hostile creatures are blown away from the ritual area.$(br2)$(warning) It is possible for hostiles to become trapped on terrain. Be sure to modify the area accordingly.$(br2)$(info) No effect is had on strictly passive creatures nor on creatures that become hostile under certain circumstances."
    },
    {
      "type": "pyre_template",
      "ritual": "ritual_windwall",
      "text": "$(standing_stones) As a $(l:rituals/tiers)$(bold)tier II$() ritual, $(l:rituals/ritual_windwall#multiblock)a standing stone and a runed pillar are required$(). Please see later pages."
    },
    {
      "type": "multiblock",
      "anchor": "multiblock",
      "multiblock": {
        "mapping": {
          "0": "roots:pyre",
          "R": "roots:runestone",
          "C": "roots:chiseled_runestone",
          "W": "roots:runed_spruce",
          "L": "minecraft:log[variant=spruce]"
        },
        "pattern": [
          ["       ","       ","       ","W     C","       ","       ","       "],
          ["       ","       ","       ","L     R","       ","       ","       "],
          ["       ","       ","       ","L     R","       ","       ","       "],
          ["       ","       ","       ","L  0  R","       ","       ","       "]
        ]
      },
      "text": "A four-high $(l:rituals/standing_stones)runed pillar of spruce and a four-high standing stone$() are required."
    },
    {
      "type": "text",
      "title": "Ritual Specifics",
      "text": "$(bold)Duration:$() The ritual lasts $(ritual:windwall/SECONDS/duration) seconds.$(br2)$(bold)Size:$() The ritual will search for within an area of $(ritual:windwall/radius_x) and $(ritual:windwall/radius_z) blocks horizontally, and $(ritual:windwall/radius_y) blocks vertically.$(br2)$(bold)Enforcement$(): Hostile creatures that stray within the $(ritual:windwall/distance) blocks of the ritual are blown back, with a knockback strength of $(ritual:windwall/knockback)."
    },
    {
      "type": "relations",
      "anchor": "related",
      "entries": [
        "rituals/standing_stones"
      ]
    }
  ]
}