{
  "name": "流体传送器",
  "icon": "industrialforegoing:fluid_transporter_type",
  "category": "transport",
  "sortnum": 0,
  "read_by_default": true,
  "pages": [
    {
      "type": "text",
      "text": "流体传送器能够用来在相隔一格的两个容器之间传输流体。在提取端和输出端都需要放一个传送器。$(br2)任意种类的多个传送器可以摆放在同一格内，且它们都有输入和输出两种模式。要改变模式你只需要右键点击其中间区域即可。"
    },
    {
      "type": "text",
      "text": "你可以在GUI中进行交互来过滤物品，支持黑白名单。$(br2)要移除升级或是传送器，你可以潜行+右键点击一个传送器。$(br2)在调节模式时，输出模式的传送器可以指定容器内最多存放物品/液体的数量。"
    },
    {
      "type": "text",
      "text": "通过对传送器的外侧右键使用速度升级，可以加快传送器工作速度，使用效率升级则可以让传送器一次传送更多物品/流体。"
    },
    {
      "type": "crafting",
      "recipe": "industrialforegoing:fluid_transporter_type"
    }
  ]
}