{
  "title": "黏土岛",
  "image": {
	"file": "tconstruct:book/images/islands/clay.png",
    "width": 180,
    "height": 87
  },
  "text": [
    {
      "text": "和其他的岛屿相比，黏土岛确实是特立独行的一个。与在主世界生成的其他黏液岛不同，黏土岛看起来更有“主世界”的风格。这些岛屿上有时会产生一种奇怪的黏土史莱姆，我把它们叫做“黏土怪”。它们跳得不高，而且似乎和主世界许多其他怪物一样在黑暗中生成。"
    }
  ]
}
