{
	"name": "烤制",
	"category": "crafting",
	"icon": "minecraft:campfire",
	"pages": [
		{
			"type": "spotlight",
			"item": "minecraft:stick",
			"text": "我们可以在营火上放一根木棍，一秒后木棍将会变成火把。像这样，我们就可以制作一个不需要炭的火把。"
		},
		{
			"type": "spotlight",
			"item": "craftandhunt:bear_flank",
			"text": "把熊的腰腿生切下来，然后烤制它。煮熟后可以回复8点饥饿值。"
		},
		{
			"type": "spotlight",
			"item": "craftandhunt:calamari",
			"text": "来自被杀死的鱿鱼。煮熟后能回复6点饥饿值。"
		},
		{
			"type": "smelting",
			"recipe": "craftandhunt:cooked_bear_flank",
			"recipe2": "craftandhunt:cooked_calamari"
		}
	]
}