{
  "name": "鹿",
  "icon": "mysticalworld:venison",
  "category": "creatures",
  "flag": "roots:deer",
  "pages": [
    {
      "type": "animal_spawn_info",
      "animal": "deer",
      "breed": "繁殖物品：小麦。",
      "tame": "驯服物品：无法驯服。",
      "blurb": ""
    },
    {
      "type": "entity",
      "name": "鹿",
      "entity": "mysticalworld:entity_deer",
      "scale": 0.6,
      "offset": 0.4,
      "text": "这些温顺的鹿是雌鹿和雄鹿的混合体。"
    }
  ]
}
