{
  "name": "狐狸",
  "icon": "mysticalworld:pelt",
  "category": "creatures",
  "flag": "roots:fox",
  "pages": [
    {
      "type": "animal_spawn_info",
      "animal": "fox",
      "breed": "繁殖物品：苹果。",
      "tame": "驯服物品：苹果。",
      "blurb": ""
    },
    {
      "type": "entity",
      "name": "狐狸",
      "entity": "mysticalworld:entity_fox",
      "scale": 0.8,
      "offset": 0,
      "text": "狐狸是兔子和鸡的凶狠天敌，但在驯服后会变得温顺！"
    }
  ]
}
