{
  "name": "芽精灵",
  "icon": "mysticalworld:aubergine",
  "category": "creatures",
  "pages": [
    {
      "type": "animal_spawn_info",
      "animal": "sprout",
      "breed": "繁殖物品：茄子。",
      "tame": "驯服物品：无法驯服。",
      "blurb": "芽精灵的颜色不同，掉落物也不同！"
    },
    {
      "type": "entity",
      "name": "芽精灵",
      "entity": "mysticalworld:entity_sprout",
      "scale": 1,
      "offset": 0,
      "text": "这些令人喜爱的小根芽喜欢在海滩上漫步、在森林里游荡，甚至还会试着跳舞！"
    }
  ]
}
