{
  "name": "气动护腿",
  "icon": "pneumaticcraft:pneumatic_leggings",
  "category": "armor",
  "advancement": "pneumaticcraft:printed_circuit_board",
  "pages": [

    {
      "type": "text",
      "text": "$(item)气动护腿/$是四件$(thing)气动盔甲/$中的一件。"
    },
    {
      "type": "crafting",
      "recipe": "pneumaticcraft:pneumatic_leggings",
      "text": "气动护腿的合成表"
    },
    {
      "type": "spotlight",
      "item": "pneumaticcraft:speed_upgrade",
      "text": "除去减少盔甲的气动时间外，安装在气动护腿上的$(l:base_concepts/upgrades#speed)速度升级/$有更重要的效应：其提升$(thing)疾跑速度/$，同时消耗少量$(l:base_concepts/pressure)空气/$。最大可安装 4 个速度升级。"
    },
    {
      "type": "text",
      "title": "速度升级（续）",
      "text": "可以在盔甲界面中随时调整速度加成，以便在没有$(l:machines/charging_station)充气站/$可供调整升级的情况下调整速度。"
    },
    {
      "type": "spotlight",
      "item": "pneumaticcraft:range_upgrade",
      "text": "$(l:base_concepts/upgrades#range)范围升级/$提生跳跃能力，同时消耗少量空气。最大可安装 6 给范围升级。$(p)跳跃时长按 $(thing)$(k:key.sneak)/$ 键可将跳跃高度降低到安装单个升级时的等价高度。"
    },
    {
      "type": "text",
      "title": "范围升级（续）",
      "text": "可以在盔甲界面中随时调整跳跃加成，以便在没有$(l:machines/charging_station)充气站/$可供调整升级的情况下调整跳跃高度。"
    }
  ]
}