{
  "name": "气动头盔",
  "icon": "pneumaticcraft:pneumatic_helmet",
  "category": "armor",
  "advancement": "pneumaticcraft:printed_circuit_board",
  "pages": [

    {
      "type": "text",
      "text": "$(item)气动头盔/$是四件$(thing)气动盔甲/$中的一件。$(p)长期以来，其曾是唯一一件气动盔甲。"
    },
    {
      "type": "crafting",
      "recipe": "pneumaticcraft:pneumatic_helmet",
      "text": "气动头盔的合成表"
    },
    {
      "type": "spotlight",
      "anchor": "entity_tracker",
      "item": "pneumaticcraft:entity_tracker_upgrade",
      "text": "安装$(l:base_concepts/upgrades#entity_tracker)实体追踪升级/$后，16 格内所有生物将被自动追踪，忽略方块的阻隔。若该生物为敌对生物，当其以你为目标是头盔将告警。这可以提醒你备战（或逃跑）。可以使用$(l:base_concepts/entity_filter)实体过滤器/$在界面中配置其追踪的生物。"
    },
    {
      "type": "spotlight",
      "item": "pneumaticcraft:block_tracker_upgrade",
      "text": "安装$(l:base_concepts/upgrades#block_tracker)方块追踪升级/$后，30 格内的特殊方块将被追踪，忽略方块的阻隔。下列方块被追踪：$(li)所有容器（将显示其内容物）$(li)刷怪箱（将显示刷怪时间）$(li)蠹虫方块$(li)末地传送门框架$(li)TNT$(li)绊线钩"
    },
    {
      "type": "text",
      "title": "方块追踪升级（续）",
      "text": "介于上述方块有时极为常见（如玩家屋内的容器，要塞中的蠹虫方块），悬浮界面将在某类方块的数目达到特定值时停止显示追踪标签。仍然可以通过将准心指向被追踪的方块以获取其信息。同时，可以在配置界面中指定要追踪的方块。"
    },
    {
      "type": "spotlight",
      "item": "pneumaticcraft:coordinate_tracker_upgrade",
      "text": "$(l:base_concepts/upgrades#coordinate_tracker)坐标追踪升级/$将计算到达某位置的最短路径，使用 Minecraft 的寻路算法。$(p)若你被困在洞穴中需要出去，这很有帮助：打开选项界面（按下 $(thing)$(k:pneumaticcraft.armor.options)/$ 键），并选择$(bold)导向到表面/$。"
    },
    {
      "type": "spotlight",
      "item": "pneumaticcraft:search_upgrade",
      "text": "你是否体验过在容器遍布的基地中寻找物品的苦恼？如果确实，那么你需要$(l:base_concepts/upgrades#item_searcher)物品搜寻升级/$。可以在界面中寻找一项物品：可以使用滚动条寻找需要的物品，或在搜索框中输入物品名。找到后，只需将其放入目标槽。"
    },
    {
      "type": "text",
      "title": "物品搜寻升级（续）",
      "text": "此后，16 格内任何对应的物品实体或装有对应物品的容器将会$(thing)以绿色高亮/$。高亮程度取决于对应位置的物品占所有找到的物品的比率。$(p)注：该升级同时需要$(l:base_concepts/upgrades#entity_tracker)实体追踪升级/$（以寻找物品实体）和/或$(l:base_concepts/upgrades#block_tracker)方块追踪升级/$（以寻找容器中的物品）才可工作。"
    },
    {
      "type": "spotlight",
      "item": "pneumaticcraft:dispenser_upgrade",
      "text": "若与$(l:base_concepts/upgrades#entity_tracker)实体追踪升级/$一同安装$(l:base_concepts/upgrades#dispenser)发射器升级/$，可以监测/调试$(l:tools/drone)无人机/$。只需对准$(item)无人机/$按下 $(thing)$(k:pneumaticcraft.helmet.debugging.drone)/$ 键。对应追踪悬浮框的边框将变为红色。此时，按下 $(thing)$(k:pneumaticcraft.armor.options)/$ 键以打开头盔的选项界面，并转到$(bold)无人机调试/$面板。"
    },
    {
      "type": "spotlight",
      "item": "pneumaticcraft:range_upgrade",
      "text": "每个$(l:base_concepts/upgrades#range)范围升级/$将$(l:base_concepts/upgrades#entity_tracker)实体追踪升级/$和$(l:base_concepts/upgrades#block_tracker)方块追踪升级/$的范围提升 5 格。对于实体追踪升级不存在上限，但对于方块追踪升级最高可接受 5 个升级。$(p)需要注意的是，该升级提升气动头盔的空气耗量。"
    },
    {
      "type": "spotlight",
      "item": "pneumaticcraft:night_vision_upgrade",
      "text": "$(l:base_concepts/upgrades#night_vision)夜视升级/$的效果正如其名：给予夜视功能，同时消耗少量$(l:base_concepts/pressure)空气/$。"
    },
    {
      "type": "spotlight",
      "item": "pneumaticcraft:scuba_upgrade",
      "text": "$(l:base_concepts/upgrades#scuba)水肺升级/$提供水下呼吸功能，使用气动头盔所存储的空气保持玩家的呼吸。此外，该升级还提供一个面罩，以实现更为清晰的水下视线；若配合使用$(l:base_concepts/upgrades#night_vision)夜视升级/$将有更为良好的视线。"
    }
  ]
}