{
  "name": "气动靴子",
  "icon": "pneumaticcraft:pneumatic_boots",
  "category": "armor",
  "advancement": "pneumaticcraft:printed_circuit_board",
  "pages": [
    {
      "type": "text",
      "text": "$(item)气动靴子/$是四件$(thing)气动盔甲/$中的一件。$(p)气动靴子自带摔落保护，但具有适量的空气消耗（正比于摔落距离）。$(p)同时提供步行辅助（不消耗空气）。注：这是步行辅助而非自动跳跃，且该功能是可选的。"
    },
    {
      "type": "crafting",
      "recipe": "pneumaticcraft:pneumatic_boots",
      "text": "气动靴子的合成表"
    },
    {
      "type": "spotlight",
      "item": "pneumaticcraft:jet_boots_upgrade",
      "text": "如果你曾想御风而行，置世事于无顾（或许除了当前压力），$(l:base_concepts/upgrades#jet_boots)喷气靴升级/$可是为你量身定制。可以安装至多 10 个升级，以获取阶段性提升的飞行速度，代价是更高的空气耗量。$(p)"
    },
    {
      "type": "text",
      "title": "喷气靴升级（续）",
      "text": "$(thing)喷气靴/$对空气的耗率$(bold)极大/$；因此，建议像气动靴子安装多个$(l:base_concepts/upgrades#volume)容量升级/$（并向$(l:armor/pneumatic_chestplate)气动胸甲/$安装$(l:base_concepts/upgrades#charging)充气升级/$）。$(p)若可行，同时建议使用$(l:machines/aerial_interface)空气接口/$，连同一套可靠的气动管网。"
    },
    {
      "type": "text",
      "title": "喷气靴升级（续）",
      "text": "安装 8 个及以上的$(l:base_concepts/upgrades#jet_boots)喷气靴升级/$后，可以启用$(thing)建筑模式/$，允许更接近于创造模式（但略慢）的飞行控制，并提升空中挖掘速率。这可以在盔甲配置界面中开关（并绑定键位）。"
    },
    {
      "type": "spotlight",
      "item": "pneumaticcraft:dispenser_upgrade",
      "text": "安装至多 4 个$(l:base_concepts/upgrades#dispenser)发射器升级/$后，可以进行$(bold)气动飞踢/$。这将会对实体（包括非生物实体！）造成中毒伤害，但同时会造成大量的击退，代价是适量的空气消耗。$(p)按下 $(thing)$(k:pneumaticcraft.boots.kick)/$ 键以执行操作。"
    }
  ]
}