{
  "name": "镐尖斧",
  "icon": "nuclearcraft:spaxelhoe_boron",
  "category": "nuclearcraft:items",
  "sortnum": 0,
  "pages": [
    {
      "anchor": "spaxelhoe",
      "type": "items/4",
      "header": "镐尖斧",
      "item1": "nuclearcraft:spaxelhoe_boron",
      "item2": "nuclearcraft:spaxelhoe_tough",
      "item3": "nuclearcraft:spaxelhoe_hard_carbon",
      "item4": "nuclearcraft:spaxelhoe_boron_nitride",
      "text": "$(item)镐尖斧$()是所有工具的集合，能当剑、斧、镐、锹和锄用。"
    }
  ]
}