{
    "name": "埃尔的标记",
    "icon": "naturesaura:break_prevention",
    "category": "items",
    "advancement": "naturesaura:sky_ingot",
    "pages": [
        {
            "type": "text",
            "text": "一个人的趁手$(thing)工具$()在最急需时损坏，甚至无法被修复，使得所有附魔的努力看上去徒劳无功，很少有比这更令人讨厌的事了。为了缓和这个问题，可以将$(item)埃尔的标记$()使用$(thing)铁砧$()安装到任何工具上。任何带有这个标记的工具，在它们的耐久归零时不会损坏，作为代替，只是简单的$(thing)停止工作$()。"
        },
        {
            "type": "naturesaura:tree_ritual",
            "text": "使用$(l:practices/tree_ritual)森林仪式$()制作$(item)埃尔的标记$()",
            "recipe": "naturesaura:break_prevention"
        }
    ]
}
