{
    "name": "环境目镜",
    "icon": "naturesaura:eye_improved",
    "category": "items",
    "advancement": "naturesaura:end_flower",
    "pages": [
        {
            "type": "text",
            "text": "$(l:items/eye)环境之眼$()理论上非常有用；但是，许多魔法植物学家挣扎于其对周围$(#419600)灵气$()的有限测量范围。这个问题的一个简单的解决方案是$(item)环境目镜$()。$(br)虽然与$(item)环境之眼$()的工作方式类似，目镜在测量范围方面还是有着很大不同：在测量周围$(#419600)灵气$()时，目镜的范围是$(thing)两倍大$()。"
        },
        {
            "type": "text",
            "text": "需要注意，扩展的测显示条只在$(#419600)灵气$()水平足够低或高时显示。$(p)其次，$(item)环境目镜$()能显示当前区域在发生的所有$(thing)灵气失衡$()效果。它们会以图标的形式显示在$(#419600)灵气$()条旁边。可以通过本书$(thing)灵气失衡$()章节来找出哪个图标对应哪个效果。"
        }, {
            "type": "text",
            "text": "如果一个效果图标被打上了交叉，那要么是个需要未出现的$(l:effects/effect_powder)效应粉$()的效果，要么是那个效果正被对应粉末抑制。$(br)一个额外的改进是，比起$(item)环境之眼$()需要放在快捷栏工作，$(item)环境目镜$()只需放在使用者的物品栏内任何地方。$(br)所有其他$(item)环境之眼$()的属性都如同预料中那样被$(item)环境目镜$()继承。"
        },
        {
            "type": "naturesaura:tree_ritual",
            "text": "使用$(l:practices/tree_ritual)森林仪式$()制作$(item)环境目镜$()",
            "recipe": "naturesaura:eye_improved"
        }
    ]
}
