{
    "name": "灾厄村民之眼",
    "icon": "naturesaura:outpost_finder",
    "category": "items",
    "advancement": "naturesaura:aura_bottle_overworld",
    "pages": [
        {
            "type": "text",
            "text": "$(item)探索者地图$()可以用于轻松地找到几种世界中存在结构。然而，这些地图无法用于找到所有种类的结构，特别是$(thing)掠夺者前哨站$()。为了解决这个问题，魔法植物学家构造出了$(item)灾厄村民之眼$()。$(item)灾厄村民之眼$()被掷出后，会飞向最近的$(thing)掠夺者前哨站$()。"
        },
        {
            "type": "crafting",
            "text": "制作$(item)灾厄村民之眼$()",
            "recipe": "naturesaura:outpost_finder"
        }
    ]
}
