{
    "name": "奥秘放大镜",
    "icon": "naturesaura:range_visualizer",
    "category": "items",
    "advancement": "naturesaura:infused_materials",
    "pages": [
        {
            "type": "text",
            "text": "$(item)奥秘放大镜$()对于任何与机器工作的魔法植物学家来说都是一个简洁灵巧（$(t:是 vazkii 的一个模组)neat$()）的设备。将其装备在任一只手，并与兼容的设备进行互动，设备的$(thing)工作范围$()就会显示出来，允许使用设备建造的任何结构可以被轻松而精确地检查。再互动一次可以使设备停止显示它的工作范围。"
        },
        {
            "type": "crafting",
            "text": "制作$(item)奥秘放大镜$()",
            "recipe": "naturesaura:range_visualizer"
        }
    ]
}
