{
  "name": "常见的已解答问题",
  "icon": "minecraft:redstone",
  "category": "thermal:guides",
  "sortnum": -3,
  "read_by_default": true,
  "pages": [
    {
      "type": "text",
      "text": "问：热动力学的那些管道去哪了？$(br)答：看$(l:thermal:storage_and_transport/dynamics)这里$(/l)。$(br2)问：怎么没看见升级套件呢？$(br)答：看$(l:thermal:technology/augments/integral_components)这里$(/l)。$(br2)问：怎么给机器提速呢？$(br)答：看$(l:thermal:technology/augments/integral_components)这里$(/l)和$(l:thermal:technology/augments/machine_speed)这里$(/l)。$(br2)问：增强能叠加吗？$(br)答：看$(l:thermal:technology/augments/introduction)这里$(/l)。"
    },
    {
      "type": "text",
      "text": "问：通量电钻/电锯的模式在哪调？$(br)答：你需要给它们加装$(l:thermal:technology/augments/area_radius)径向范围拓展$(/l)增强才能调整采掘范围。$(br2)问：在哪能给我的工具充能/加装增强？$(br)答：看$(l:thermal:technology/tinker_bench)这里$(/l)。$(br2)问：我的能源炉怎么一直在跑电呢？$(br)答：能源炉的电量缓存只用来决定能源炉的节流大小。可以在$(l:thermal:technology/dynamos/introduction)这里$(/l)了解到更多相关信息。"
    },
    {
      "type": "text",
      "text": "问：以前见到过的那些基础的工具/武器/盔甲没了吗？像钻石锤啊，琥珀金弓的这些东西呢？$(br)答：经过考量，1.16 的热力系列并没有加入这些略显臃肿的内容。以后可能会考虑把它们裁个员加入进来，或者分割成一个单独的模组。$(br2)问：可以给某某某模组添加（配方等）支持吗？$(br)答：你可以在我们的 $(l:thermal:links/discord)Discord$(/l) 中发布模组兼容请求。"
    },
    {
      "type": "text",
      "text": "问：铂去哪了？钢呢？没找到蕴魔秘银啊？$(br)答：由于种种原因，我们认为这些内容对热力基本来说并没有必要。如果有些材料将来会回归，那么肯定会是在一个分割出来的兼容模组里。$(br2)问：极寒之凛冰和谐振末影这些也没了啊？$(br)答：有些将来肯定会回归的，但得等 Forge 把流体的一些问题处理好了再说。"
    },
    {
      "type": "text",
      "text": "问：在哪里可以调整矿物生成？$(br)答：配置文件提供了启用/禁用矿物生成的配置项，但目前尚未实现对生成高度这样的矿物生成细则的调整功能。$(br2)问：该怎么更改配置文件呢？$(br)答：热力系列的配置文件是存档隔离的。可以在 .minecraft\\saves\\你的存档\\serverconfig\\ 文件夹中找到。也可以把修改后的配置文件复制到 .minecraft\\defaultconfigs 文件夹中，往后新建存档时会自动将该配置应用至存档，而非生成默认配置。"
    },
    {
      "type": "text",
      "text": "问：我该去哪里，以及如何反馈漏洞？$(br)答：你可以直接在我们的 $(l:thermal:links/discord)Discord$(/l) 中进行咨询。在反馈问题之前，请确认当前模组为最新版并且已在未加装 OptiFine 的实例中进行测试。$(br2)问：如何更改配方？$(br)答：热力系列的所有内容均可由数据包进行控制及修改。可以在$(l:thermal:guides/modpack/recipes)这里$(/l)了解更多信息。同时我们也提供了 CraftTweaker 支持。"
    }
  ]
}