{
  "name": "条件：压力",
  "icon": "pneumaticcraft:textures/items/progwidgets/condition_pressure_piece.png",
  "category": "widget_cond",
  "advancement": "pneumaticcraft:programmer",
  "pages": [
    {
      "type": "text",
      "text": "这是一个$(l:programming/conditions)条件/$拼图。$(p)$(thing)条件：压力/$允许你（远程）检查指定$(l:programming/area)区域/$内的气动方块的$(l:base_concepts/pressure)压力/$是否达到指定值。"
    },
    {
      "type": "image",
      "images": [
        "pneumaticcraft:textures/items/progwidgets/condition_pressure_piece.png"
      ],
      "text": "$(italic)条件：压力/$"
    }
  ]
}