{
  "name": "条件",
  "icon": "minecraft:comparator",
  "category": "programming",
  "advancement": "pneumaticcraft:programmer",
  "pages": [
    {
      "type": "text",
      "text": "$(thing)条件/$是一系列允许你检查某些事情，并且当条件满足时跳转到程序的某一部分的编程拼图。$(p)每个$(thing)条件/$拼图都在最下排接受$(l:programming/text)文本/$拼图参数，配置为对应的$(thing)标签名/$。"
    },
    {
      "type": "text",
      "text": "当条件执行为$(thing)真/$时，$(l:programming/flow_control)程序执行流/$将会跳转到具有对应于$(italic)右/$侧连接的$(thing)文本/$参数的标签名的$(l:programming/label)标签/$。当条件执行为$(thing)假/$时，$(thing)程序执行流/$将将会跳转到具有对应于$(italic)左/$侧连接的$(thing)文本/$参数的标签名的$(thing)标签/$。$(p)当$(thing)条件/$拼图无法找到可行的$(thing)文本/$参数时，$(thing)程序执行流/$将会继续向$(italic)下/$执行下一拼图。"
    },
    {
      "type": "image",
      "images": [
        "pneumaticcraft:textures/patchouli/condition_widget.png"
      ],
      "border": "true",
      "text": "$(italic)一个在红石信号 >= 10 时使无人机自杀的条件：红石拼图/$"
    },
    {
      "type": "text",
      "text": "多数$(thing)条件/$拼图可以$(thing)右击/$打开一个配置界面。界面通常会含有 =/>= 运算选项，以及一个可以输入数字的文本框。$(p)基于此你可以设置好条件（例如箱子内的物品数）为，例如，正好 10 个（= 模式，输入 10），大于 20 个（>= 模式，输入 21）或者小于 12 个（>= 模式，输入 12，检查条件为$(thing)假/$）。"
    },
    {
      "type": "text",
      "text": "条件可以被分为两类：$(thing)一般条件/$与$(thing)无人机条件/$。$(p)一般条件用于检查世界中的东西，例如，$(thing)箱子/$中是否有一定量的物品，或者某处是否有方块。$(p)$(thing)无人机条件/$则特定于$(l:tools/drone)无人机/$，例如，无人机是否含有一定量物品，或一定的压力。"
    },
    {
      "type": "text",
      "text": "大多数基于方块的$(thing)一般条件/$含有$(thing)任意/所有/$方块选项。这在一次性检查多个方块时被用到。$(li)在$(thing)任意/$模式下，所选$(l:programming/area)区域/$内只要$(italic)一个/$方块满足条件，该条件就执行为$(thing)真/$。$(li)在$(thing)所有/$模式下，所选$(l:programming/area)区域/$内只有$(italic)所有/$方块满足条件，该条件才执行为$(thing)真/$。"
    },
    {
      "type": "relations",
      "title": "一般条件",
      "entries": [
        "programming/condition_block",
        "programming/condition_coordinate",
        "programming/condition_entity",
        "programming/condition_item_filter",
        "programming/condition_item_inventory",
        "programming/condition_liquid_inventory",
        "programming/condition_pressure",
        "programming/condition_redstone",
        "programming/condition_rf"
      ]
    },
    {
      "type": "relations",
      "title": "无人机条件",
      "entries": [
        "programming/drone_condition_item",
        "programming/drone_condition_liquid",
        "programming/drone_condition_entity",
        "programming/drone_condition_pressure",
        "programming/drone_condition_rf"
      ]
    }
  ]
}

