{
  "name": "条件：亮度等级",
  "icon": "pneumaticcraft:textures/items/progwidgets/condition_light_piece.png",
  "category": "widget_cond",
  "advancement": "pneumaticcraft:programmer",
  "pages": [
    {
      "type": "text",
      "text": "这是一个$(l:programming/conditions)条件/$拼图。$(p)$(thing)条件：亮度等级/$条件：亮度等级允许你（远程）检查指定$(l:programming/area)区域/$内的方块亮度等级是否达到阈值。"
    },
    {
      "type": "image",
      "images": [
        "pneumaticcraft:textures/items/progwidgets/condition_light_piece.png"
      ],
      "text": "$(italic)条件：亮度等级/$"
    }
  ]
}