{
  "name": "条件：坐标",
  "icon": "pneumaticcraft:textures/items/progwidgets/condition_coordinate_piece.png",
  "category": "widget_cond",
  "advancement": "pneumaticcraft:programmer",
  "pages": [
    {
      "type": "text",
      "text": "这是一个$(l:programming/conditions)条件/$拼图。$(p)$(thing)条件：坐标/$对两个$(l:programming/coordinate)坐标/$进行比较。可以对坐标进行不同的比较，准确而言，是对坐标在各个坐标轴（X/Y/Z）的分量比较。可以检查两个坐标是否有一个坐标轴上的分量，或者两个，或者三个都符合特定条件。"
    },
    {
      "type": "text",
      "text": "要进行比较的坐标轴可以在配置界面中的复选框指定。类似的，要使用的条件（=，>=）可以由单选框指定。$(p)选定的坐标比较同样以文本显示于配置界面中（例：$(thing)x1 <= x2 且 z1 <= z1/$）。"
    },
    {
      "type": "image",
      "images": [
        "pneumaticcraft:textures/items/progwidgets/condition_coordinate_piece.png"
      ],
      "text": "$(italic)条件：坐标/$"
    }
  ]
}