{
  "name": "坐标算子",
  "icon": "pneumaticcraft:textures/items/progwidgets/coordinate_operation_plus_minus.png",
  "category": "widget_other",
  "advancement": "pneumaticcraft:programmer",
  "pages": [
    {
      "type": "text",
      "text": "$(thing)坐标算子/$用于定义和/或操纵$(l:programming/variables)变量/$，可以用于高级功能。该拼图需要连接一个或多个$(l:programming/coordinate)坐标/$拼图来定义要被使用的数值，并对其进行指定的算术运算（在坐标算子的配置界面中定义）。"
    },
    {
      "type": "text",
      "text": "可用运算有：$(li)$(bold)+ -$：把右侧的拼图相加，并减去左侧的拼图。$(li)$(bold)* //$：把右侧的拼图相乘，并将结果除以左侧拼图。$(li)$(bold)最大值 最小值$：从右侧的拼图中选取最大的 x, y, z 坐标值，然后从左侧的拼图中选取最小的 x, y, z 坐标值，最后选取这两个值的最大值。"
    },
    {
      "type": "text",
      "text": "最终结果被存储在配置界面中的变量名代表的$(l:programming/variables)变量/$。可以稍后使用该$(thing)变量/$取回运算结果：$(li)在$(l:programming/area)区域/$拼图中可以使用$(thing)变量/$名而非定位坐标来定义坐标$(li)可以使用$(l:programming/condition_coordinate)条件：坐标/$执行对于$(thing)变量/$的测试。"
    },
    {
      "type": "image",
      "images": [
        "pneumaticcraft:textures/items/progwidgets/coordinate_operation_plus_minus.png"
      ],
      "text": "$(italic)坐标算子/$"
    }
  ]
}