{
  "name": "坐标",
  "icon": "pneumaticcraft:textures/items/progwidgets/coordinate_piece.png",
  "category": "widget_other",
  "advancement": "pneumaticcraft:programmer",
  "pages": [
    {
      "type": "text",
      "text": "$(thing)坐标/$拼图仅用作$(l:programming/coordinate_operator)坐标算子/$和$(l:programming/condition_coordinate)条件：坐标/$的参数。$(p)该拼图可以与$(l:programming/area)区域/$拼图相比较：$(thing)区域/$拼图提供$(italic)两个/$坐标以构成区域，而该拼图只提供$(italic)一个/$坐标。有两种方法提供坐标："
    },
    {
      "type": "text",
      "text": "$(bold)常量/$$(br)一个常量坐标是\ue908\ue909嗯，常量。可以通过选择$(l:tools/gps_tool)定位工具/$或者直接输入坐标的 x,y,z 值来定义这样一个常量。$(p)$(bold)变量/$$(br)通过选择变量可以将存储在$(l:programming/variables)变量/$中的值作为坐标提供。注意：通过该方法只可提供坐标，不可改变原变量的值！"
    },
    {
      "type": "image",
      "images": [
        "pneumaticcraft:textures/items/progwidgets/coordinate_piece.png"
      ],
      "text": "$(italic)坐标/$"
    }
  ]
}

