{
  "name": "无人机条件：流体",
  "icon": "pneumaticcraft:textures/items/progwidgets/condition_drone_liquid_piece.png",
  "category": "widget_cond",
  "advancement": "pneumaticcraft:programmer",
  "pages": [
    {
      "type": "text",
      "text": "这是一个$(l:programming/conditions)条件/$拼图。$(p)$(thing)无人机条件：流体/$允许你检查$(l:tools/drone)无人机/$是否装载有一定量的流体。只会对所连接的$(l:programming/liquid_filter)流体过滤器/$所允许的流体（如果没有，即允许所有流体）进行计量。"
    },
    {
      "type": "image",
      "images": [
        "pneumaticcraft:textures/items/progwidgets/condition_drone_liquid_piece.png"
      ],
      "text": "$(italic)无人机条件：流体/$"
    }
  ]
}