{
  "name": "扔出物品",
  "icon": "pneumaticcraft:textures/items/progwidgets/item_drop_piece.png",
  "category": "widget_interact",
  "advancement": "pneumaticcraft:programmer",
  "pages": [
    {
      "type": "text",
      "text": "该拼图将会使$(l:tools/drone)无人机/$在指定$(l:programming/area)区域/$从自身的物品栏扔出物品。$(thing)右击/$ $(thing)扔出物品/$拼图可以调出配置界面，在此可以指定在区域中的每个方块扔出多少物品。同样可以在此于$(thing)随机/$与$(thing)直线/$模式间切换，亦即，$(item)无人机/$将分别赋予扔出的物品一个随机的偏移动量（与原版$(item)投掷器/$行为相同），或者不给予这一随机动量。"
    },
    {
      "type": "text",
      "text": "同样可以连接$(l:programming/item_filter)物品过滤器/$。连接后，只有符合过滤的物品才可以被扔出。$(p)当$(item)无人机/$的物品栏中没有可用的物品或$(item)无人机/$在区域内的所有位置都执行了扔出物品时，该拼图结束执行。"
    },
    {
      "type": "image",
      "images": [
        "pneumaticcraft:textures/items/progwidgets/item_drop_piece.png"
      ],
      "text": "$(italic)扔出物品/$"
    }
  ]
}