{
  "name": "右击实体",
  "icon": "pneumaticcraft:textures/items/progwidgets/entity_right_click_piece.png",
  "category": "widget_interact",
  "advancement": "pneumaticcraft:programmer",
  "pages": [
    {
      "type": "text",
      "text": "$(l:tools/drone)无人机/$将会使用其物品栏第一个槽位的物品$(thing)右击/$给定$(l:programming/area)区域/$的每个实体各一次。这可以用于剪羊毛，获取牛奶，喂养动物等。"
    },
    {
      "type": "image",
      "images": [
        "pneumaticcraft:textures/items/progwidgets/entity_right_click_piece.png"
      ],
      "text": "$(italic)右击实体/$"
    }
  ]
}