{
  "name": "卸载实体",
  "icon": "pneumaticcraft:textures/items/progwidgets/entity_export_piece.png",
  "category": "widget_interact",
  "advancement": "pneumaticcraft:programmer",
  "pages": [
    {
      "type": "text",
      "text": "$(l:tools/drone)无人机/$将会去往指定$(l:programming/area)区域/$，并将其所搭载的实体卸载，在该实体符合可选的由$(l:programming/text)文本/$拼图指定的$(l:base_concepts/entity_filter)实体过滤器/$的前提下。$(p)亦见$(l:programming/entity_import)搭载实体/$。"
    },
    {
      "type": "image",
      "images": [
        "pneumaticcraft:textures/items/progwidgets/entity_export_piece.png"
      ],
      "text": "$(italic)卸载实体/$"
    }
  ]
}