{
  "name": "去往位置",
  "icon": "pneumaticcraft:textures/items/progwidgets/goto_piece.png",
  "category": "widget_interact",
  "advancement": "pneumaticcraft:programmer",
  "pages": [
    {
      "type": "text",
      "text": "$(thing)去往位置/$的操作很简单：$(l:tools/drone)无人机/$将会前往给定$(thing)区域/$内最近的可到达的位置。$(p)$(ttcolor)$(t:可以配置该拼图立刻结束执行；右击调出配置界面)当无人机到达指定区域/$，或该区域无法到达时，结束该拼图。"
    },
    {
      "type": "image",
      "images": [
        "pneumaticcraft:textures/items/progwidgets/goto_piece.png"
      ],
      "text": "$(italic)去往位置/$"
    }
  ]
}