{
  "name": "收获作物",
  "icon": "pneumaticcraft:textures/items/progwidgets/harvest_piece.png",
  "category": "widget_interact",
  "advancement": "pneumaticcraft:programmer",
  "pages": [
    {
      "type": "text",
      "text": "无人机将会收获给定$(programming/area)区域/$内的任何成熟作物或者树。作物的掉落物$(italic)不会/$被$(item)无人机/$捡起；添加一个$(l:programming/pickup_item)捡起物品/$拼图，或者使用其他手段收集物品，例如另外一台$(item)无人机/$。$(p)可以连接可选的$(l:programming/item_filter)物品过滤器/$限制可被收获的作物（使用作物的种子作为过滤）。"
    },
    {
      "type": "text",
      "title": "使用工具",
      "text": "可以使$(item)无人机/$$(l:programming/inventory_import)输入/$一个$(item)锄/$。搭载有锄时，作物将被自动补种（这将会消耗锄的耐久度）。$(p)可以通过勾选配置界面中的$(thing)需要锄/$选项以确保$(item)无人机/$$(italic)只/$在有锄的情况下收获；此后，若锄完全损坏，无人机可以在继续收获前再输入另一个锄。"
    },
    {
      "type": "text",
      "title": "限制收获方块数量",
      "text": "收获操作的数目可以通过勾选配置界面中的$(thing)限制方块交互数/$并输入限制值限制至特定值。$(p)例如，如果设定为 1，$(item)无人机/$将只收获一个作物方块（无论区域内有多少作物方块）就结束执行本拼图。"
    },
    {
      "type": "image",
      "images": [
        "pneumaticcraft:textures/items/progwidgets/harvest_piece.png"
      ],
      "text": "$(italic)Get off my land/$"
    }
  ]
}