{
  "name": "向容器输出物品",
  "icon": "pneumaticcraft:textures/items/progwidgets/inventory_export_piece.png",
  "category": "widget_interact",
  "advancement": "pneumaticcraft:programmer",
  "pages": [
    {
      "type": "text",
      "text": "与$(l:programming/inventory_import)从容器提取物品/$相反：$(l:tools/drone)无人机/$将去往指定$(l:programming/area)区域/$内最近的容器，并将$(item)无人机/$物品栏中的物品移动到容器中。$(p)$(thing)右击/$打开配置界面，在此可以指定无人机与容器应当交互的面。同样可以在此指定一次传输的物品的最大数量。"
    },
    {
      "type": "text",
      "text": "也可以连接任意数目（包括0）个$(l:programming/item_filter)物品过滤器/$以限制可以被传输的物品。记住，$(italic)右侧/$的物品过滤器作为白名单，$(italic)左侧/$的物品过滤器作为黑名单。$(p)当$(item)无人机/$的物品栏为空，或指定区域内没有可接受物品的容器时，结束执行该拼图。"
    },
    {
      "type": "image",
      "images": [
        "pneumaticcraft:textures/items/progwidgets/inventory_export_piece.png"
      ],
      "text": "$(italic)谢谢您嘞/$"
    }
  ]
}