{
  "name": "物品过滤器",
  "icon": "pneumaticcraft:textures/items/progwidgets/item_filter_piece.png",
  "category": "widget_other",
  "advancement": "pneumaticcraft:programmer",
  "pages": [
    {
      "type": "text",
      "text": "$(thing)物品过滤器/$拼图仅用作其余拼图的参数。可以用其指定哪些方块或物品可以被捡起/放置/开采/\ue908\ue909$(p)$(thing)右击/$拼图以调出配置界面。在此可以点击$(thing)搜索物品\ue908\ue909/$搜索物品，或者点击$(thing)在物品栏查找\ue908\ue909/$从物品栏选取物品。"
    },
    {
      "type": "text",
      "text": "此后，可以应用额外的过滤器设置以控制匹配如何进行；这些选项的用法以提示文本的形式在复选框处显示。$(p)和往常一样，$(italic)右侧/$用作白名单，$(italic)左侧/$用作黑名单。"
    },
    {
      "type": "image",
      "images": [
        "pneumaticcraft:textures/items/progwidgets/item_filter_piece.png"
      ],
      "text": "$(italic)物品过滤器/$"
    }
  ]
}