{
  "name": "物品赋值",
  "icon": "pneumaticcraft:textures/items/progwidgets/item_assign_piece.png",
  "category": "widget_other",
  "advancement": "pneumaticcraft:programmer",
  "pages": [
    {
      "type": "text",
      "text": "$(thing)物品赋值/$是一个高级拼图，用于将物品存为$(l:programming/variables)变量/$。变量可以为坐标或物品；此处讨论的变量为物品。$(p)亦见$(l:programming/coordinate_operator)坐标算子/$获取关于坐标变量的信息和对于变量的基本解释。"
    },
    {
      "type": "text",
      "text": "要将物品存于给定$(thing)变量/$，在$(thing)物品赋值/$拼图的$(italic)右侧/$连接一个$(l:programming/item_filter)物品过滤器/$。连接的过滤器将会被赋值给指定变量，而这一变量可以在$(thing)右击/$打开的配置界面指定。只有真正的物品才被赋值；过滤器设置（如使用矿物辞典）不被赋值。"
    },
    {
      "type": "image",
      "images": [
        "pneumaticcraft:textures/items/progwidgets/item_assign_piece.png"
      ],
      "text": "$(italic)物品赋值/$"
    }
  ]
}