{
  "name": "标签",
  "icon": "pneumaticcraft:textures/items/progwidgets/label_piece.png",
  "category": "widget_flow",
  "advancement": "pneumaticcraft:programmer",
  "pages": [
    {
      "type": "text",
      "text": "该拼图仅用于$(l:programming/flow_control)程序流/$。$(thing)标签/$定义程序中$(l:programming/jump)跳转/$和$(l:programming/conditions)条件/$可以跳转至的一点。必须连接一个$(l:programming/text)文本/$拼图以对其命名。任何引用这一$(thing)文本/$的条件/跳转将跳转到这一标签。"
    },
    {
      "type": "text",
      "text": "$(thing)标签/$可以用于在程序流中创建$(italic)分支/$（当使用$(l:programming/conditions)条件/$时），或者仅仅通过拆分拼图的方式整理拼图。小窍门：勾选$(l:programming/programmer)编程器/$界面的左下角的$(bold)显示程序流/$；其将把有同一标签名的$(thing)跳转/条件/标签/$连接起来。"
    },
    {
      "type": "image",
      "images": [
        "pneumaticcraft:textures/items/progwidgets/label_piece.png"
      ],
      "text": "$(italic)标签/$"
    }
  ]
}