{
  "name": "输入流体",
  "icon": "pneumaticcraft:textures/items/progwidgets/liquid_import_piece.png",
  "category": "widget_interact",
  "advancement": "pneumaticcraft:programmer",
  "pages": [
    {
      "type": "text",
      "text": "$(thing)输入流体/$将使$(l:tools/drone)无人机/$转到指定$(l:programming/area)区域/$内最近的储罐，从该储罐提取流体并输入到$(item)无人机/$的内部存储中。$(p)同样可以从世界中的流体方块输入流体，使$(item)无人机/$可以作为移动泵。"
    },
    {
      "type": "text",
      "text": "$(thing)右击/$打开配置界面，在此可以指定无人机应当与储罐交互的面；也可以在此指定一次传输的流体的最大值（单位：mB）。$(p)可以$(ttcolor)$(t:连接至右侧为白名单，左侧为黑名单)连接/$$(l:programming/liquid_filter)流体过滤器/$以限制可以被无人机转移的流体。$(p)当$(item)无人机/$的内部流体存储为满，或指定区域内没有可行的流体可供输入时。结束该拼图。"
    },
    {
      "type": "image",
      "images": [
        "pneumaticcraft:textures/items/progwidgets/liquid_import_piece.png"
      ],
      "text": "$(italic)咕噜/$"
    }
  ]
}