{
  "name": "流体过滤器",
  "icon": "pneumaticcraft:textures/items/progwidgets/liquid_filter_piece.png",
  "category": "widget_interact",
  "advancement": "pneumaticcraft:programmer",
  "pages": [
    {
      "type": "text",
      "text": "$(thing)流体过滤器/$拼图仅用作其余拼图的$(thing)参数/$。可以通过右击调出配置界面，在此可以搜索/选择流体以指定被过滤的流体。"
    },
    {
      "type": "image",
      "images": [
        "pneumaticcraft:textures/items/progwidgets/liquid_filter_piece.png"
      ],
      "text": "$(italic)流体过滤器/$"
    }
  ]
}