{
  "name": "物流",
  "icon": "pneumaticcraft:textures/items/progwidgets/logistics_piece.png",
  "category": "widget_interact",
  "advancement": "pneumaticcraft:programmer",
  "pages": [
    {
      "type": "text",
      "text": "该拼图使$(l:tools/drone)无人机/$执行$(l:logistics:logistic_drone)物流无人机/$的行为，但允许相较于$(item)物流无人机/$更灵活的运用：$(p)$(li)可以与其他拼图配套使用，例如$(l:programming/standby)待机/$拼图使空气利用更加高效$(li)可以自定义$(l:programming/area)区域/$（$(item)物流无人机/$的执行区域固定为以放置无人机处为中心的 33*33*33 的区域）"
    },
    {
      "type": "image",
      "images": [
        "pneumaticcraft:textures/items/progwidgets/logistics_piece.png"
      ],
      "text": "$(italic)物流/$"
    }
  ]
}