{
  "name": "编程器",
  "icon": "pneumaticcraft:programmer",
  "category": "programming",
  "advancement": "pneumaticcraft:printed_circuit_board",
  "pages": [
    {
      "type": "text",
      "text": "$(item)编程器/$是一个使用可视化的编程系统，其中$(l:programming/puzzle_pieces)编程拼图/$在编程器界面中拼接起来的机器，用于向$(l:tools/drone)无人机/$写入程序。$(thing)编程器/$不需要$(l:base_concepts/pressure)压力/$即可运行。$(thing)编程/$类别剩下的部分有更多关于编写无人机程序的信息。"
    },
    {
      "type": "crafting",
      "text": "编程器的合成表",
      "recipe": "pneumaticcraft:programmer"
    },
    {
      "type": "image",
      "images": [
        "pneumaticcraft:textures/patchouli/programmer_gui.png"
      ],
      "text": "$(italic)编程器界面：见下列几页以获取关于每一部分的信息/$"
    },
    {
      "type": "text",
      "text": "$(bold)1. 主编程区/$$(p)该区域是构建程序的区域。拼图由$(thing)拼图列表（区域 2）/$拖至该区域，并拼接起来构成程序。$(p)可以使用鼠标滚轮或右侧的滚动条缩放编程区。"
    },
    {
      "type": "text",
      "text": "$(bold)2. 拼图列表/$$(p)该区域具有用于构建程序的拼图。其具有比所显示的更多的拼图；可以使用下方的箭头遍历拼图，或者按下$(thing)空格/$或 $(thing)Tab/$ 展开列表以显示所有拼图。展开后，列表上方会显示一个文本框，用以查找拼图。"
    },
    {
      "type": "text",
      "text": "$(bold)3. 无人机槽位/$$(p)该区域用于放置要被编程的$(l:tools/drone)无人机/$或$(l:components/network_components)网络存储/网络 API/$。准备好写入程序时，按下 $(thing)⟶/$ 键以写入。若需要，可以使用左侧的文本框对无人机进行命名。若成功，将有声音提示。$(p)按下 $(thing)⟵/$ 键以从无人机（或网络存储/网络 API）导入程序。"
    },
    {
      "type": "text",
      "text": "$(bold)4. 难度选择/$$(p)这些单选框控制拼图列表所显示的拼图。其同时启用/禁用一些高级功能，如$(l:programming/coordinate_operator)变量/$。$(p)$(bold)5. 玩家物品栏/$$(p)你的物品栏；若携有$(l:tools/gps_tool)定位工具/$或$(l:tools/gps_area_tool)区域定位工具/$，可以使用其点击$(l:programming/area)区域/$或$(l:programming/coordinate)坐标/$拼图以转移其携带的信息。"
    },
    {
      "type": "text",
      "text": "$(bold)6. 转到与显示选项/$$(p)这些按钮用于：$(li)转到程序的$(l:programming/start)开始/$拼图$(li)转到最近放置的拼图$(li)选择显示拼图具有的附加信息$(li)选择显示$(l:programming/jump)跳转/$和$(l:programming/label)标签/$拼图之间的连线"
    },
    {
      "type": "text",
      "text": "$(bold)7. 杂项按钮/$$(p)这些界面边框左侧的按钮用于：（按顺序）$(li)$(thing)撤销/$至多 20 次操作$(li)$(thing)重做/$被撤销的操作$(li)以 JSON 文件的形式$(thing)导入或导出/$程序至 $(l:https://pastebin.com)pastebin.com/$（可选登入 Pastebin）$(li)$(thing)删除/$整个程序（可被重做）$(li)将程序$(thing)转化/$为使用$(thing)相对/$坐标（见$(l:programming/programmer#convert_relative)该页/$获取更多信息）"
    },
    {
      "type": "text",
      "title": "共享程序",
      "text": "若想要将程序与其余玩家共享，有好几种选择：$(p)$(li)可以通过 $(l:https://pastebin.com)Pastebin/$ 导出程序$(li)$(thing)Pastebin/$ 界面同时可以用于将程序复制到剪切板，以供复制粘贴$(li)可以将程序保存至$(l:tools/drone)无人机/$或$(l:components/network_components)网络存储/API/$，并在服务器上给予另一玩家。"
    },
    {
      "type": "text",
      "anchor": "convert_relative",
      "title": "转换至相对坐标",
      "text": "假如有一个自动农场的程序，需要被共享。在其余位置的玩家的农场将会在其余坐标处，因此其需要修改每一个$(l:programming/area)区域/$拼图；真是麻烦。$(p)$(thing)转换至相对坐标/$按钮使其更为容易；同时，提供转化程序的指引。"
    },
    {
      "type": "text",
      "anchor": "convert_relative",
      "title": "转换至相对坐标（续）",
      "text": "需要添加一个固定的$(l:programming/coordinate_operator)坐标算子/$拼图，以及包含有$(thing)基准位置/$（例如，输入箱子的位置）的$(l:programming/coordinate)坐标/$拼图。此后，其将程序中的任何绝对位置（区域或坐标）转化为相对与基准位置的坐标。$(p)这样一来，其余玩家只需要修改程序中的一个坐标！"
    }
  ]
}
