{
  "name": "编程拼图",
  "icon": "pneumaticcraft:textures/items/progwidgets/start_piece.png",
  "category": "programming",
  "advancement": "pneumaticcraft:programmer",
  "pages": [
    {
      "type": "text",
      "text": "$(thing)编程拼图/$是在$(l:programming/programmer)编程器/$中用于编程$(item)无人机/$的物品。其在编程无人机时被消耗，但可以在用较小（或空）程序重写$(item)无人机/$时被返还。$(p)在$(item)编程器/$界面中可视化的$(thing)编程拼图/$与使用的$(thing)编程拼图/$相匹配。"
    },
    {
      "type": "text",
      "text": "要向$(l:tools/drone)无人机/$写入程序，$(thing)编程拼图/$需要要么在物品栏中，要么在与$(item)编程器/$相邻（任意面）的容器中。$(p)在创造模式下，整个程序都是免费的：不需要编程拼图。"
    },
    {
      "type": "crafting",
      "recipe": "pneumaticcraft:programming_puzzle",
      "recipe2": "pneumaticcraft:programming_puzzle_v2"
    },
    {
      "type": "crafting",
      "recipe": "pneumaticcraft:programming_puzzle_v3",
      "recipe2": "pneumaticcraft:programming_puzzle_v4"
    },
    {
      "type": "crafting",
      "recipe": "pneumaticcraft:programming_puzzle_v5",
      "recipe2": "pneumaticcraft:programming_puzzle_v6"
    },
    {
      "type": "crafting",
      "recipe": "pneumaticcraft:programming_puzzle_v7",
      "recipe2": "pneumaticcraft:programming_puzzle_v8"
    },
    {
      "type": "crafting",
      "recipe": "pneumaticcraft:programming_puzzle_v9",
      "recipe2": "pneumaticcraft:programming_puzzle_v10"
    },
    {
      "type": "crafting",
      "recipe": "pneumaticcraft:programming_puzzle_v11",
      "recipe2": "pneumaticcraft:programming_puzzle_v12"
    },
    {
      "type": "crafting",
      "recipe": "pneumaticcraft:programming_puzzle_v13"
    }
  ]
}