{
  "name": "重命名无人机",
  "icon": "pneumaticcraft:textures/items/progwidgets/rename_piece.png",
  "category": "widget_other",
  "advancement": "pneumaticcraft:programmer",
  "pages": [
    {
      "type": "text",
      "text": "该拼图重命名$(l:tools/drone)无人机/$，就像使用$(item)命名牌/$$(thing)右击/$无人机一样。名称位于所连接的$(l:programming/text)文本/$拼图中。"
    },
    {
      "type": "text",
      "title": "变量",
      "text": "同样可以通过在$(thing)文本/$拼图中输入$(thing)${<变量名>}/$插入一个$(l:programming/variables)变量/$的值，例如：$(p)  若 $9thing)counter/$ 变量的值被设置为 x=1, y=2, z=3，$(formula)计数：${counter}/$$(p)将被展开为$(thing)计数：1, 2, 3/$。$(l:programming/variables#special)特定/$和$(l:programming/variables#global)全局变量/$同样可以在此处使用。"
    },
    {
      "type": "image",
      "images": [
        "pneumaticcraft:textures/items/progwidgets/rename_piece.png"
      ],
      "text": "$(italic)所以你叫什么？/$"
    }
  ]
}