{
  "name": "输出 RF",
  "icon": "pneumaticcraft:textures/items/progwidgets/rf_export_piece.png",
  "category": "widget_interact",
  "advancement": "pneumaticcraft:programmer",
  "pages": [
    {
      "type": "text",
      "text": "$(l:tools/drone)无人机/$具有 100000FE 的内部能量存储。该拼图将能量从无人机的内部能量存储输出到支持能量的方块（例如：$(item)热力膨胀的能量单元/$或$(item)沉浸工程的电容器/$）。$(p)$(italic)与其名字不同，该拼图检查FE能量，而非RF（红石通量）。该拼图的命名属于历史遗留问题。/$"
    },
    {
      "type": "image",
      "images": [
        "pneumaticcraft:textures/items/progwidgets/rf_export_piece.png"
      ],
      "text": "$(italic)输出 RF/$"
    }
  ]
}