{
  "name": "文本",
  "icon": "pneumaticcraft:textures/items/progwidgets/text_piece.png",
  "category": "widget_other",
  "advancement": "pneumaticcraft:programmer",
  "pages": [
    {
      "type": "text",
      "text": "$(thing)文本/$拼图仅用作其他拼图的参数。其被用于向需要的拼图提供文本数据。$(p)下几页列出了使用该拼图作为参数的拼图。"
    },
    {
      "type": "relations",
      "anchor": "entity_filter",
      "title": "作为实体过滤器",
      "entries": [
        "programming/entity_attack",
        "programming/entity_right_click",
        "programming/entity_import",
        "programming/entity_export",
        "programming/drone_condition_entity"
      ],
      "text": "可以将$(thing)文本/$连接在$(italic)左/$侧以作为黑名单。"
    },
    {
      "type": "relations",
      "title": "为其他拼图所用",
      "entries": [
        "programming/edit_sign",
        "programming/rename",
        "programming/jump",
        "programming/label",
        "programming/wait",
        "programming/conditions"
      ]
    },
    {
      "type": "image",
      "images": [
        "pneumaticcraft:textures/items/progwidgets/text_piece.png"
      ],
      "text": "$(italic)文本拼图/$"
    }
  ]
}