{
  "name": "Decorative Pyre",
  "icon": "roots:decorative_pyre",
  "category": "crafting_decoration",
  "read_by_default": true,
  "pages": [
    {
      "type": "crafting",
      "recipe": "roots:decorative_pyre",
      "text": "Lacking the essential herbs that would make it into a fully functioning $(l:crafting/pyres)pyre$(), this decorative variant burns perpetually once placed.$(br2)It also produces light & heat, allowing the effect of a permanently burning pyre."
    },
    {
      "type": "text",
      "text": "$(warning) Like normal $(l:crafting/pyres)pyres$(), this counts as a ticking tile entity and may have a performance impact when used in large quantities."
    },
    {
      "type": "relations",
      "anchor": "related",
      "entries": [
        "crafting/pyres"
      ]
    }
  ]
}