{
  "name": "Living Arrow",
  "icon": "roots:living_arrow",
  "category": "crafting_armor_tools_living",
  "read_by_default": true,
  "pages": [
    {
      "type": "text",
      "text": "It can be difficult to maintain a $(l:concepts/pacifism)pacifist$() life-style while maintaining a steady supply of feathers in order to make arrows.$(br2)Before you gain access to the $(l:rituals/ritual_aniaml_harvest)Animal Harvest$() ritual, these living arrows will serve you well.$(br2)$(info) In addition to acting as a regular arrow, living arrows do slightly more damage."
    },
    {
      "type": "fey_crafting_template",
      "recipe": "living_arrow"
    },
    {
      "type": "relations",
      "anchor": "related",
      "entries": [
        "crafting/fey_crafter",
        "crafting/wildwood_bow",
        "crafting/wildwood_quiver",
        "resources/bark"
      ]
    }
  ]
}