{
  "name": "Living Shovel",
  "icon": "roots:living_shovel",
  "category": "crafting_armor_tools_living",
  "read_by_default": true,
  "pages": [
    {
      "type": "text",
      "text": "Living tools have a significant advantage over other tools in that they repair themselves as time passes.$(br2)$(info) While having the same harvest level as an iron tool, their overall durability is slightly less.$(br2)Living tools can be manually repaired in an anvil or imbuer using any type of bark."
    },
    {
      "type": "fey_crafting_template",
      "recipe": "living_shovel"
    },
    {
      "type": "relations",
      "anchor": "related",
      "entries": [
        "crafting/fey_crafter",
        "crafting/terrastone_shovel",
        "crafting/runed_excavator",
        "resources/bark"
      ]
    }
  ]
}