{
  "name": "Runed Great-Axe",
  "icon": "roots:runed_axe",
  "category": "crafting_armor_tools_runed",
  "read_by_default": true,
  "pages": [
    {
      "type": "text",
      "text": "Sturdy and durable, retains the ability to naturally regenerate, albeit much slower compared with other tools.$(br2)$(info) This axe has a mining level equivalent to that of a diamond tool.$(br2)$(info) Most significantly, this axe does not break a single block, but instead breaks a 3x3 area."
    },
    {
      "type": "fey_crafting_template",
      "recipe": "runed_axe"
    },
    {
      "type": "relations",
      "anchor": "related",
      "entries": [
        "crafting/fey_crafter",
        "crafting/terrastone_axe",
        "crafting/living_axe",
        "resources/runed_obsidian"
      ]
    }
  ]
}