{
  "name": "Decorative Runestone",
  "icon": "roots:runestone_stairs",
  "category": "crafting_decoration",
  "read_by_default": true,
  "pages": [
    {
      "type": "crafting",
      "recipe": "roots:runestone_chiseled",
      "text": "There are a number of decorative variants of $(l:resources/runestone)runestone$(). $(br2)While $(l:rituals/standing_stones)standing stones$() require a cap of chiseled runestone, any one of the brick variants suffices for the base."
    },
    {
      "type": "crafting",
      "recipe": "roots:runestone_button",
      "recipe2": "roots:runestone_pressure_plate",
      "title": "Redstone Blocks"
    },
    {
      "type": "crafting",
      "recipe": "roots:runestone_slab",
      "recipe2": "roots:runestone_unslab",
      "title": "Slab & Conversion"
    },
    {
      "type": "crafting",
      "recipe": "roots:runestone_wall",
      "recipe2": "roots:runestone_stair",
      "title": "Walls & Stair"
    },
    {
      "type": "crafting",
      "recipe": "roots:runestone_brick",
      "title": "Runestone Brick",
      "text": "This variant of runestone takes on a more ordered appearance, and can likewise be converted into decorative blocks."
    },
    {
      "type": "crafting",
      "recipe": "roots:runestone_brick_button",
      "recipe2": "roots:runestone_brick_pressure_plate",
      "title": "Redstone Blocks"
    },
    {
      "type": "crafting",
      "recipe": "roots:runestone_brick_slab",
      "recipe2": "roots:runestone_brick_unslab",
      "title": "Slab & Conversion"
    },
    {
      "type": "crafting",
      "recipe": "roots:runestone_brick_wall",
      "recipe2": "roots:runestone_brick_stair",
      "title": "Walls & Stair"
    },
    {
      "type": "crafting",
      "recipe": "roots:runestone_brick_alt",
      "title": "Brick Alternate",
      "text": "This alternate version of the runestone brick is more orderly, and can likewise be converted into decorative blocks."
    },
    {
      "type": "crafting",
      "recipe": "roots:runestone_brick_alt_button",
      "recipe2": "roots:runestone_brick_alt_pressure_plate",
      "title": "Redstone Blocks"
    },
    {
      "type": "crafting",
      "recipe": "roots:runestone_brick_alt_slab",
      "recipe2": "roots:runestone_brick_alt_unslab",
      "title": "Slab & Conversion"
    },
    {
      "type": "crafting",
      "recipe": "roots:runestone_brick_alt_wall",
      "recipe2": "roots:runestone_brick_alt_stair",
      "title": "Walls & Stair"
    },
    {
      "type": "crafting",
      "title": "Deconversion",
      "recipe": "roots:runestone_brick_from_chisel",
      "text": "This recipe allows you to 'de-convert' from the alternate type of brick back into the primary runestone."
    },
    {
      "type": "relations",
      "anchor": "related",
      "entries": [
        "resources/runestone",
        "resources/runed_obsidian",
        "rituals/introduction",
        "rituals/standing_stones",
        "rituals/tiers"
      ]
    }
  ]
}