{
  "name": "Runed Excavator",
  "icon": "roots:runed_shovel",
  "category": "crafting_armor_tools_runed",
  "read_by_default": true,
  "pages": [
    {
      "type": "text",
      "text": "Sturdy and durable, retains the ability to naturally regenerate, albeit much slower compared with other tools. $(br2)$(info) This shovel has a mining level equivalent to that of a diamond tool.$(br2)$(info) Most significantly, this shovel does not break a single block, but instead digs a 3x3 area."
    },
    {
      "type": "fey_crafting_template",
      "recipe": "runed_shovel"
    },
    {
      "type": "relations",
      "anchor": "related",
      "entries": [
        "crafting/fey_crafter",
        "crafting/terrastone_shovel",
        "crafting/living_shovel",
        "resources/runed_obsidian"
      ]
    }
  ]
}