{
  "name": "Sylvan Armor",
  "icon": "roots:sylvan_chestplate",
  "category": "crafting_armor_tools",
  "read_by_default": true,
  "pages": [
    {
      "type": "text",
      "text": "This lightweight armor provides significant protection from attacks.$(br2)$(info) In addition, wearing Sylvan armor will reduce herb cost of $(l:spells/introduction)spells$().$(br2)Starting with a 2% reduction with one piece, it increases to 8% with a full set.$(br2)$(info) It can be repaired with $(l:resources/fey_leather)fey leather$()."
    },
    {
      "title": "Sylvan Helmet",
      "type": "fey_crafting_template",
      "recipe": "sylvan_helmet"
    },
    {
      "title": "Sylvan Chestplate",
      "type": "fey_crafting_template",
      "recipe": "sylvan_chestplate"
    },
    {
      "title": "Sylvan Leggings",
      "type": "fey_crafting_template",
      "recipe": "sylvan_leggings"
    },
    {
      "title": "Sylvan Boots",
      "type": "fey_crafting_template",
      "recipe": "sylvan_boots"
    },
    {
      "type": "relations",
      "anchor": "related",
      "entries": [
        "crafting/fey_crafter",
        "resources/fey_leather"
      ]
    }
  ]
}