{
  "name": "Terrastone Shovel",
  "icon": "roots:terrastone_shovel",
  "read_by_default": true,
  "category": "crafting_armor_tools_terrastone",
  "pages": [
    {
      "type": "text",
      "text": "Terrastone tools, like $(cat:crafting_armor_tools_living)living tools$(), naturally repair themselves over time (indeed, more rapidly than living tools do).$(br2)$(info) They have the harvest level of diamond tools, but less durability.$(br2)$(info) This shovel is slick with moss, providing silk touch when harvesting mycelium, grass, etc."
    },
    {
      "type": "fey_crafting_template",
      "recipe": "terrastone_shovel"
    },
    {
      "type": "relations",
      "anchor": "related",
      "entries": [
        "crafting/fey_crafter",
        "crafting/runed_excavator",
        "crafting/living_shovel"
      ]
    }
  ]
}