{
  "name": "Terrastone Sword",
  "icon": "roots:terrastone_sword",
  "category": "crafting_armor_tools_terrastone",
  "read_by_default": true,
  "pages": [
    {
      "type": "text",
      "text": "Terrastone tools, like $(cat:crafting_armor_tools_living)living tools$(), naturally repair themselves over time (indeed, more rapidly than living tools do).$(br2)$(info) They have the damage of diamond tools, but less durability.$(br2)$(info) The sword is capable of instantly breaking cobwebs with silk touch."
    },
    {
      "type": "fey_crafting_template",
      "recipe": "terrastone_sword"
    },
    {
      "type": "relations",
      "anchor": "related",
      "entries": [
        "crafting/fey_crafter",
        "crafting/runed_longsword",
        "crafting/living_sword"
      ]
    }
  ]
}