{
  "name": "Terrastone Axe",
  "icon": "roots:terrastone_axe",
  "category": "crafting_armor_tools_terrastone",
  "read_by_default": true,
  "pages": [
    {
      "type": "text",
      "text": "Terrastone tools, like $(cat:crafting_armor_tools_living)living tools$(), naturally repair themselves over time (indeed, more rapidly than living tools do).$(br2)$(info) They have the harvest level of diamond tools, but less durability.$(br2)$(info) The terrastone axe, especially, allows you to instantly break leaves."
    },
    {
      "type": "fey_crafting_template",
      "recipe": "terrastone_axe"
    },
    {
      "type": "relations",
      "anchor": "related",
      "entries": [
        "crafting/fey_crafter",
        "crafting/runed_great-axe",
        "crafting/living_axe"
      ]
    }
  ]
}