{
  "name": "空气栅管道模块",
  "icon": "pneumaticcraft:air_grate_module",
  "category": "tubes",
  "advancement": "pneumaticcraft:pressure_tube",
  "pages": [
    {
      "type": "text",
      "text": "该模块吸引或排斥周围的实体。施加正$(l:base_concepts/pressure)压力/$时，管道将排斥实体；施加$(thing)负/$压力时，管道将吸引实体。负压可以通过$(l:machines/vacuum_pump)真空泵/$创造。物品实体足够接近容器时，其将被自动输入到相邻的容器内，接受拥有特定面的输入规则的方块（如熔炉）。"
    },
    {
      "type": "text",
      "text": "该模块的作用范围可以使用下列公式计算：$(p)正压状态下：$(p)  $(#272)范围（格） = 4 × 压力（bar）/$$(p)负压状态下：$(p)  $(#272)范围（格） = -16 × 压力（bar）/$$(p)例如，当该模块的压力为 2 bar 时其将会排斥在（4 × 2 =）8 格内的实体。当该模块的压力为 -0.5 bar 时其范围将为（-16 × -0.5 =） 8 格。中键单击空气栅管道模块以显示这一作用范围。"
    },
    {
      "type": "text",
      "title": "散热片主动散热",
      "anchor": "active_cooling",
      "text": "空气栅管道模块同样可以被用于对$(l:machines/heat_sink)散热片/$主动散热。作用范围为以空气栅管道模块前方为基准的 3 * 3 * 3 格内。这一作用范围在放置下模块时被显示。$(p)只有在对于实体的作用范围大于等于 3 格（也就是说，压力至少为 0.75 bar ）时，模块才可以对散热片进行散热。"
    },
    {
      "type": "text",
      "title": "高级印刷电路板",
      "text": "向空气栅管道模块安装$(l:tubes/advanced_pcb)高级印刷电路板/$后，可以控制特定实体受该模块影响。$(p)例如，可以将其设置为仅影响特定玩家，或者仅影响爬行者，或者只影响物品。右击升级后的模块以打开配置界面，在此可以输入$(l:base_concepts/entity_filter)实体过滤/$。"
    },
    {
      "type": "crafting",
      "text": "空气栅管道模块的合成表",
      "recipe": "pneumaticcraft:air_grate_module"
    }
  ]
}