{
  "name": "红石管道模块",
  "icon": "pneumaticcraft:redstone_module",
  "category": "tubes",
  "advancement": "pneumaticcraft:pressure_tube",
  "pages": [
    {
      "type": "text",
      "text": "该模块与同一管网的红石模块交换$(#f00)红石信号/$，相当于将压力管道作为红石导管。$(p)红石管道模块有最高 16 个独立频道；这可以通过使用$(item)染料/$（不会被消耗）右击模块选择。$(p)使用$(item)扳手/$右击模块以在输入和输出模式间切换。"
    },
    {
      "type": "image",
      "images": [
        "pneumaticcraft:textures/patchouli/redstone_module.png"
      ],
      "border": "true"
    },
    {
      "type": "text",
      "title": "高级印刷电路板",
      "text": "向红石管道模块安装$(l:tubes/advanced_pcb)高级印刷电路板/$后，额外的信号处理选项将可用。当模块处于$(thing)输出模式/$时，可以右击模块以打开配置界面，在此可以选择对输出信号进行的操作，例如，反转信号，与另一频道进行与/或/异或操作\ue908\ue909$(p)每个操作的细节在配置界面中有具体描述。"
    },
    {
      "type": "crafting",
      "text": "红石管道模块的合成表",
      "recipe": "pneumaticcraft:redstone_module"
    }
  ]
}