{
  "name": "调节器管道模块",
  "icon": "pneumaticcraft:regulator_tube_module",
  "category": "tubes",
  "advancement": "pneumaticcraft:pressure_tube",
  "pages": [
    {
      "type": "text",
      "text": "调节器管道模块是一个$(thing)管上/$模块，用于限制通过管道的$(l:base_concepts/pressure)压力/$。要设置模块工作的阈值 $(formula)Pt/$，施加强度为 $(formula)S/$ 的$(#f00)红石信号/$：$(p)$(formula)  Pt = (15 - S) / 2/$$(p)例如，强度为 6 的$(#f00)红石信号/$将把压力阈值设置为 $(formula) (15 - 6) / 2 = 4.5 bar/$。"
    },
    {
      "type": "text",
      "text": "模块的窄侧达到这一压力时，模块将阻止空气流过该管道。这一点可以被用作“$(thing)变压器/$”：输入（宽）侧为高压空气，但调节器管道模块将输出端的压力限制到阈值压力。$(p)这可以用于用高压气网供应低压气网。"
    },
    {
      "type": "text",
      "text": "$(thing)调节器管道模块/$$(italic)仅/$允许空气从输入面（宽）通向输出面（窄）；空气无法反向传播。这意味着该模块也可以用作单向阀。$(p)注：$(thing)调节器管道模块/$$(italic)并不/$主动降低输出侧的压力；其只在输出侧压力将升高到阈值时阻止通过模块的空气流动。"
    },
    {
      "type": "text",
      "title": "高级印刷电路板",
      "text": "向调节器管道模块安装$(l:tubes/advanced_pcb)高级印刷电路板/$后，可以在配置界面中更精细地控制阈值。或者，在勾选$(bold)高级配置/$标签页后，基于红石信号调整插值阈值。这一功能与$(l:tubes/pressure_gauge_module#img)压力表管道模块/$相同。"
    },
    {
      "type": "crafting",
      "text": "调节器管道模块的合成表",
      "recipe": "pneumaticcraft:regulator_tube_module"
    }
  ]
}
