{
  "name": "安全阀管道模块",
  "icon": "pneumaticcraft:safety_tube_module",
  "category": "tubes",
  "advancement": "pneumaticcraft:pressure_tube",
  "pages": [
    {
      "type": "text",
      "text": "该模块限制管网中的$(l:base_concepts/pressure)压力/$至特定值，防止$(thing)爆炸/$；过量的压力会被释放到空气中，也就是说，$(thing)能量损失/$。因此，该模块最好配合$(l:tubes/pressure_gauge_module)压力表管道模块/$，以适时发出红石信号，关闭压缩机。"
    },
    {
      "type": "text",
      "text": "要设置模块工作的阈值 $(formula)Pt/$，施加（向模块指向的一侧）强度为 $(formula)S/$ 的$(#f00)红石信号/$：$(p)$(formula)  S = 15 - (2 x Pt)/$$(p)例如，要限制压力至 4.5 bar，红石信号强度为 6（15 - 2 * 4.5）。"
    },
    {
      "type": "text",
      "title": "高级印刷电路板",
      "text": "向安全阀管道模块安装$(l:tubes/advanced_pcb)高级印刷电路板/$后，可以在配置界面中更精细地控制阈值。或者，在勾选$(bold)高级配置/$标签页后，基于红石信号调整插值阈值。这一功能与$(l:tubes/pressure_gauge_module#img)压力表管道模块/$相近，只不过变化方向相反。"
    },
    {
      "type": "crafting",
      "text": "安全阀管道模块的合成表",
      "recipe": "pneumaticcraft:safety_tube_module"
    }
  ]
}
