{
    "demoTool": [
        "tconstruct:pickaxe",
        "tconstruct:broadsword",
        "tconstruct:arrow"
    ],
    "effects": [
        "基于等级的额外伤害",
        "必须在空旷的天空下",
        "多个等级",
        "激活时会闪光"
    ],
    "modifier": "celestial",
    "text": [
        {
            "text": "嵌入工具中的海蓝宝石似乎在开阔的夜空下给它一种闪光效果，增加它的攻击伤害。似乎在高海拔地区更有效。"
        }
    ]
}
