{
    "demoTool": [
        "tconstruct:pickaxe",
        "tconstruct:broadsword",
        "tconstruct:arrow"
    ],
    "effects": [
        "基于Botania材料数量的额外耐久",
        "将挖掘等级提高到黑曜石",
        "一次性使用",
        "十分艳丽！"
    ],
    "modifier": "dragonstone",
    "text": [
        {
            "text": "将龙石添加到匠魂工具的边缘，将使其获得一些耐久性。对于由能容纳Mana的材料制成的工具，该效果会放大。"
        }
    ]
}
