{
  "title": "深渊金属",
  "r": 33,
  "g": 188,
  "b": 194,
  "input": {
    "id": "taiga:abyssum_ore"
  },
  "description": [
    {
      "text": "深渊金属矿石和零素矿石一样，都是得力于太阳风暴的作用下产生的。被磁化的虚空与末地石融为了一体从而存储了大量恒星能量，由于没有基岩，深渊金属矿石的挖掘可以说要在末地岛底部的虚空进行。"
    }
  ],
  "informations": [
    "等级：钴",
    "注意：小心跌入虚空"
  ]
}
