{
  "name": "烧焦的树",
  "icon": "mysticalworld:charred_log",
  "category": "features",
  "pages": [
    {
      "type": "text",
      "title": "烧焦的树",
      "text": "众所周知，大多数的树被烧时都会烧得什么都不剩，尤其是在被闪电击中的时候。不过，特定种类的树更加结实，树叶外的部分能从火焰中几乎完好无损地存活。$(br2)你可能在世界的各处找到这种烧焦树的残骸。"
    },
    {
      "type": "image",
      "title": "一颗烧焦的树",
      "text": "$(l:blocks/charred_wood)烧焦的树木方块$()可以用于装饰。",
      "images": ["mysticalworld:textures/tree.png"]
    }
  ]
}
