{
  "tool": "tconstruct:vein_hammer",
  "text": [
    {
      "text": "矿脉锤是一种大型采掘工具。它可以同时采掘大量同种方块。"
    },
    {
      "text": "\n"
    },
	  {
      "text": "可以一次采掘矿脉内的所有矿石。"
    },
	{
      "text": "\n"
    },
    {
      "text": "免责声明：Thruul工业不对大量误掘效用方块的行为负责。"
    }
  ],
  "properties": [
    "高级采掘工具",
    "矿脉采掘",
    "对石头和矿石有效",
    "额外穿刺伤害"
  ]
}
