{
  "name": "茅草屋",
  "icon": "mysticalworld:thatch",
  "category": "locations",
  "pages": [
    {
      "type": "text",
      "title": "茅草屋",
      "text": "你可以在世界各处找到这种小屋，特别是在地势平缓的地方或者平原类群系。它们可以作为一个不错的开始基地，你在地下室可能还会发现一些好东西！"
    },
    {
      "type": "image",
      "title": "荒野中的小屋！",
      "text": "一个可以安家的好地方。",
      "images": ["mysticalworld:textures/hut.png"]
    }
  ]
}
