{
    "name": "薰衣草面包",
    "icon": "theaurorian:lavenderbread",
    "category": "4agriculture",
    "readbydefault": true,
    "pages": [
        {
            "type": "spotlight",
            "item": "theaurorian:lavenderbread",
            "text": "$(#008cff)薰衣草面包$()是一种由$(#008cff)薰衣草$()制成的简单食物。事实上并没有原版的面包那么好。"
        },
        {
            "type": "crafting",
            "name": "薰衣草面包",
            "recipe": "theaurorian:items/lavenderbread"
        }
    ]
}