{
    "name": "蘑菇洞穴",
    "icon": "theaurorian:mushroomsmall",
    "category": "4agriculture",
    "readbydefault": true,
    "pages": [
        {
            "type": "image",
            "title": "深蓝蘑菇",
            "text": "你可以在地底的洞穴中找到这些蘑菇！",
            "images": [
                "theaurorian:patchouli_books/the_aurorian_guide/en_us/entries/agriculture/mushrooms.png"
            ]
        },
        {
            "type": "spotlight",
            "item": "theaurorian:mushroomsmall",
            "text": "$(#008cff)深蓝蘑菇$()很有弹性，并且可以用于制作$(#008cff)桑葚煲$()！同时$(#008cff)蘑菇水晶$()也会像果实一样生成在这些蘑菇的下方。它们是很好的光源，并且你可以瞬间采集它们！"
        },
        {
            "type": "crafting",
            "name": "桑葚煲",
            "recipe": "theaurorian:items/silkshroomstew",
            "text": "$(#008cff)深蓝蘑菇$()也可以被作为食物食用，当然这需要搭配着$(#008cff)桑葚$()完成。"
        }
    ]
}