{
    "name": "牵牛花",
    "icon": "theaurorian:petuniaplant",
    "category": "4agriculture",
    "readbydefault": true,
    "pages": [
        {
            "type": "spotlight",
            "item": "theaurorian:petuniaplant",
            "text": "$(#008cff)牵牛花$()可以使用镰来采集。不能被种植。"
        },
        {
            "type": "crafting",
            "name": "牵牛花茶",
            "recipe": "theaurorian:items/tea/teapetunia",
            "text": "$(#008cff)牵牛花$()也可以用于制作牵牛花茶，饮用牵牛花茶后可以获得一小段时间的力量效果。"
        }
    ]
}