{
    "name": "桑葚",
    "icon": "theaurorian:silkberry",
    "category": "4agriculture",
    "readbydefault": true,
    "pages": [
        {
            "type": "spotlight",
            "item": "theaurorian:silkberry",
            "text": "$(#008cff)桑葚$()在整个极光幽境中都有分布！它们可以被直接食用，也可以用于制作$(#008cff)桑葚酱$()。它们可以被种植在耕地上！"
        },
        {
            "type": "crafting",
            "name": "桑葚茶",
            "recipe": "theaurorian:items/tea/teasilkberry",
            "text": "$(#008cff)桑葚$()也可以用于制作桑葚茶，饮用桑葚茶后可以获得一小段时间的生命恢复效果。"
        },
        {
            "type": "crafting",
            "name": "桑葚酱",
            "recipe": "theaurorian:items/silkberryjam",
            "text": "$(#008cff)桑葚酱$()自身并没有什么可圈可点的地方，但是将其与$(#008cff)薰衣草面包$()搭配后，制作出的$(#008cff)桑葚酱三明治$()相当不错！"


        }
    ]
}
