{
    "name": "垂柳树液",
    "icon": "theaurorian:weepingwillowsap",
    "category": "4agriculture",
    "readbydefault": true,
    "pages": [
        {
            "type": "spotlight",
            "item": "theaurorian:weepingwillowsap",
            "text": "$(#008cff)垂柳木树液$()可以从垂柳木上获取到。它们可以被用作燃料，也可以食用，食用后可将玩家的中毒效果变为缓慢效果。"


        },
        {
            "type": "text",
            "text": "将中毒效果转变为缓慢效果时会保留剩余时间及等级。"
        }
    ]
}
