{
    "name": "束流转向器",
    "icon": "qmd:beam_diverter_controller",
    "category": "qmd:accelerators",
    "sortnum": 3,
    "pages": [
        {
            "type": "text",
            "text": "束流转向器可以改变带电粒子束流的方向。这会使束流失去少量同步辐射。"
        },
		{
            "title": "建造",
			"type": "text",
            "text": "束流转向器是由加速器外壳构成的5x5x5的正方体，中心有一个双极磁铁。双极磁铁也可以是水平的。加速器所需的内容束流转向器也应包含，因此它必须包含输入及输出模式下的冷却剂出入口以及能量端口。束流转向器中不需要有冷却器。"
        },
		{
            "title": "粒子能量",
			"type": "text",
            "text": "束流转向器能操纵其转向的最大的粒子能量（单位：MeV）与同步加速器相同，取决于双极磁铁的强度$(l:accelerators/ring_accelerator#max_dipole)Eₓ=1000(qB₂R)²/(2m)$(/l)。其中R为束流转向器的有效半径（默认为100，可在配置文件中修改）。"
        },
		{
			"type": "text",
            "text": "束流转向器操纵粒子转向时所失的能量为Eᵦ= Eq²/(6m⁴R²)。$(bold)注意：能量只会在束流被弯曲时出现损失，如果束流直线通过能量则不会降低。$()"
        }
    ]
}
