{
	"name": "减速器",
	"icon": "qmd:decelerator_controller",
	"category": "qmd:accelerators",
	"sortnum": 4,
	"pages": [
		{
			"type": "text",
			"text": "减速器降低通过它的束流中粒子所携的能量。这可被用于为$(l:containment_chambers/neutral_containment)电中性遏制器室$(/l)生成电中性物质。"
		},
		{
			"title": "建造",
			"type": "text",
			"text": "减速器与$(l:accelerators/ring_accelerator#construction)同步加速器$(/l)的建造方式相同。仅有的值得说明的是减速器不能包含同步加速器端口，此外射频腔之外的组件都无用处。"
		},
		{
			"title": "粒子能量",
			"type": "text",
			"text": "减速器和其他$(l:accelerators/general)加速器$(/l)一样需要能量和冷却剂。通入粒子束流才可工作。可被通入的粒子所携能量的最大值与同步加速器相同，取决于双极磁铁的强度$(l:accelerators/ring_accelerator#max_dipole)Eₓ=1000(qB₂R)²/(2m)$(/l)。"
		},
		{
			"type": "text",
			"text": "输出粒子的能量取决于通向控制器的红石信号强度。红石信号最大（15点）时减少的能量接近零，小于1.0 keV。这被用于生成电中性反物质。减速器会令粒子获得E=Eₓ(1-Sᵣ/15)的能量，其中Sᵣ为红石信号强度。"
		},
		{
			"type": "text",
			"text": "打个比方，如果我们拥有一个最大输入能量为2 GeV的减速器，然后我们给控制器提供一个8点的红石信号，于是输出粒子所携的能量为2 GeV*(1-8/15)=933.33 MeV。$(bold)注意：$()如果输入能量低于这个取决于最大输入能量的既定能量大小，减速器不会为输入的粒子充能（即不会提高粒子能量以使之等于目标能量）。"
		}

	]
}