{
	"name": "线性加速器",
	"icon": "qmd:linear_accelerator_controller",
	"category": "qmd:accelerators",
	"sortnum": 1,
	"pages": [
		{
			
			"type": "text",
			"text": "线性加速器可被用于生成粒子束流并提高其所携能量及其聚焦，或提高既有束流所携的能量及聚焦。"
		},
		{
			
			"title": "建造",
			"type": "text",
			"text": "线性加速器是5格高5格宽的长方体，由加速器外壳构成。就像所有的$(l:accelerators/general)加速器$(/l)一样，线性加速器也需要冷却剂出入口和能量端口。线性加速器中心必须有一根连续的、由束流方块构成的长条，束流方块所接触的两面外壳中必须有一端为离子源（或输入模式下的束流端口，如果使用既有束流），而另一端为另一个束流端口。"
		},
		{
			
			"title": "离子源",
			"type": "text",
			"text": "线性加速器是任何粒子系统的起始。线性加速器可以用离子源生成粒子束流。只有离子源中有物品（例如氢罐、氘罐）时，离子源才会生成粒子束流。一定时间后（默认：300秒后）物品会被耗尽，此时它应被替换以保证加速器的持续运行。"
		},
        {
            "title": "启动",
            "type": "text",
            "text": "向控制器提供红石信号即可启动加速器。注意：这会立刻开始消耗相当多的能量，也可能令温度高至过热。"
        }
	]
}