{
	"name": "天体",
	"icon": "minecraft:filled_map",
	"category": "2_exploration",
	"pages": [
		{
			"type": "text",
			"text": "在太空中可以看见行星之类的$(item)天体$()。当你的飞船在行星环绕轨道上时，行星的表明会在你的下方渲染。$(br2)在你飞离之后，行星表面会移回恒星系统之间。"
		},
		{
			"type": "text",
			"text": "像月亮和星星这样的$(item)天体$()是$(item)虚拟$()的：你可以看见它们，也可以飞到其轨道上，但没有对应的来自原版/模组的维度，所以你不能在上面着陆。"
		},
		{
			"type": "text",
			"title": "提示",
			"text": "像 $(item)Optifine$() 这样的模组可能会干预天空渲染，调整你的渲染距离可能会有助于在太空中看见行星。$(br2)$(l:7_about_the_mod/celestial_map)天体图$()只需要在服务端进行定义。客户端会在需要时获取天体图的相关部分。"
		},
		{
			"type": "text",
			"text": "任何添加新维度的模组都可用于添加行星，只需依照喜好修改$(l:7_about_the_mod/celestial_map)天体图$()。"
		}
	],
	"sortnum": 1
}
