{
  "name": "高级空气压缩机",
  "icon": "pneumaticcraft:advanced_air_compressor",
  "category": "compressors",
  "advancement": "pneumaticcraft:advanced_pressure_tube",
  "pages": [
    {
      "type": "text",
      "text": "$(item)高级空气压缩机/$是$(l:compressors/air_compressor)空气压缩机/$的$(l:base_concepts/pressure_tiers)二级/$版本，最大安全压力为 20 bar。其$(ttcolor)$(t:这可以通过安装速度升级来增加)基础/$空气产率为 50mL/t，可以通过$(l:base_concepts/upgrades#speed)速度升级/$以升级。$(p)然而，该压缩机必须被$(l:base_concepts/heat)冷却/$，因为其效率随着温度的增高而降低，直到不产生任何空气。"
    },
    {
      "type": "crafting",
      "text": "$(item)高级空气压缩机/$的合成表",
      "recipe": "pneumaticcraft:advanced_air_compressor"
    }
  ]
}