{
  "name": "创造模式压缩机",
  "icon": "pneumaticcraft:creative_compressor",
  "category": "compressors",
  "advancement": "pneumaticcraft:pressure_tube",
  "pages": [
    {
      "type": "text",
      "text": "$(item)创造模式压缩机/$是一个不可合成的$(l:base_concepts/pressure)空气压缩机/$。$(p)在压缩机界面里选择所需压力，其将在与之连接的所有管道和机器中维持这一压力。"
    },
    {
      "type": "spotlight",
      "item": "pneumaticcraft:creative_compressor",
      "text": "$(italic)合成表？什么合成表？/$"
    }
  ]
}
