{
  "name": "通量压缩机",
  "icon": "pneumaticcraft:flux_compressor",
  "category": "compressors",
  "advancement": "pneumaticcraft:advanced_pressure_tube",
  "pages": [
    {
      "type": "text",
      "text": "$(item)通量压缩机/$将 $(thing)FE能量/$（与 $(thing)RF/$ 能量和某些模组的能量系统兼容）转化为$(l:base_concepts/pressure)压缩空气/$。基础能量耗率为 40 FE/刻，可安装$(l:base_concepts/upgrades#speed)速度升级/$。$(p)通量压缩机的 FE 容量为 100000 FE，可以以能量耗率的 2 倍速率接受能量。"
    },
    {
      "type": "crafting",
      "text": "$(item)通量压缩机/$的合成表$(p)该压缩机必须被$(l:base_concepts/heat)冷却/$，介于其效率会随温度的升高而降低，直至没有任何空气产生。",
      "recipe": "pneumaticcraft:flux_compressor"
    }
  ]
}