{
  "name": "流体压缩机",
  "icon": "pneumaticcraft:liquid_compressor",
  "category": "compressors",
  "advancement": "pneumaticcraft:pressure_tube",
  "pages": [
    {
      "type": "text",
      "text": "$(item)流体压缩机/$是一个简单的压缩机，产生$(l:base_concepts/pressure)压缩空气/$。其消耗液体燃料做到这一点；可在$(bold)可用燃料/$标签页查看可用的燃料与其各自的效率。注：“燃料”包括熔岩等高温液体。"
    },
    {
      "type": "crafting",
      "text": "$(item)流体压缩机/$的合成表",
      "recipe": "pneumaticcraft:liquid_compressor"
    }
  ]
}
