{
	"name": "幻翼膜",
	"category": "armor",
	"icon": "minecraft:phantom_membrane",
	"pages": [
		{
			"type": "spotlight",
			"item": "minecraft:phantom_membrane",
			"text": "一种非常有弹性的物质，就好像漂浮在空中一般。当全身覆盖它，人们会感觉比空气更加轻盈。当装备它时，哪怕只有一件都会被幻翼视而不见。"
		},
		{
			"type": "crafting",
			"recipe": 	"craftandhunt:phantom_helmet",
			"recipe2": 	"craftandhunt:phantom_chestplate"
		},
		{
			"type": "crafting",
			"recipe": 	"craftandhunt:phantom_leggings",
			"recipe2": 	"craftandhunt:phantom_boots"
		}
	]
}