{
	"name": "北极熊皮",
	"category": "armor",
	"icon": "craftandhunt:bear_polar_leather",
	"pages": [
		{
			"type": "spotlight",
			"item": "craftandhunt:bear_polar_leather",
			"text": "由北极熊皮制成的套装。如果有人穿上一整套北极熊套装，他将感觉自己拥有北极熊的力量。北极熊套装会赋予穿戴者力量2。"
		},
		{
			"type": "crafting",
			"recipe": 	"craftandhunt:bear_polar_helmet",
			"recipe2": 	"craftandhunt:bear_polar_chestplate"
		},
		{
			"type": "crafting",
			"recipe": 	"craftandhunt:bear_polar_leggings",
			"recipe2": 	"craftandhunt:bear_polar_boots"
		}
	]
}