{
	"name": "熊猫皮",
	"category": "armor",
	"icon": "craftandhunt:bear_panda_leather",
	"pages": [
		{
			"type": "spotlight",
			"item": "craftandhunt:bear_panda_leather",
			"text": "由熊猫皮制成的套装。如果有人穿上一整套熊猫套装，他将感觉自己拥有熊猫的力量。熊猫套装会赋予穿戴者力量2。"
		},
		{
			"type": "crafting",
			"recipe": 	"craftandhunt:bear_panda_helmet",
			"recipe2": 	"craftandhunt:bear_panda_chestplate"
		},
		{
			"type": "crafting",
			"recipe": 	"craftandhunt:bear_panda_leggings",
			"recipe2": 	"craftandhunt:bear_panda_boots"
		}
	]
}