{
	"name": "守卫者皮",
	"category": "armor",
	"icon": "craftandhunt:guardian_skin",
	"pages": [
		{
			"type": "spotlight",
			"item": "craftandhunt:guardian_skin",
			"text": "厚厚的皮肤被小心地从守护者身上剖下。守护者的刺仍然附着在上面，任何攻击装备者的人都会被刺伤。"
		},
		{
			"type": "crafting",
			"recipe": 	"craftandhunt:guardian_helmet",
			"recipe2": 	"craftandhunt:guardian_chestplate"
		},
		{
			"type": "crafting",
			"recipe": 	"craftandhunt:guardian_leggings",
			"recipe2": 	"craftandhunt:guardian_boots"
		}
	]
}