{
  "name": "养蜂人套装",
  "icon": "thermal:beekeeper_chestplate",
  "category": "thermal:armor",

  "read_by_default": true,
  "flag": "mod:thermal_cultivation",
  "pages": [
    {
      "type": "text",
      "text": "养蜂人套装会以耐久度折损为代价保护你免受任何叮咬与刺扎。仙人掌、甜浆果丛与蜜蜂蛰针都不在话下。但请注意，穿着一整套养蜂人衣物方可实现$(o)全面$()防护！同时请小心，穿着全套套装并不会阻止耐久度折损。"
    },
    {
      "type": "crafting",
      "recipe": "thermal:beekeeper_fabric",
      "text": "养蜂人套装均由这种布料织造而成。"

    },
    {
      "type": "crafting",
      "recipe": "thermal:armor/beekeeper_helmet",
      "recipe2": "thermal:armor/beekeeper_chestplate"

    },
    {
      "type": "crafting",
      "recipe": "thermal:armor/beekeeper_leggings",
      "recipe2": "thermal:armor/beekeeper_boots"
    }
  ]
}