{
  "name": "防化套装",
  "icon": "thermal:hazmat_chestplate",
  "category": "thermal:armor",
  "read_by_default": true,
  "flag": "mod:thermal_innovation",

  "pages": [
    {
      "type": "text",
      "text": "防化套装能有效隔绝烧伤、摔伤及负面效果等由环境因素导致的伤害。需要穿着全套以实现全面防护。在防护状态效果及火焰伤害时会折损耐久度。"
    },
    {
      "type": "crafting",
      "recipe": "thermal:hazmat_fabric",
      "text": "$(o)这把橙色问题很大$()"

    },
    {
      "type": "crafting",
      "recipe": "thermal:armor/hazmat_helmet",
      "recipe2": "thermal:armor/hazmat_chestplate"

    },
    {
      "type": "crafting",
      "recipe": "thermal:armor/hazmat_leggings",
      "recipe2": "thermal:armor/hazmat_boots"
    }
  ]
}