{
  "name": "贪婪使魔",
  "icon": "occultism:textures/gui/book/familiar_greedy.png",
  "category": "occultism:rituals/familiars",
  "sortnum": 15,
  "pages": [
    {
      "type": "entity",
      "entity": "occultism:greedy_familiar",
      "text": "$(bold)提供$()：$(thing)增加掉落物拾取范围$()"
    },
    {
      "type": "occultism:ritual",
      "recipe": "occultism:ritual/familiar_greedy"
    },
    {
      "type": "text",
      "text": "贪婪使魔是一种会为主人拾起附近物品的魔精。被束缚在使魔之戒中时，则会为穿戴者提升拾取范围。"
    },
    {
      "type": "text",
      "text": "被铁匠使魔升级后，它能为主人寻找指定方块。手持想要的方块右击贪婪使魔就能设置目标。"
    }
  ]
}

