{
  "name": "守护者使魔",
  "icon": "occultism:textures/gui/book/familiar_guardian.png",
  "category": "occultism:rituals/familiars",
  "sortnum": 80,
  "pages": [
    {
      "type": "entity",
      "entity": "occultism:guardian_familiar{for_patchouli:true}",
      "text": "$(bold)提供$()：$(thing)使魔存活时防止玩家死亡。$()"
    },
    {
      "type": "occultism:ritual",
      "recipe": "occultism:ritual/familiar_guardian"
    },
    {
      "type": "text",
      "text": "每当主人濒死时，守护者使魔都会牺牲一条肢体来防止死亡的到来。守护者死去后，玩家便不再被保护。被召唤时，使魔身上的肢体数量是$(bold)随机$()的，并不保证能召唤出完整的使魔。"
    },
    {
      "type": "text",
      "text": "被铁匠使魔升级后，它会重新获得一条肢体（只能升级一次）。"

    }
  ]
}

