{
  "name": "木乃伊使魔",
  "icon": "occultism:textures/gui/book/familiar_mummy.png",
  "category": "occultism:rituals/familiars",
  "sortnum": 140,
  "pages": [
    {
      "type": "entity",
      "entity": "occultism:mummy_familiar",
      "scale": 1.0,
      "text": "$(bold)提供$()：$(thing)“回避”状态$()"
    },
    {
      "type": "occultism:ritual",
      "recipe": "occultism:ritual/familiar_mummy"
    },
    {
      "type": "text",
      "text": "木乃伊使魔是功夫大师，会为保护其主人而战。"
    },
    {
      "type": "text",
      "text": "被铁匠使魔升级后，木乃伊使魔会造成更多伤害。"
    }
  ]
}

