{
  "name": "妖精使魔",
  "icon": "occultism:textures/gui/book/familiar_fairy.png",
  "category": "occultism:rituals/familiars",
  "sortnum": 130,
  "pages": [
    {
      "type": "entity",
      "entity": "occultism:fairy_familiar",
      "scale": 0.7
    },
    {
      "type": "occultism:ritual",
      "recipe": "occultism:ritual/familiar_fairy"
    },
    {
      "type": "text",
      "text": "妖精使魔能防止其他使魔死亡（有冷却时间），并通过提供正面状态效应帮助其他使魔。此外，妖精使魔还能通过吸取敌人的生命力来为主人助力。"
    }
  ]
}

