{
  "name": "装配程序",
  "icon": "pneumaticcraft:assembly_program:1",
  "category": "manufacturing",
  "advancement": "pneumaticcraft:printed_circuit_board",
  "pages": [
    {
      "type": "text",
      "text": "$(thing)装配程序/$必须被放入$(l:manufacturing/assembly_system)装配控制器/$以指定其需要执行的操作。其无法被合成，需要通过交易获取；这一交易可以通过$(thing)技工/$或者 $(l:tools/amadron_tablet)Amadron 平板/$进行。"
    },
    {
      "type": "spotlight",
      "title": "钻头和激光",
      "item": "pneumaticcraft:assembly_program:2",
      "text": "$(item)装配程序：钻头和激光/$比较特殊。其并不可处理装配程序：钻头和装配程序：激光各自的合成；相反，其提供需要钻头$(italic)与/$激光的两步操作的单步方法，例如：合成$(l:tubes/pressure_tubes#advanced)高级压力管道/$。"
    }
  ]
}