{
  "name": "热气动加工机",
  "icon": "pneumaticcraft:thermopneumatic_processing_plant",
  "category": "manufacturing",
  "advancement": "pneumaticcraft:refinery",
  "pages": [
    {
      "type": "text",
      "text": "热气动加工机使用$(l:base_concepts/pressure)压力/$和/或$(l:base_concepts/heat)热量/$来处理材料。其有几种用途：$(li)100mB $(thing)液化石油气/$和 1 个$(item)煤炭/$合成为 1000mB $(l:components/plastic)塑料/$。该合成只需要热量，不需要压力。$(li)1000mB $(thing)柴油/$和 1 个$(item)红石粉/$合成为 1000mB $(l:components/lubricant)润滑油/$。与上一个一样，该合成只需要热量，不需要压力。"
    },
    {
      "type": "text",
      "text": "$(li)$(item)热气动加工机/$可以用于将$(l:manufacturing/refinery)精炼厂/$产出的重油裂化为轻油，每级转化率为 80%：$(li)柴油 -> 煤油$(li)煤油 -> 汽油$(li)汽油 -> 液化石油气$(p)该合成既需要热量又需要压力。"
    },
    {
      "type": "link",
      "flag": "mod:crafttweaker",
      "title": "CraftTweaker",
      "text": "$(thing)热气动加工机/$中的合成配方支持被 $(l:https://minecraft.curseforge.com/projects/crafttweaker)CraftTweaker/$ 修改：合成配方可以被加入或移除，见下面链接以获得更多信息。",
      "url": "https://docs.blamejared.com/1.12/zh/Mods/PneumaticCraft_Repressurized/ThermopneumaticProcessingPlant/",
      "link_text": "CraftTweaker 文档"
    },
    {
      "type": "crafting",
      "text": "热气动加工机的合成表",
      "recipe": "pneumaticcraft:thermopneumatic_processing_plant"
    }
  ]
}