{
	"components": [
		{
			"type": "header",
			"text": "#anchor->fcapital",
			"x": -1,
			"y": -1
		},
		{
			"type": "item",
			"item": "#ingot",
			"framed": true,
			"link_recipe": true,
			"x": 40,
			"y": 15,
			"guard": "#singleItem->exists->inv"
		},
		{
			"type": "item",
			"item": "#dust",
			"framed": true,
			"link_recipe": true,
			"x": 60,
			"y": 15,
			"guard": "#singleItem->exists->inv"
		},
		{
			"type": "item",
			"item": "#item",
			"framed": true,
			"link_recipe": true,
			"x": 50,
			"y": 15,
			"guard": "#singleItem"
		},
		{
			"type": "text",
			"text": "元素符号：$(l)#symbol#$()$(br)原子序数：$(l)#num#$()",
			"guard": "#isElement",
			"x": 0,
			"y": 40
		},
		{
			"type": "text",
			"text": "化学式：$(l)#formula#$()",
			"guard": "#isCompound",
			"x": 0,
			"y": 40
		},
		{
			"type": "text",
			"text": "#text",
			"x": 0,
			"y": 60
		}
	]
}