{
	"components": [
		{
			"type": "header",
			"text": "#anchor->fcapital",
			"x": -1,
			"y": -1
		},
		{
			"type": "item",
			"item": "#ore",
			"framed": true,
			"link_recipe": true,
			"x": 30,
			"y": 15
		},
		{
			"type": "item",
			"item": "#dust",
			"framed": true,
			"link_recipe": true,
			"x": 50,
			"y": 15
		},
		{
			"type": "item",
			"item": "#ingot",
			"framed": true,
			"link_recipe": true,
			"x": 70,
			"y": 15
		},
		{
			"type": "text",
			"text": "元素符号：$(l)#symbol#$()$(br)原子序数：$(l)#num#$()",
			"x": 0,
			"y": 40
		}
	]
}