{
  "title": "双锂",
  "r": 121,
  "g": 174,
  "b": 166,
  "input": {
    "id": "taiga:dilithium_ore"
  },
  "description": [
    {
      "text": "双锂生成的地方往往离不开沙子，找到了一片沙滩或许你就离成功又进了一步。你可以使用双锂来作为泰伯利亚的稳定剂。它蕴含非常强大的能量，你甚至可以用它们作为燃料。"
    }
  ],
  "informations": [
    "等级：钻石",
    "注意：爆炸可能导致连锁反应",
    "产地：沙漠、沙滩、海洋"
  ]
}
