{
  "title": "黑陨铁",
  "r": 34,
  "g": 72,
  "b": 83,
  "input": {
    "id": "taiga:obsidiorite_block"
  },
  "description": [
    {
      "text": "黑陨铁块是末地一种普通矿物，它们似乎由虚空中的裂缝产生。冷却下来后，它们便会漂浮在空中。所以，要挖掘它们你还需要搭建一些利于你的脚手架。"
    }
  ],
  "informations": [
    "等级：杜兰特",
    "有时候将会破裂",
    "难以挖掘",
    "漂浮于虚空"
  ]
}
