{
  "title": "钷",
  "r": 55,
  "g": 44,
  "b": 73,
  "input": {
    "id": "taiga:prometheum_ore"
  },
  "description": [
    {
      "text": "一些科学家认为，钷是自然存在的。它由强大的压力和热量产生。是的，地狱是一个不错的产所。钷矿石会不断吸收地狱所产生的能量，并进行发光产生放射性。"
    }
  ],
  "informations": [
    "等级：杜兰特",
    "会自然衰变",
    "会在黑暗中发出光亮",
    "dY: ~16"
  ]
}
