{
  "name": "空气罐",
  "icon": "pneumaticcraft:air_canister",
  "category": "components",
  "advancement": "pneumaticcraft:pressure_tube",
  "pages": [
    {
      "type": "text",
      "text": "$(item)空气罐/$是任何$(l:base_concepts/pressure)可被充气的/$物品或工具的合成材料之一。其同样可以在$(l:machines/charging_station)充气站/$里被充放气。$(item)充气罐/$的容量为 3000 mL，压力最大为 10 bar（它不会爆炸）。合成需要$(item)空气罐/$的任何物品时，产物将保留原空气罐的既有压力。"
    },
    {
      "type": "crafting",
      "text": "空气罐的合成表",
      "recipe": "pneumaticcraft:air_canister"
    }
  ]
}
