{
  "name": "印刷电路板",
  "icon": "pneumaticcraft:printed_circuit_board",
  "category": "components",
  "advancement": "pneumaticcraft:plastic",
  "pages": [
    {
      "type": "text",
      "text": "$(item)印刷电路板/$（PCB）是很多高级机器和工具的重要组成。制作$(item)印刷电路板/$需要好几步。$(p)首先，在$(l:manufacturing/pressure_chamber)压力室/$制作$(item)空印刷电路板/$，合成表参见对页。此后，有两条制作路线（见下页）。"
    },
    {
      "type": "pneumaticcraft:pressure_chamber",
      "item": "pneumaticcraft:empty_pcb:100"
    },
    {
      "type": "text",
      "title": "法1",
      "text": "该方法是初期唯一可用的方法，并且比较慢：可以以化学的法式蚀刻$(item)印刷电路板/$，先将其放入$(l:manufacturing/uv_light_box)紫外线灯箱/$照射，然后将照射过的$(item)空印刷电路板/$扔入$(l:manufacturing/etching_acid)蚀刻酸/$中使其转化为$(item)未组装的印刷电路板/$。"
    },
    {
      "type": "smelting",
      "title": "回收失败的印刷电路板",
      "recipe": "pneumaticcraft:failed_pcb",
      "text": "如果$(item)空印刷电路板/$并没有在$(l:manufacturing/uv_light_box)紫外线灯箱/$中完全照射，刻蚀过程有可能失败；可以在$(item)熔炉/$（或其他熔炼设备）中回收$(item)失败的印刷电路板/$"
    },
    {
      "type": "spotlight",
      "title": "法2",
      "item": "pneumaticcraft:assembly_controller",
      "text": "在制作出$(l:manufacturing/assembly_system)装配线/$后，可以使用其在来$(item)装配控制程序：激光/$的条件下将$(item)空印刷电路板/$直接转化为$(item)未组装的印刷电路板/$。不需要将其在$(item)紫外线灯箱/$中照射或将其扔入$(item)蚀刻酸/$。"
    },
    {
      "type": "pneumaticcraft:assembly_system",
      "item": "pneumaticcraft:unassembled_pcb"
    },
    {
      "type": "crafting",
      "recipe": "pneumaticcraft:printed_circuit_board",
      "text": "最后，可以向其添加$(l:components/capacitor)电容/$和$(l:components/transistor)晶体管/$以装配为完成的$(item)印刷电路板/$！"
    }
  ]
}