{
  "name": "塑料",
  "icon": "forge:bucketfilled{FluidName:'plastic',Amount:1000}",
  "category": "components",
  "advancement": "pneumaticcraft:tp_plant",
  "pages": [
    {
      "type": "text",
      "text": "$(item)塑料/$在$(pncr)中是很重要的合成材料。$(p)$(item)液态塑料/$由$(l:manufacturing/refinery)液化石油气/$和$(item)煤炭/$在$(l:manufacturing/thermopneumatic_processing_plant)热气动加工机/$中合成。"
    },
    {
      "type": "spotlight",
      "title": "固态塑料",
      "item": "pneumaticcraft:plastic:2",
      "text": "$(item)液态塑料/$下一步可以在$(l:manufacturing/plastic_mixer)塑料混合机/$中与$(item)染料/$混合，并固化为染色$(item)塑料/$片。$(p)注：在$(italic)固化/$塑料时不需要向$(item)塑料混合机/$提供$(l:base_concepts/heat)热量/$。"
    }
  ]
}
