{
  "name": "风箱",
  "icon": "pyrotech:bellows",
  "category": "accelerate",
  "pages": [
    {
      "type": "crafting",
      "recipe": "pyrotech:tech/machine/bellows",
      "text": "$(info_cn) 对着$(thing)燃烧类机器$()或者$(item)锻造炉$()放置$(item)风箱$()，在它上面跳，加强空气流动，加速机器速度。"
    },
    {
      "type": "image",
      "images": [
        "pyrotech:textures/gui/book/illustration/bellows_00.png"
      ]
    },
    {
      "type": "relations",
      "entries": [
        "innovate/wood_boards",
        "innovate/stone_brick",
        "innovate/stone_bricks",
        "innovate/stone_rod"
      ]
    }
  ]
}