{
  "name": "锻造炉",
  "icon": "pyrotech:bloomery",
  "category": "accelerate",
  "pages": [
    {
      "type": "text",
      "text": "$(item)锻造炉$()消耗燃料，将矿物烧制成$(item)坯$()。$(p)$(info_cn) $(item)锻造炉$()中拥有的燃料越多，它的加工速度也就越快。$(p)$(info_cn) 燃料的燃烧时间也会影响$(item)锻造炉$()的速度。$(p)$(info_cn) $(item)风箱$()或$(item)机械风箱$()可以加速$(item)锻造炉$()。"
    },
    {
      "type": "crafting",
      "recipe": "pyrotech:tech/bloomery/bloomery",
      "text": "$(item)锻造炉$()用$(item)耐火砖$()制成。"
    },
    {
      "type": "image",
      "title": "Usage",
      "images": [
        "pyrotech:textures/gui/book/illustration/bloomery_00.png"
      ]
    },
    {
      "type": "text",
      "text": "使用时，将矿物和燃料从$(item)锻造炉$()的上方放入，然后用$(l:appendix/ignition)点火装置$()从上方点燃。$(p)当上方的火焰熄灭，你就可以清理掉$(item)灰烬$()，取出$(item)坯$()了。$(p)$(info_cn) $(item)灰烬$()需要使用锹右击$(item)锻造炉$()的上方。$(p)$(warning_cn) 记住，$(item)坯$()非常非常烫，用手拿是不可取的！"
    },
    {
      "type": "fuel_bloomery",
      "text": "有些燃料在$(item)锻造炉$()中显得更有效率。",
      "fuel": "minecraft:coal_block",
      "fuel2": "pyrotech:coal_coke_block",
      "fuel3": "pyrotech:living_tar"
    },
    {
      "type": "relations",
      "entries": [
        "accelerate/refractory_brick_block",
        "accelerate/coal",
        "accelerate/coal_coke",
        "bloom/living_tar"
      ]
    }
  ]
}