{
  "name": "煤炭",
  "icon": "minecraft:coal",
  "category": "accelerate",
  "pages": [
    {
      "type": "rrt_anvil_recipe",
      "header": true,
      "recipe": "pyrotech:coal_block_to_coal",
      "header2": true,
      "recipe2": "pyrotech:coal_pieces",
      "text": "$(item)煤炭块$()可以被打成$(item)煤炭$()，$(item)煤炭$()可以被打成$(item)煤炭碎片$()。"
    },
    {
      "type": "spotlight",
      "item": "minecraft:coal_ore",
      "text": "$(info_cn) $(item)煤矿$()可以被挖掘成$(item)煤炭碎片$()。$(p)$(info_cn) 使用$(thing)铁质工具$()时，可以将$(item)煤矿$()挖掘成$(item)煤炭$()。"
    },
    {
      "type": "rrt_mechanical_compactor_recipe",
      "header": true,
      "recipe": "pyrotech:coal_block",
      "recipe2": "pyrotech:coal_block_from_pieces",
      "text": "$(item)煤炭$()和$(item)煤炭碎片$()可以被压缩成$(item)煤炭块$()。"
    },
    {
      "type": "fuel_coal",
      "recipe": "pyrotech:coal_block",
      "fuel": "minecraft:coal_block",
      "text": "将$(item)木炭快$()浸泡在$(item)煤焦油$()中可以制成$(item)煤炭块$()。"
    },
    {
      "type": "spotlight",
      "item": "pyrotech:dense_coal_ore",
      "link_recipe": true,
      "text": "$(item)致密煤矿$()常常在很深的地底，在$(item)煤矿$()的包围下出现。$(p)$(info_cn) 它需要用$(thing)铁质工具$()采集。"
    },
    {
      "type": "relations",
      "entries": [
        "adapt/anvil_granite",
        "bloom/anvil_ironclad",
        "bloom/mechanical_compactor",
        "innovate/soaking_pot",
        "accelerate/bloomery",
        "bloom/wither_forge"
      ]
    }
  ]
}