{
  "name": "点火器",
  "icon": "pyrotech:igniter:0",
  "category": "accelerate",
  "pages": [
    {
      "type": "text",
      "text": "当接收到红石信号时，$(item)点火器$()会点燃它前方的方块。$(p)$(info_cn) $(item)耐火砖点火器$()是一种$(thing)耐火方块$()。"
    },
    {
      "type": "crafting",
      "recipe": "pyrotech:ignition/igniter_stone",
      "recipe2": "pyrotech:ignition/igniter_brick"
    },
    {
      "type": "relations",
      "entries": [
        "innovate/stone_brick",
        "innovate/refractory_brick"
      ]
    }
  ]
}
