{
  "name": "水产捕捞器",
  "icon": "thermal:device_fisher",
  "category": "thermal:devices",
  "read_by_default": true,
  "flag": "mod:thermal_cultivation",
  "pages": [
    {
      "type": "text",
      "text": "水产捕捞器是一种可在水体中被动地捕捞鱼类的设备，捕捞速率将因所处的生物群系、天气和增强配置而改变，最低的捕捞间隔为数分钟，$(l:thermal:technology/augments/integral_components)整合组件$(/l)和$(l:thermal:technology/augments/area_radius)径向范围拓展$(/l)增强则可提升捕捞速率。你可以选择为其提供$(l:thermal:world/materials/bait)鱼饵$(/l)来进一步提升速率或对捕捞产物进行人为干预。"
    },
    {
      "type": "crafting",
      "recipe": "thermal:device_fisher",
      "title": "水产捕捞器",
      "text": "若加装了$(l:thermal:technology/augments/xp_storage)知识浓缩存储$(/l)增强，水产捕捞器还将在每次捕捞中额外捕获 1 至 3 点经验。"
    },
    {
      "type": "text",
      "title": "兼容增强",
      "text": "$(li)$(l:thermal:technology/augments/integral_components)整合组件$(/l)$(li)$(l:thermal:technology/augments/item_filter)物品过滤规制$(/l)$(li)$(l:thermal:technology/augments/xp_storage)知识浓缩存储$(/l)$(li)$(l:thermal:technology/augments/area_radius)径向范围拓展$(/l)"
    }
  ]
}