{
  "name": "销毁器",
  "icon": "thermal:device_nullifier",
  "category": "thermal:devices",
  "read_by_default": true,
  "flag": "|mod:thermal_expansion,mod:thermal_dynamics",
  "pages": [
    {
      "type": "text",
      "text": "销毁器可将通过自动化途径（例如漏斗）输入至此的物品与流体全部立即销毁，但若将物品手动放入界面内的物品槽位，则必须通过点击“销毁物品”按钮来完成销毁，在此之前，物品将缓存于槽位中。可通过安装$(l:thermal:technology/augments/item_filter)物品过滤规制$(/l)增强来限制可被自动输入的物品种类。"
    },
    {
      "type": "crafting",
      "recipe": "thermal:device_nullifier",
      "title": "销毁器",
      "text": "红石控制设定仅影响物品及流体的自动输入，而非手动放入物品的操作。"
    },
    {
      "type": "text",
      "title": "兼容增强",
      "text": "$(li)$(l:thermal:technology/augments/item_filter)物品过滤规制$(/l)"
    }
  ]
}