{
  "name": "造石机",
  "icon": "thermal:device_rock_gen",
  "category": "thermal:devices",
  "read_by_default": true,
  "flag": "mod:thermal_expansion",
  "pages": [
    {
      "type": "text",
      "text": "造石机是一台当紧旁存在的方块及流体源块符合条件时自动生产无限石类资源的设备。若要生产最基础的圆石，只需在一侧放置一个熔岩源，在另一侧放置一个水源即可。部分配方会对造石机下方的方块有特殊要求，具体请查询 JEI。"
    },
    {
      "type": "crafting",
      "recipe": "thermal:device_rock_gen",
      "title": "造石机",
      "text": "最基础的造石机生产效率仅为每秒 1 块，但加装$(l:thermal:technology/augments/integral_components)整合组件$(/l)后生产效率最高可达每秒 4 块。若设备旁的方块或流体类型的改变导致了配方匹配的变更，则输出槽中的所有物品均会被销毁来为新配方的输出产物留空。"
    },
    {
      "type": "text",
      "title": "兼容增强",
      "text": "$(li)$(l:thermal:technology/augments/integral_components)整合组件$(/l)"
    }
  ]
} 