{
  "name": "无限核弹",
  "icon": "industrialforegoing:infinity_nuke",
  "category": "tools",
  "sortnum": 3,
  "read_by_default": true,
  "pages": [
    {
      "type": "text",
      "text": "无限核弹是一种会造成巨大破坏的工具，其爆炸半径与充能等级和内部生物燃油的数量有关。无限核弹并不会破坏已声明区块中的东西。$(br2)为了让它爆炸你需要把它放地上，右键以准备爆炸，再使用打火石右击来使它爆炸。"
    }
  ]
}