{
  "name": "无限背包",
  "icon": "industrialforegoing:infinity_backpack",
  "category": "tools",
  "sortnum": 3,
  "read_by_default": true,
  "pages": [
    {
      "type": "text",
      "text": "无限背包是一种能让你便携的存储大量物品的工具。$(br2)它可以存储三种特定的液体：$(6)生物燃油$()将允许自动化功能，$(6)精华液$()来自收集的经验（当自动拾取开启时），而$(6)肉汤$()会自动喂食。"
    },
    {
      "type": "text",
      "text": "当$(6)磁力模式$()开启时，附近的能够被捡起的物品会被传送到玩家身上。$(br2)当$(6)自动拾取$()开启时，玩家捡起的物品会自动进入背包。$(br2)每个槽位都可以设置$(6)清空$()超出物品和给物品栏中不满一组的物品$(6)补充$()成一组物品。 "
    }
  ]
}