{
  "name": "被附身的骷髅",
  "icon": "minecraft:skeleton_skull",
  "category": "occultism:rituals/possession",
  "sortnum": 2,
  "pages": [
    {
      "type": "entity",
      "entity": "occultism:possessed_skeleton",
      "text": "掉落：1x $(item)骷髅头颅$()，..."
    },
    {
      "type": "occultism:ritual",
      "recipe": "occultism:ritual/possess_skeleton"
    },
    {
      "type": "text",
      "text": "本仪式利用$(thing)鸡$()的生命能量生成了一只$(thing)骷髅$()，随后，此骷髅便被一只$(thing)魔精$()附身。$(thing)被附身的骷髅$()免疫阳光照射，被杀死时至少掉落一个$(item)骷髅头颅$()。"}
  ]
}

