{
  "name": "被附身的末影人",
  "icon": "minecraft:ender_pearl",
  "category": "occultism:rituals/possession",
  "sortnum": 3,
  "pages": [
    {
      "type": "entity",
      "entity": "occultism:possessed_enderman",
      "text": "掉落：1-3x $(item)末影珍珠$()"
    },
    {
      "type": "occultism:ritual",
      "recipe": "occultism:ritual/possess_enderman"
    },
    {
      "type": "text",
      "text": "仪式利用$(thing)猪$()的生命能量，生成了一只$(thing)末影人$()，然后这一末影人立即被召唤出的$(thing)巨灵$()附身。被杀死时，$(thing)被附身的末影人$()会至少掉落一颗$(item)末影珍珠$()。"}
  ]
}

