{
  "name": "灰烬",
  "icon": "pyrotech:material:0",
  "category": "gather",
  "pages": [
    {
      "type": "spotlight",
      "item": "pyrotech:material:0",
      "link_recipe": true,
      "text": "$(item)灰烬$()是$(item)篝火$()，$(thing)坑窑$()以及$(item)锻造炉$()的副产物。"
    },
    {
      "type": "rt_compacting_bin_recipe",
      "header": true,
      "recipe": "pyrotech:ash_pile",
      "text": "$(item)灰烬$()可以被$(thing)压$()成$(item)灰烬堆$()。"
    },
    {
      "type": "relations",
      "entries": [
        "survive/introduction",
        "innovate/pit_burn",
        "accelerate/bloomery",
        "innovate/compacting_bin",
        "bloom/mechanical_compactor",
        "adapt/mulch"
      ]
    }
  ]
}