{
  "name": "粘土粒",
  "icon": "pyrotech:material:17",
  "category": "gather",
  "pages": [
    {
      "type": "spotlight",
      "link_recipe": true,
      "item": "pyrotech:material:17",
      "text": "$(item)粘土粒$()可以从粘土块掉落或由$(item)粘土$()合成。"
    },
    {
      "type": "crafting",
      "recipe": "pyrotech:clay_lump",
      "recipe2": "pyrotech:clay_ball"
    },
    {
      "type": "relations",
      "entries": [
        "innovate/refractory_brick",
        "adapt/shears_clay",
        "adapt/bucket_wood_and_clay",
        "innovate/bucket_stone"
      ]
    }
  ]
}
