{
  "name": "植物纤维",
  "icon": "pyrotech:material:12",
  "category": "gather",
  "pages": [
    {
      "type": "crafting",
      "recipe": "pyrotech:plant_fibers",
      "recipe2": "pyrotech:plant_fibers_from_tallgrass"
    },
    {
      "type": "spotlight",
      "item": "pyrotech:material:12",
      "text": "$(item)植物纤维$()在破坏高草丛时掉落。$(p)$(item)植物纤维$()也可以被制作。"
    },
    {
      "type": "relations",
      "entries": [
        "adapt/bucket_wood_and_clay",
        "adapt/plant_fibers_dried",
        "adapt/drying_rack",
        "survive/hammer_crude",
        "survive/tools_crude",
        "survive/fishing_rod_crude"
      ]
    }
  ]
}
