{
  "name": "骨头碎片&燧石碎片",
  "icon": "pyrotech:material:11",
  "category": "gather",
  "pages": [
    {
      "type": "text",
      "text": "$(item)骨碎片$()可以在挖掘$(item)化石矿$()时掉落。"
    },
    {
      "type": "rrt_anvil_recipe",
      "recipe": "pyrotech:bone_shard_from_bone",
      "recipe2": "pyrotech:bone_shard_from_block",
      "text": "$(item)骨碎片$()也可以用更大的骨头在$(item)砧台$()上敲出来。"
    },
    {
      "type": "rt_anvil_recipe",
      "recipe": "pyrotech:flint_shard_from_flint",
      "text": "$(item)燧石碎片$()可以用$(item)燧石$()在$(item)砧$()上敲出来。$(p)$(item)燧石碎片$()也会在挖掘$(item)沙砾$()时掉落。$(info_cn)越好的锹掉落燧石的几率越大！"
    },
    {
      "type": "relations",
      "entries": [
        "gather/fossil",
        "adapt/anvil_granite",
        "bloom/anvil_ironclad"
      ]
    }
  ]
}
