{
  "flag": "mod:aquaculture",
  "secret": true,
  "name": "水产养殖包",
  "icon": "buddycards:pack.6",
  "category": "buddycards:sets",
  "sortnum": 5,
  "pages": [
    {
      "type": "text",
      "text": "巴迪卡牌的水产养殖包收集起来并不困难，它很容易量产。它包含总共18张卡片，此外你也可以收集闪卡与不同等级的卡片。$(br2)为了获取水产养殖卡牌，你必须去钓鱼获取对应的卡牌包。"
    },
    {
      "type": "crafting",
      "recipe": "buddycards:aquaculture/buddycard_hook",
      "text": "为了获得水产养殖包，你首先要制作鱼钩和鱼竿。$(br2)这个钩子可以用钓具箱挂在钓竿上，在钓鱼的时候可以钓到水产养殖卡牌或卡牌包。",
      "link_recipe": true
    },
    {
      "type": "crafting",
      "recipe": "buddycards:aquaculture/buddysteel_fishing_rod",
      "text": "另一种获取水产养殖卡牌包的方式是使用巴迪钢鱼竿。这个鱼竿就像其它巴迪钢装备那样，随着你的收集进度提升，钓上卡牌和卡牌包的几率会变大。",
      "link_recipe": true
    },
    {
      "type": "spotlight",
      "title": "水产养殖卡牌包",
      "item": "buddycards:pack.6",
      "text": "使用巴迪钢鱼钩的鱼竿钓鱼时有机会钓到。然而你只能通过这种方式钓到非闪卡的卡牌，水产养殖包是获得闪卡卡牌的唯一方式。",
      "link_recipe": true
    },
    {
      "type": "spotlight",
      "title": "水产养殖卡牌",
      "item": "buddycards:card.6.6",
      "text": "水产养殖包不同于大多数卡牌包，总共会给予3张卡牌，它们之中只有一张会是闪卡。$(br2)卡牌按稀有度分为四个等级：普通的、常见的、稀有的和史诗的。你可以通过卡牌角落的颜色来区分它们。"
    },
    {
      "type": "spotlight",
      "title": "水产养殖卡牌",
      "item": "buddycards:card.6.16{\"foil\":true}",
      "text": "卡牌序号 1-7 稀有度为普通卡，卡牌角落不带有颜色；卡牌序号 8-13 是不寻常卡，带有两个黄角；卡牌序号 14-16 是稀有卡，带有四个蓝角，以及17号和18卡片是带有2个黄角2个紫角的史诗卡。闪卡和非闪卡有着相同的稀有度。"
    },
    {
      "type": "spotlight",
      "item": "buddycards:medal.6",
      "title": "水产养殖包勋章",
      "text": "无论是闪卡还是非闪卡，水产养殖包勋章在集齐全部18张水产养殖包卡片后会自动获得。装备上勋章后，它会给你提供幸运I的增益效果。",
      "link_recipe": true
    },
    {
      "type": "relations",
      "title": "勋章魔咒",
      "entries": [
        "buddycards:enchantments/buddy_binding",
        "buddycards:enchantments/buddy_boost"
      ],
      "text": "勋章还可以附魔上『巴迪绑定』和『巴迪提升』。巴迪提升I会把勋章的增益效果增强为幸运I和海豚的恩惠，巴迪提升II则增强为幸运II和海豚的恩惠。"
    }
  ]
}