{
    "name": "关于这本书",
    "icon": "patchouli:guide_book{'patchouli:book':'naturesaura:book'}",
    "category": "intro",
    "priority": true,
    "pages": [
        {
            "type": "text",
            "text": "$(item)自然灵气之书$()是一切$(#419600)灵气$()相关信息的指南，但它可以做很多事情，而不仅仅是显示信息文本：书中，你可以看到包括但不限于如何$(thing)制作物品$()与$(thing)搭建结构$()。$(br)此外，通过完成$(item)进度$()，更多的章节会随时间解锁——每个新的章节都会以$(thing)红色图标$()来欢迎读者。"
        },
        {
            "type": "text",
            "text": "更进一步，为了指导读者开展研究工作，一些章节还会显示$(thing)橙色图标$()。这些通知指示了读者推进研究所必须要进行的下一步。最后，书本首页有直接通往$(item)进度菜单$()的链接，可以让读者更好地把握全局进度。"
        }
    ]
}
