{
  "name": "紫砺勋章代币",
  "icon": "buddycards:zylex_token",
  "category": "buddycards:enderlings",
  "sortnum": 2,
  "pages": [
    {
      "type": "text",
      "text": "即使末影小贩愿意同你交易，你也很难一次与末影小贩交易到所有东西。$(br2)如果你已经交易完它们的全部交易，你可以给它们一个代币来重置交易。"
    },
    {
      "type": "crafting",
      "recipe": "buddycards:zylex_token",
      "text": "合成相当简单，使用一些末地卡组的卡牌和紫砺来制作。"
    }
  ]
}