{
  "name": "植育一号",
  "icon": "thermal:phytogro",
  "read_by_default": true,
  "category": "thermal:plants",
  "flag": "|mod:thermal_cultivation,mod:thermal_expansion",
  "pages": [
    {
      "flag": "&mod:thermal_cultivation,!mod:thermal_expansion",
      "type": "crafting",
      "recipe": "thermal:phytogro_2",
      "text": "植育一号化肥富含植物生长所需的所有营养成分，既可以同骨粉一样直接对植物使用，也可以借助$(l:thermal:equipment/explosives/phyto_explosives)爆炸$(/l)的力量将其播撒至大片区域。"
    },
    {
      "flag": "&!mod:thermal_cultivation,mod:thermal_expansion",
      "type": "crafting",
      "recipe": "thermal:phytogro_2",
      "text": "植育一号化肥富含植物生长所需的所有营养成分，既可以同骨粉一样直接对植物使用，也可以作为一种$(l:thermal:world/materials/catalysts)催化剂$(/l)作用于某些机器之中。"
    },
    {
      "flag": "&mod:thermal_cultivation,mod:thermal_expansion",
      "type": "crafting",
      "recipe": "thermal:phytogro_2",
      "text": "植育一号化肥富含植物生长所需的所有营养成分，既可以同骨粉一样直接对植物使用，亦或是借助$(l:thermal:equipment/explosives/phyto_explosives)爆炸$(/l)的力量将其播撒至大片区域，也可以作为一种$(l:thermal:world/materials/catalysts)催化剂$(/l)作用于某些机器之中。"
    },
    {
      "type": "crafting",
      "recipe": "thermal:phytogro_4",
      "text": "$(o)村庄中的老者曾提到过植育一号的一种逸失配方，使用树汁与红石通量灌注而成，能使作物收成达到一种在自然情况下永远无法企及的水平。但不幸的是，所有再造这种配方的尝试无不以失败告终。$()"
    },
    {
      "type": "crafting",
      "recipe": "thermal:phytogro_8",
      "recipe2": "thermal:phytosoil"
    },
    {
      "type": "text",
      "text": "植育土，也即注入了植育一号的土壤，能使根植其上的作物增产约一倍，而在$(l:thermal:technology/devices/soil_infuser)植育土注能机$(/l)的加持下甚至能增产至原生产量的 5 倍之多。通量植育土必须像普通泥土那样事先作耕耘处理方可栽种植物，但与耕地不同的是，通量植育土不会被践踏毁坏，且能时刻保持湿润，因而对水源没有特殊需求。"
    }
  ]
}