{
  "name": "合金",
  "icon": "thermal:bronze_ingot",
  "read_by_default": true,
  "category": "thermal:materials",
  "pages": [
    {
      "flag": "mod:thermal_expansion",
      "type": "crafting",
      "recipe": "thermal:fire_charge/bronze_ingot_4",
      "text": "热力系列添加了多种不同的合金材料，可直接在感应炉中进行制作，亦可由火焰弹在合成栏中组合各基础材料而成。"
    },
    {
      "flag": "mod:thermal_expansion",
      "type": "3-3_alloy_page",

      "A.title": "青铜",
      "A.recipe": "thermal:machine/smelter/smelter_alloy_bronze",
      "A.text": "新时代的曙光。",

      "B.title": "殷钢",
      "B.recipe": "thermal:machine/smelter/smelter_alloy_invar",
      "B.text": "受热时膨胀率极低。"
    },
    {
      "flag": "mod:thermal_expansion",
      "type": "3-3_alloy_page",

      "A.title": "琥珀金",
      "A.recipe": "thermal:machine/smelter/smelter_alloy_electrum",
      "A.text": "三界之冠。",

      "B.title": "康铜",
      "B.recipe": "thermal:machine/smelter/smelter_alloy_constantan",
      "B.text": "高热下电阻率仍十分稳定。"
    },
    {
      "flag": "mod:thermal_expansion",
      "type": "3-3_alloy_page",

      "A.title": "流明",
      "A.recipe": "thermal:machine/smelter/smelter_alloy_lumium",
      "A.text": "一块固体阳光。",

      "B.title": "信素",
      "B.recipe": "thermal:machine/smelter/smelter_alloy_signalum",
      "B.text": "拥有比银更加优越的传导性。"
    },
    {
      "flag": "mod:thermal_expansion",
      "type": "3_alloy_page",

      "title": "末影",
      "recipe": "thermal:machine/smelter/smelter_alloy_enderium",
      "text": "全频谐振。"
    },
    {
      "flag": "!mod:thermal_expansion",
      "type": "text",
      "title": "合金",
      "text": "热力系列添加了多种不同的合金材料，使用火焰弹即可在合成栏中将各基础材料组合为合金。"
    },
    {
      "flag": "!mod:thermal_expansion",
      "type": "crafting",
      "recipe": "thermal:fire_charge/bronze_ingot_4",
      "recipe2": "thermal:fire_charge/invar_ingot_3"
    },
    {
      "flag": "!mod:thermal_expansion",
      "type": "crafting",
      "recipe": "thermal:fire_charge/electrum_ingot_2",
      "recipe2": "thermal:fire_charge/constantan_ingot_2"
    },
    {
      "flag": "!mod:thermal_expansion",
      "type": "crafting",
      "recipe": "thermal:fire_charge/lumium_ingot_4",
      "recipe2": "thermal:fire_charge/signalum_ingot_4"
    },
    {
      "flag": "!mod:thermal_expansion",
      "type": "crafting",
      "recipe": "thermal:fire_charge/enderium_ingot_2"
    }
  ]
}