{
  "name": "压缩材料块",
  "icon": "thermal:invar_block",
  "read_by_default": true,
  "category": "thermal:materials",
  "pages": [
    {
      "flag": "!mod:thermal_expansion",
      "type": "text",
      "text": "热力系列为名下各种$(l:thermal:world/ores)矿物$(/l)与$(l:thermal:materials/alloys)合金$(/l)，以及火药、炉渣、富炉渣和木炭添加了易于节省仓储的压缩块形式。考虑到与其它模组的兼容性，九合一配方的合成产物将由摆放于合成栏中央的材料归属模组所决定。例如：合成栏中央为来自 Thermal（热力）的铜锭，而周围的 8 个槽位为 Immersive Engineering（沉浸工程）的铜锭，则产物为热力的铜块。"
    },
    {
      "flag": "mod:thermal_expansion",
      "type": "text",
      "text": "热力系列为名下各种$(l:thermal:world/ores)矿物$(/l)与$(l:thermal:materials/alloys)合金$(/l)，以及火药、炉渣、富炉渣和木炭添加了易于节省仓储的压缩块形式。可以使用$(l:thermal:technology/machines/press)多驱冲压机$(/l)对其进行自动化的合并与拆分。"
    },
    {
      "flag": "mod:thermal_expansion",
      "type": "text",
      "text": "考虑到与其它模组的兼容性，九合一配方的合成产物将由摆放于合成栏中央的材料归属模组所决定。例如：合成栏中央为来自 Thermal（热力）的铜锭，而周围的 8 个槽位为 Immersive Engineering（沉浸工程）的铜锭，则产物为热力的铜块。"

    },
    {
      "type": "crafting",
      "recipe": "thermal:storage/charcoal_block",
      "recipe2": "thermal:storage/gunpowder_block"
    },
    {
      "type": "crafting",
      "recipe": "thermal:storage/slag_block",
      "recipe2": "thermal:storage/rich_slag_block"
    },
    {
      "type": "crafting",
      "recipe": "thermal:storage/apatite_block",
      "recipe2": "thermal:storage/cinnabar_block"
    },
    {
      "type": "crafting",
      "recipe": "thermal:storage/niter_block",
      "recipe2": "thermal:storage/sulfur_block"
    },
    {
      "type": "crafting",
      "recipe": "thermal:storage/copper_block",
      "recipe2": "thermal:storage/tin_block"
    },
    {
      "type": "crafting",
      "recipe": "thermal:storage/lead_block",
      "recipe2": "thermal:storage/silver_block"
    },
    {
      "type": "crafting",
      "recipe": "thermal:storage/nickel_block",
      "recipe2": "thermal:storage/bronze_block"
    },
    {
      "type": "crafting",
      "recipe": "thermal:storage/invar_block",
      "recipe2": "thermal:storage/electrum_block"
    },
    {
      "type": "crafting",
      "recipe": "thermal:storage/constantan_block",
      "recipe2": "thermal:storage/signalum_block"
    },
    {
      "type": "crafting",
      "recipe": "thermal:storage/lumium_block",
      "recipe2": "thermal:storage/enderium_block"
    }
  ]
}