{
  "name": "异界石交易者",
  "icon": "occultism:otherstone",
  "category": "occultism:rituals/summoning",
  "sortnum": 21,
  "pages": [
    {
      "type": "trade_description",
      "heading": "异界石交易者",
      "content": "异界石交易者会帮你把普通石头换成异界石。",
      "input_item": "minecraft:stone",
      "output_item": "occultism:otherstone#4"
    },
    {
      "type": "occultism:ritual",
      "recipe": "occultism:ritual/summon_foliot_otherstone_trader"
    }
  ]
}

