{
  "name": "碎矿者",
  "icon": "occultism:iron_dust",
  "category": "occultism:rituals/summoning",
  "sortnum": 10,
  "pages": [
    {
      "type": "text",
      "title": "碎矿者",
      "text": "碎矿者魔灵常被召唤来将矿石粉碎成矿粉，以高效地使最终产出加倍。它们会挑选合适的矿石粉碎，并将产出矿物粉掉落在地上。紫色粒子和碾碎物体的声音表明碎矿者正在工作。"
    },
    {
      "type": "text",
      "text": "要使自动化更容易，请尝试召唤一只$(l:rituals/summoning/summon_transport_items)搬运工魔灵$(/l)来将箱子里的矿石搬到碎矿者的物品栏，再召唤一只$(l:rituals/summoning/summon_cleaner)清洁工魔灵$(/l)来收集产出的矿粉。"},
    {
      "type": "text",
      "title": "魔精碎矿者",
      "text": "魔精碎矿者是最基础的碎矿者魔灵。"
    },
    {
      "type": "occultism:ritual",
      "recipe": "occultism:ritual/summon_foliot_crusher"
    },
    {
      "type": "text",
      "title": "巨灵碎矿者",
      "text": "巨灵碎矿者的灵髓衰退抗性和碎矿速度都比魔精更好。"
    },
    {
      "type": "occultism:ritual",
      "recipe": "occultism:ritual/summon_djinni_crusher"
    },
    {
      "type": "text",
      "title": "火灵碎矿者",
      "text": "火灵碎矿者的灵髓衰退抗性和碎矿速度都比巨灵更好。"
    },
    {
      "type": "occultism:ritual",
      "recipe": "occultism:ritual/summon_afrit_crusher"
    },
    {
      "type": "text",
      "title": "魔王碎矿者",
      "text": "魔王碎矿者的灵髓衰退抗性和碎矿速度都比火灵更好。"
    },
    {
      "type": "occultism:ritual",
      "recipe": "occultism:ritual/summon_marid_crusher"
    }
  ]
}

