{
  "name": "交易者魔灵",
  "icon": "occultism:textures/gui/book/cash.png",
  "category": "occultism:rituals/summoning",
  "sortnum": 20,
  "pages": [
    {
      "type": "text",
      "text": "交易者魔灵的工作方式是捡起正确的物品并将交易结果扔在地上。魔灵只在发出紫色粒子时积极进行交易。如果你没看见任何粒子，请确保给予了正确种类和数量的物品。$(br2)大多数交易者魔灵都会经历极其严重的灵髓衰退，并会迅速返回$(thing)异世界$()。"},
    {
      "type": "empty",
      "draw_filler": false
    }
  ]
}

