{
  "name": "茄子",
  "icon": "mysticalworld:aubergine",
  "category": "crops",
  "pages": [
    {
      "type": "spotlight",
      "link_recipe": true,
      "item": "mysticalworld:aubergine_seed",
      "text": "不论在世界的哪个地方，只要有草能打，就能找到茄子种子。"
    },
    {
      "type": "spotlight",
      "link_recipe": true,
      "item": "mysticalworld:aubergine",
      "text": "成熟后收获的茄子是好吃美味的零食，还能用在其他菜肴里！",
      "title": "茄子作物"
    }
  ]
}
