{
  "name": "King 的推特账号",
  "icon": "thermal:lumium_gear",
  "category": "thermal:links",
  "read_by_default": true,
  "pages": [
    {
      "type": "link",
      "url": "https://twitter.com/KingLemmingCoFH",
      "link_text": "推特",
      "text": "想及时了解 King Lemming 的个人资讯吗？在推特上点点关注！"


    },
    {
      "type": "spotlight",
      "item": "thermal:lumium_ingot",
      "text": "你知道吗：“流明”得名于其流光溢彩的特性！"
    }
  ]

}