{
  "name": "发酵站",
  "icon": "industrialforegoing:fermentation_station",
  "category": "industrialforegoing:resource_production",
  "sortnum": 20,
  "read_by_default": true,
  "pages": [
    {
      "type": "text",
      "text": "这台机器以原矿石肉汤为原料，在达到设定的水平时将其内装物密封，并按所选的生产类型对其进行发酵。"
    },
    {
      "type": "crafting",
      "recipe": "industrialforegoing:fermentation_station"
    }
  ]
}