{
  "name": "造石加工机",
  "icon": "industrialforegoing:material_stonework_factory",
  "category": "industrialforegoing:resource_production",
  "sortnum": 0,
  "read_by_default": true,
  "pages": [
    {
      "type": "text",
      "text": "新一代$(6)圆石$()生产机器。$(br2)给它提供$(6)60$()RF/t 的能量以及$(6)水$()和$(6)熔岩$()，就可以指定它产生特定的材料。$(br)这些材料可以通过以下操作进一步加工：$(br)$(li)烧制$(br)$(li)粉碎$(br)$(li)合成"
    },
    {
      "type": "crafting",
      "recipe": "industrialforegoing:material_stonework_factory"
    }
  ]
}