{
  "name": "物品过滤规制",
  "icon": "thermal:item_filter_augment",
  "category": "thermal:augments",
  "read_by_default": true,
  "pages": [
    {
      "type": "crafting",
      "recipe": "thermal:augments/item_filter_augment",
      "title": "物品过滤规制",
      "text": "“物品过滤规制”增强会可使机器、设备或装备有选择性地接受物品。装载该增强后，可通过潜行右击方块或物品来打开一个独立的过滤配置界面，而本身自带界面的方块也会多出一个额外的选项卡来打开过滤配置。"
    },
    {
      "type": "text",
      "text": "过滤配置拥有 15 个物品槽位以设定过滤基准，且可设置黑/白名单及匹配/忽略 NBT 模式。"
    }
  ]
}
