{
  "name": "伪装涂敷器",
  "icon": "pneumaticcraft:camo_applicator",
  "category": "tools",
  "advancement": "pneumaticcraft:pressure_tube",
  "pages": [
    {
      "type": "text",
      "text": "$(item)伪装涂敷器/$可以被用于对特定$(pncr)方块涂敷伪装：$(li)$(l:tubes/pressure_tubes)压力管道/$$(li)$(l:machines/pneumatic_door)气动门基座/$$(li)$(l:machines/elevators)电梯基座与电梯呼叫器/$$(li)$(l:machines/charging_station)充气站/$$(p)$(thing)潜行右击/$任意固体方块以复制其外观，或者$(thing)潜行右击/$空气清除所复制的外观。"
    },
    {
      "type": "text",
      "text": "然后，$(thing)右击/$任何可被伪装的方块（见上表）以涂敷/除去伪装。$(p)物品栏中需要有对应的方块才能涂敷伪装，这一过程将会消耗掉对应的方块（但在除去伪装时这一方块将被返还）。$(p)同样可以通过使用镐或其他合适的工具破坏来移除伪装；但伪装用的方块不会返还。"
    },
    {
      "type": "crafting",
      "text": "伪装涂敷器的合成表",
      "recipe": "pneumaticcraft:camo_applicator"
    }
  ]
}