{
  "name": "物流配置器",
  "icon": "pneumaticcraft:logistics_configurator",
  "category": "tools",
  "advancement": "pneumaticcraft:pressure_tube",
  "pages": [
    {
      "type": "text",
      "text": "$(item)物流配置器/$的主要用途是帮助配置$(l:logistics/overview)物流系统/$。$(p)使用物流配置器$(thing)右击/$$(l:logistics/frames)物流框架/$以配置其过滤。$(p)使用物流配置器$(thing)潜行右击/$物流框架以将其移除。"
    },
    {
      "type": "spotlight",
      "item": "pneumaticcraft:logistics_configurator",
      "text": "$(item)物流配置器/$也可以用于移除其余附着在方块上的装置，如$(l:semiblocks/transfer_gadget)传输装置/$和$(l:semiblocks/crop_support)作物架/$。"
    },
    {
      "type": "crafting",
      "text": "物流配置器的合成表",
      "recipe": "pneumaticcraft:logistics_configurator"
    }
  ]
}
