{
  "name": "压力计",
  "icon": "pneumaticcraft:manometer",
  "category": "tools",
  "advancement": "pneumaticcraft:pressure_tube",
  "pages": [
    {
      "type": "text",
      "text": "使用压力计可以测量气动网络中的$(l:base_concepts/pressure)压力/$。此外，某些气动机器/管道具有一些特殊信息。例如，$(l:tubes/safety_module)安全阀管道模块/$显示其安全阈值。也就是说，如果你不想去做红石数学，该工具很有帮助。"
    },
    {
      "type": "crafting",
      "text": "压力计的合成表",
      "recipe": "pneumaticcraft:manometer"
    },
    {
      "type": "text",
      "title": "其余模组",
      "flag": "|mod:theoneprobe,mod:hwyla",
      "text": "安装了 $(thing)The One Probe/$ 或 $(thing)WAILA/HWYLA/$ 等模组后，$(item)压力计/$也许用处不多。"
    }
  ]
}