{
  "name": "机枪弹药",
  "icon": "pneumaticcraft:gun_ammo",
  "category": "tools",
  "advancement": "pneumaticcraft:minigun",
  "pages": [
    {
      "type": "text",
      "text": "机枪弹药被$(l:tools/minigun)加特林机枪/$使用。$(p)取决于弹药类型，一弹夹的弹药最高可供 1000 次射击。开火过程中，弹药被$(item)加特林机枪/$持续消耗；机枪的弹药数量可以在机枪的提示文本、耐久条与（手持时）准心旁侧的悬浮界面中获取。"
    },
    {
      "type": "text",
      "anchor": "magazine",
      "text": "弹药需要被装填至$(item)机枪/$的弹夹；不会自动从玩家物品栏消耗弹药。使用$(item)加特林机枪/$$(thing)潜行右击/$以装载弹药。$(p)弹药按照 1-4 槽位的顺序消耗，但可以$(thing)中键单击/$某槽位以将其锁定，使$(item)加特林机枪/$仅使用该槽的弹药；若装填有多种弹药，这一点或许有所帮助。$(thing)中键单击/$被锁定的槽位以解除锁定。"
    },
    {
      "type": "spotlight",
      "item": "pneumaticcraft:gun_ammo",
      "text": "普通的$(item)机枪弹药/$自身并不具有特殊属性，但弹夹装载 1000 枚弹药。$(p)此外，其为仅有的可与$(l:tools/minigun_ammo#potions)药水/$合成以获取其效果的弹药。"
    },
    {
      "type": "spotlight",
      "item": "pneumaticcraft:gun_ammo_incendiary",
      "text": "$(item)燃烧型机枪弹药/$的弹夹装载 500 枚弹药，并将使被击中的实体着火。$(p)其有概率使方块着火，这一点需要注意。"
    },
    {
      "type": "spotlight",
      "item": "pneumaticcraft:gun_ammo_weighted",
      "text": "$(item)重质型机枪弹药/$的弹夹装载 250 枚弹药，并将造成很大伤害；但介于其重量，射击范围只有普通弹药的 20%。"
    },
    {
      "type": "spotlight",
      "item": "pneumaticcraft:gun_ammo_ap",
      "text": "$(item)破甲型机枪弹药/$的弹夹装载 250 枚弹药，且合成配方较为昂贵；但其造成的伤害略高于普通弹药，且无视护甲的保护。"
    },
    {
      "type": "spotlight",
      "item": "pneumaticcraft:gun_ammo_explosive",
      "text": "$(item)爆炸型机枪弹药/$的弹夹装载 125 枚弹药。在击中时其将有概率引发小型爆炸；需要注意的是，这一爆炸可能对自身造成伤害。$(ttcolor)$(t:见配置文件中的 'B:explosiveAmmoTerrainDamage')默认情况下/$，这一爆炸不会破坏地形。"
    },
    {
      "type": "spotlight",
      "item": "pneumaticcraft:gun_ammo_freezing",
      "text": "$(item)寒冰型机枪弹药/$的弹夹装载 250 枚弹药。其减慢被击中的目标的移动速度，并有小概率将其困入“冰”中，同时造成伤害。$(p)其对于免疫火焰的生物会造成额外伤害，因此可以作为在$(#800)下界/$的良好弹药选择。"
    },
    {
      "type": "text",
      "title": "涂有药水的弹药",
      "anchor": "potions",
      "text": "可以将普通的机枪弹药与任意$(item)药水/$合成，从而使其不造成物理伤害，而有概率对击中目标造成对应的药水效果。$(p)$(thing)喷溅型/$药水与$(thing)滞留型/$药水也可用于合成；其会产生药水原有的范围效应，但沾有喷溅型药水的弹药消耗速率为普通弹药的 3 倍，滞留型则为 6 倍！"
    },
    {
      "type": "crafting",
      "recipe": "pneumaticcraft:gun_ammo",
      "recipe2": "pneumaticcraft:gun_ammo_incendiary"
    },
    {
      "type": "crafting",
      "recipe": "pneumaticcraft:gun_ammo_weighted",
      "recipe2": "pneumaticcraft:gun_ammo_ap"
    },
    {
      "type": "crafting",
      "recipe": "pneumaticcraft:gun_ammo_explosive",
      "recipe2": "pneumaticcraft:gun_ammo_freezing"
    }
  ]
}
