{
  "name": "气动扳手",
  "icon": "pneumaticcraft:pneumatic_wrench",
  "category": "tools",
  "advancement": "pneumaticcraft:pressure_tube",
  "pages": [
    {
      "type": "text",
      "text": "气动扳手是$(pncr)中具有扳手地位的工具。可以使用其执行一系列操作，包括：$(p)$(li)$(thing)右击/$原版或模组的方块以将其旋转$(li)$(thing)潜行右击/$$(pncr)机器以将其拆卸为物品，保存其中的升级和空气"
    },
    {
      "type": "text",
      "text": "$(li)$(thing)右击/$$(l:base_concepts/drones)无人机/$以将其拆卸，使其掉落为物品$(li)$(thing)右击/$$(l:tubes/pressure_tubes)压力管道/$以断开或连接两端管道，用于隔离管线$(p)$(item)气动扳手/$需要在$(l:machines/charging_station)充气站/$内充气才能被使用。"
    },
    {
      "type": "crafting",
      "text": "气动扳手的合成表",
      "recipe": "pneumaticcraft:pneumatic_wrench"
    }
  ]
}