{
  "name": "遥控器",
  "icon": "pneumaticcraft:remote",
  "category": "tools",
  "advancement": "pneumaticcraft:plastic",
  "pages": [
    {
      "type": "text",
      "text": "使用遥控器可以创建一个界面，用于远程控制$(l:tools/drone)无人机/$或$(l:machines/universal_sensor)万能传感器/$，以修改$(l:programming/variables#global)全局变量/$的方式。注：与$(item)万能传感器/$一并使用时，可以通过$(item)遥控器/$实现无线红石！$(p)要开始创建界面，使用$(item)遥控器/$$(thing)潜行右击/$以打开编辑界面。"
    },
    {
      "type": "text",
      "text": "编辑过程与在$(l:programming/programmer)编程器/$中编程相近；从右侧面板中拖拽组件至中央区域。$(p)要复制一个组件，$(thing)中键点击/$已有的组件并移动，要编辑组件的属性，$(thing)右击/$该组件。例如，右击按钮时将会打开下面的界面："
    },
    {
      "type": "image",
      "images": [
        "pneumaticcraft:textures/patchouli/remote_button.png"
      ],
      "text": "在此界面可以配置按钮的外观和行为。"
    },
    {
      "type": "text",
      "text": "下列属性对$(italic)所有/$组件适用：$(li)$(thing)文本/$ - 在该组件上显示的文本$(li)$(thing)文本提示/$ - 鼠标指针悬浮在该组件上时显示的文本提示$(li)$(thing)显示控制变量/$ - 可以通过在此引用$(l:programming/coordinate_operator)变量/$以控制该组件是否显示。向 X/Y/Z 栏输入数值可以指定该组件只有在所引用的变量等于该值时才会显示。"
    },
    {
      "type": "text",
      "title": "标记文本",
      "anchor": "label",
      "text": "标记文本组件显示文本与可选的提示文本，用于提供信息。尽管标记文本不能$(italic)修改/$变量，其可以$(italic)显示/$变量，使用格式 $(thing)${#全局变量名}/$；这可以用于调试。$(p)标记文本没有共有属性外的其他属性。"
    },
    {
      "type": "text",
      "title": "按钮",
      "text": "按钮组件在被按下时将所引用的变量修改为指定值。$(li)$(thing)变量名/$ - 所引用的全局变量。$(li)$(thing)设定值/$ - 要赋值给所引用的变量的值。$(li)$(thing)宽度/高度/$ - 按钮的大小。"
    },
    {
      "type": "text",
      "title": "复选框",
      "text": "复选框组件在被勾选时将所引用的变量的 X 值修改为 1，被取消勾选时将其修改为 0。$(li)$(thing)变量名/$ - 所引用的全局变量。"
    },
    {
      "type": "text",
      "title": "下拉菜单",
      "text": "下拉菜单将所引用的变量的 X 值修改为所选选项的索引。$(li)$(thing)下拉菜单元素/$ - 选项的列表，以半角逗号（,）分割。$(li)$(thing)变量名/$ - 所引用的全局变量。$(li)$(thing)排序/$ - 勾选后，选项将以字典序排序。否则，选项将按指定时的顺序排列。"
    },
    {
      "type": "text",
      "title": "示例",
      "text": "点击左侧的 $(thing)Pastebin/$ 按钮，导入$(l:https://pastebin.com/4yxKG5Jc)该示例/$。$(p)其中有三个复选框，分别设置全局变量 $(thing)signal1, signal2 & signal3/$。$(p)然后，放置 3 个$(l:machines/universal_sensor)万能传感器/$，并提供一定压力。向其安装$(l:base_concepts/upgrades#dispenser)发射器升级/$。从每个$(item)传感器/$引出红石线（隔开一格，使红石线相互独立）。"
    },
    {
      "type": "text",
      "title": "示例（续）",
      "text": "在每个$(item)传感器/$的界面中：$(li)选择$(thing)发射器/$按钮$(li)选择 $(thing)World/$$(li)选择 $(thing)Global Variable/$$(li)在 $(thing)Variable Name/$ 文本框中，各自输入 'signal1'，'signal2' 和 'signal3'。$(p)然后，使用$(item)遥控器/$$(thing)右击/$，并勾选/取消勾选每个复选框。其对应的$(item)传感器/$将会发出红石信号：无线红石！"
    },
    {
      "type": "crafting",
      "text": "遥控器的合成表",
      "recipe": "pneumaticcraft:remote"
    }
  ]
}