{
  "name": "地下石油探测器",
  "icon": "pneumaticcraft:seismic_sensor",
  "category": "tools",
  "advancement": "pneumaticcraft:root",
  "pages": [
    {
      "type": "text",
      "text": "地下石油探测器是在游戏早期使用的物品，用于寻找$(l:base_concepts/oil)石油/$。与大多数工具不同，该探测器不需要$(l:base_concepts/pressure)压力/$即可运作。$(thing)右击/$方块后，将会显示该方块正下方是否有石油。"
    },
    {
      "type": "text",
      "text": "地下石油探测器的检测结构有两种：$(p)$(#008)  没有找到石油。/$$(p)在该方块的正下面没有石油。继续寻找。$(p)$(#008)  在下方 <距离>m 处发现石油。该石油源包含约 <总量> 桶石油。/$$(p)发现石油！该方块处可以放置一台$(l:machines/gas_lift)气举/$以泵出石油。"
    },
    {
      "type": "crafting",
      "text": "地下石油探测器的合成表",
      "recipe": "pneumaticcraft:seismic_sensor"
    }
  ]
}