{
  "name": "涡流炮",
  "icon": "pneumaticcraft:vortex_cannon",
  "category": "tools",
  "advancement": "pneumaticcraft:pressure_tube",
  "pages": [
    {
      "type": "text",
      "text": "$(item)涡流炮/$是一个发射$(thing)涡流/$：空气的一种阻力较小，较为稳定的运动状态。$(p)可以用此向远处的目标产生风力：排斥敌对生物，移动动物，拔除作物和树叶，亦或是剪羊毛。"
    },
    {
      "type": "spotlight",
      "item": "pneumaticcraft:vortex_cannon",
      "text": "$(item)涡流炮/$的压力越高，对实体造成的伤害越大，范围也越大。$(p)注：可以将自己带入被发射的涡流中，这可以用于快速移动。但注意：不提供摔落保护！"
    },
    {
      "type": "crafting",
      "text": "涡流炮的合成表",
      "recipe": "pneumaticcraft:vortex_cannon"
    }
  ]
}