{
  "name": "空气接口",
  "icon": "pneumaticcraft:aerial_interface",
  "category": "machines",
  "advancement": "pneumaticcraft:advanced_pressure_tube",
  "pages": [
    {
      "type": "text",
      "text": "$(item)空气接口/$是一台功能强大的机器，介于其可以与玩家的物品栏相交互。施加足够的$(l:base_concepts/pressure)压力/$后，可以按照与一般容器交互的方式与该机器交互。输入物品并不缓存于接口中，而是$(italic)直接/$传输到目标玩家的物品栏中。例如，可以向接口安装$(l:logistics/frames#requester)物流请求框架/$，并以此在玩家的物品栏中保持至少 64 根火把。"
    },
    {
      "type": "text",
      "text": "默认情况下，玩家的主物品栏由接口的侧面访问，而盔甲槽位则由顶/底面访问。然而，访问配置可以在机器界面中的$(bold)侧面配置/$标签页中重新配置。$(p)可以将任意面配置为访问下列物品栏：$(li)主物品栏$(li)盔甲槽位$(li)副手槽位$(li)末影物品栏（即原版$(item)末影箱子/$的界面）。"
    },
    {
      "type": "text",
      "title": "水下呼吸",
      "text": "当然，既然有一台机器可以与玩家链接，而其又是由$(l:base_concepts/pressure)空气/$供能的，那么应该有一种方法可以在有需要时向玩家传输空气——对吧？玩家在水下时，接口将以80 mL/刻的速率消耗额外空气以保持玩家的水下呼吸。$(p)按空气计，这比安装了$(l:base_concepts/upgrades#scuba)水肺升级/$的$(l:armor/pneumatic_helmet)气动头盔/$效率更高，但并不提供水下清晰视线。"
    },
    {
      "type": "text",
      "title": "传输 FE能量",
      "text": "$(item)空气接口/$接受 $(thing)FE能量/$（与 RF 和其余部分模组的能量系统兼容）。能量被存储在其内部缓存（大小为 100000 FE）中，并用于对玩家物品栏（包括盔甲槽）中可使用 FE 充能的物品充能。"
    },
    {
      "type": "text",
      "title": "Auto-Feeding",
      "text": "安装$(l:base_concepts/upgrades#dispenser)发射器升级/$后，$(item)空气接口/$可以对玩家远程喂食。此时，接口只接受食物物品，并且只有提供的物品可以被完全利用时才可以成功输入。注：若试图输入的物品堆叠数大于 1，接口将在整堆物品可以被一次利用时再进行喂食。可以使用$(item)漏斗/$等低速输入手段确保单次输入的物品堆叠数最小。"
    },
    {
      "type": "text",
      "title": "处理经验",
      "text": "安装$(l:base_concepts/upgrades#dispenser)发射器升级/$后，可以与接口传输部分模组添加的$(thing)经验流体/$。若有多种经验流体可用，可在$(bold)经验/$标签页选择使用的流体。该标签页也显示检测到并可用的所有经验流体。"
    },
    {
      "type": "text",
      "title": "处理经验（续）",
      "text": "需要注意的是，空气接口自身并不具有内部流体缓存；传输的流体直接与玩家的经验值交互。因此，传输经验流体时，传输速率需要大于每刻传输 1 点经验对应的流体量。书写本页时，对于已知的所有流体这一速率为 20 mB/刻。"
    },
    {
      "type": "text",
      "title": "Auto-Charging",
      "text": "若将$(l:tubes/charging_module)充气管道模块/$指向$(item)空气接口/$，可以对物品栏中的$(base_concepts/pressure)可充气/$物品进行充气。$(p)需要注意的是，要对佩戴的$(l:armor/overview)气动盔甲/$充气，充气管道模块应指向与盔甲槽位链接的侧面。"
    },
    {
      "type": "crafting",
      "text": "空气接口的合成表",
      "recipe": "pneumaticcraft:aerial_interface"
    }
  ]
}