{
  "name": "空气加农炮",
  "icon": "pneumaticcraft:air_cannon",
  "category": "machines",
  "advancement": "pneumaticcraft:pressure_tube",
  "pages": [
    {
      "type": "text",
      "text": "$(item)空气加农炮/$是一个可以用于将物品从空中运送过好一段距离的机器。其使用$(l:base_concepts/pressure)压缩空气/$作为将物品发射的推进剂。$(p)同样需要$(l:tools/gps_tool)定位工具/$进行瞄准（尽管定位工具在瞄准完成后便可撤去并被复用）。$(p)$(#f00)红石脉冲/$将使空气加农炮开火。"
    },
    {
      "type": "text",
      "title": "Upgrades",
      "text": "安装$(l:base_concepts/upgrades#dispenser)发射器升级/$后，$(item)空气加农炮/$的行为对于物品相当于原版$(item)发射器/$，例如：TNT或火焰弹。$(p)安装$(l:base_concepts/upgrades#entity_tracker)实体追踪升级/$后，$(item)空气加农炮/$将不会从其内部存储中发射物品；相反，其将把附近最近的实体（包括你自身！）发射。"
    },
    {
      "type": "crafting",
      "text": "空气加农炮的合成表",
      "recipe": "pneumaticcraft:air_cannon"
    }
  ]
}