{
  "name": "充气站",
  "icon": "pneumaticcraft:charging_station",
  "category": "machines",
  "advancement": "pneumaticcraft:pressure_tube",
  "pages": [
    {
      "type": "text",
      "text": "$(item)充气站/$用于对气动物品充气（或放气）。$(item)充气站/$和$(l:base_concepts/pressure)气动/$物品的交互与机器和管道的交互相同：压力差将被平衡。也就是说，需要一个压力很高的$(item)充气站/$以将物品完全充气。"
    },
    {
      "type": "spotlight",
      "item": "pneumaticcraft:charging_station",
      "text": "大多数气动物品的最高压力为 10 bar。但是不要担心爆炸；物品不会因为压力过大而爆炸。相反，在到达最大压力时充气将会停止。"
    },
    {
      "type": "text",
      "title": "充气平台",
      "text": "可以通过安装$(l:base_concepts/upgrades#dispenser)发射器升级/$将充气站转化为$(thing)充气平台/$。这将会把$(item)充气站/$上的所有物品以及站在其上的玩家的物品栏中所有物品充/放气。$(p)$(thing)充气平台/$可以使用$(l:tools/camo_applicator)伪装涂敷器/$进行伪装。"
    },
    {
      "type": "text",
      "title": "管理升级",
      "text": "$(item)充气站/$同时可以用于管理可接受$(l:base_concepts/upgrades)升级/$的物品。要对物品安装升级，将其放置在$(item)充气站/$中，并点击物品槽上方的$(thing)上箭头/$按钮。这将打开另一个界面；对应物品的所有可用升级在这个界面的侧页标签页上列出。"
    },
    {
      "type": "relations",
      "title": "可充气的物品",
      "entries": [
        "tools/air_canister",
        "tools/pneumatic_wrench",
        "tools/logistics_configurator",
        "tools/camo_applicator",
        "tools/vortex_cannon",
        "tools/minigun",
        "tools/drone",
        "tools/manometer",
        "armor/pneumatic_helmet",
        "armor/pneumatic_chestplate",
        "armor/pneumatic_leggings",
        "armor/pneumatic_boots"
      ]
    },
    {
      "type": "crafting",
      "text": "充气站的合成表",
      "recipe": "pneumaticcraft:charging_station"
    }
  ]
}