{
  "name": "电梯",
  "icon": "pneumaticcraft:elevator_base",
  "category": "machines",
  "advancement": "pneumaticcraft:plastic",
  "pages": [
    {
      "type": "text",
      "text": "$(thing)电梯/$是一个可以用于纵向运输任何实体的机器，无论其是物品，怪物，动物或是玩家。$(p)需要在结构的底部放置$(item)电梯基座/$。可以叠加多个电梯基座。$(p)在此之上，放置$(item)电梯框架/$，作为对电梯的支撑。"
    },
    {
      "type": "text",
      "text": "$(item)电梯基座/$和$(item)电梯框架/$各自的数量共同决定了$(thing)电梯/$可以上升的高度。这一最大高度为下面两个数据的较小值：$(li)1 x 竖直堆叠的$(item)电梯框架/$的个数$(li)$(ttcolor)$(t:这一乘数可以在配置文件中更改 - 见 'I:elevatorBaseBlocksPerBase')4 x/$ 竖直堆叠的$(item)电梯基座/$的数目"
    },
    {
      "type": "text",
      "text": "$(thing)电梯/$可以在以下两种模式里运行：$(li)$(bold)红石模式/$：施加于$(item)电梯基座/$的$(#f00)红石信号/$控制电梯的高度，正比于信号强度（信号为 0 时位于最底端，信号为 15 时位于最顶端）。$(li)$(bold)电梯呼叫器/$：$(l:machines/elevators#caller)电梯呼叫器/$可以提供对电梯更复杂的控制。"
    },
    {
      "type": "text",
      "title": "多方块的电梯",
      "text": "可以通过水平连接$(item)电梯基座/$以扩展$(thing)电梯/$的大小。当相邻的$(thing)电梯/$的顶部$(item)电梯基座/$位于统一高度时，$(thing)电梯/$将会共享楼层（由$(l:machines/elevators#caller)电梯呼叫器/$定义）于红石输出，因而形成一个“多方块结构”。"
    },
    {
      "type": "text",
      "title": "回收空气",
      "text": "$(item)电梯基座/$接受最多 4 个$(l:base_concepts/upgrades#charging)充气升级/$，允许其在下降时回收一定的空气（安装前下降既不消耗也不回收空气）。$(p)其代价是下降速度更慢；安装 4 个升级时，会回收上升同一高度所需的空气的 60%，但下降速度会减慢 40%。"
    },
    {
      "type": "text",
      "anchor": "caller",
      "title": "电梯呼叫器",
      "text": "放置在$(item)电梯框架/$旁边的$(item)电梯呼叫器/$用于控制$(thing)电梯/$的高度。放置下一个$(item)电梯框架/$时，其将会计算所含有的$(thing)楼层/$数目，由$(item)电梯呼叫器/$定义。$(p)$(thing)楼层/$可以在$(item)电梯基座/$界面中重命名；楼层名将会显示在$(item)电梯呼叫器/$的按钮中。其可以被点击，以将电梯呼叫到该楼层。"
    },
    {
      "type": "text",
      "title": "电梯呼叫器（续）",
      "text": "此外，$(item)电梯呼叫器/$将会在$(thing)电梯/$位于该楼层时发出$(#f00)红石信号/$，而对电梯呼叫器施加一个$(#f00)红石信号/$将呼叫$(thing)电梯/$至该楼层。$(p)最后，像其他方块一样，$(item)电梯呼叫器/$可以使用$(l:tools/camo_applicator)伪装涂敷器/$进行伪装。"
    },
    {
      "type": "image",
      "images": [
        "pneumaticcraft:textures/patchouli/elevator.png"
      ],
      "border": "true",
      "text": "$(italic)一个具有 3 个电梯呼叫器的小型电梯/$"
    },
    {
      "type": "crafting",
      "recipe": "pneumaticcraft:elevator_base",
      "recipe2": "pneumaticcraft:elevator_frame"
    },
    {
      "type": "crafting",
      "recipe": "pneumaticcraft:elevator_caller"
    }
  ]
}