{
  "name": "散热片",
  "icon": "pneumaticcraft:heat_sink",
  "category": "machines",
  "advancement": "pneumaticcraft:root",
  "pages": [
    {
      "type": "text",
      "text": "$(item)散热片/$是一个用于散发$(l:base_concepts/heat)热量/$的方块。$(p)注意：温度高于 50 ℃ 或 -60 ℃ 的$(item)散热片/$将会在被触碰时造成伤害！$(p)$(item)散热片/$仅散发其所直接连接（实心一侧）的方块的热量。要连接$(item)散热片/$，使用$(l:base_concepts/basic_materials#compressed_iron_block)压缩铁块/$提供更多可供散热片的面。"
    },
    {
      "type": "image",
      "images": [
        "pneumaticcraft:textures/patchouli/heat_sinks.png"
      ],
      "border": "true",
      "text": "$(italic)附着有多个散热片的$(l:compressors/advanced_liquid_compressor)高级流体压缩机/$"
    },
    {
      "type": "text",
      "title": "主动散热",
      "text": "可以通过将$(item)散热片/$放置在$(l:tubes/air_grate_module#active_cooling)空气栅管道模块/$的工作范围内提高其散热效率。模块的工作范围在将其安装到$(l:tubes/pressure_tubes)压力管道/$上时显示。空气栅管道模块的冷却加成可以叠加。"
    },
    {
      "type": "crafting",
      "text": "散热片的合成表",
      "recipe": "pneumaticcraft:heat_sink"
    }
  ]
}