{
  "name": "煤油灯",
  "icon": "pneumaticcraft:kerosene_lamp",
  "category": "machines",
  "advancement": "pneumaticcraft:refinery",
  "pages": [
    {
      "type": "text",
      "text": "$(item)煤油灯/$是强力的光源，消耗……没错，$(l:manufacturing/refinery)煤油/$。这和你也许习以为常的其他大范围光源相近，例如$(thing)神秘时代的奥术灯/$。$(p)$(italic)严格意义上，煤油灯可以消耗任何燃料运行，但煤油的效率比其他燃料，甚至液化石油气更高。/$"
    },
    {
      "type": "text",
      "text": "$(item)煤油灯/$默认光照范围为 10 格（曼哈顿距离）。但是，这可以在配置界面中调整到最大 30 格。注意：随着范围增加，燃料消耗会与其立方成正比增加。也就是说：增大范围到 2 倍，燃料消耗会增大到 8 倍！$(p)然而，煤油灯的燃料消耗很少。1000mB 的煤油可以供默认范围 10 格的煤油灯运行约 $(ttcolor)$(t:煤油灯的燃料效率可以在配置文件里调整：见 'D:keroseneLampFuelEfficiency')40 分种/$。"
    },
    {
      "type": "text",
      "text": "像其他$(pncr)机器一样，$(item)煤油灯/$可以被$(thing)红石/$控制。除开一般的开启/关闭模式，还有$(bold)插值信号/$模式。如名字所称，该模式将基于信号强度插值调整煤油灯的光照范围。$(p)例如：如果设置光照范围为 10 格，当$(#f00)红石信号强度/$（最大 15）为 8 时，煤油灯的光照范围为 5 格。"
    },
    {
      "type": "crafting",
      "text": "煤油灯的合成表",
      "recipe": "pneumaticcraft:kerosene_lamp"
    }
  ]
}