{
  "name": "全方位漏斗",
  "icon": "pneumaticcraft:omnidirectional_hopper",
  "category": "machines",
  "advancement": "pneumaticcraft:root",
  "pages": [
    {
      "type": "text",
      "text": "$(item)全方位漏斗/$的行为与原版$(item)漏斗/$很相似。然而，这一漏斗（输入端）可以朝向$(italic)任意/$方向，不仅上方。此外，全方位漏斗接受$(l:base_concepts/upgrades)升级/$，因而其速度可以被显著提升。其具有更为贴切的碰撞箱，因此可以访问处在其后方的方块。其不需要$(l:base_concepts/pressure)空气/$即可运作，因而在早期即可用作运输途径。"
    },
    {
      "type": "spotlight",
      "item": "pneumaticcraft:omnidirectional_hopper",
      "text": "放置下全方位漏斗时，其$(9)输入端/$朝向放置者，$(6)输出端/$朝向所右击的方块。$(p)使用$(l:tools/pneumatic_wrench)气动扳手/$（其余扳手类工具也许同样可行）$(thing)右击/$漏斗以重定向其输入。以同样的方式$(thing)潜行右击/$漏斗以重定向其输出。"
    },
    {
      "type": "text",
      "title": "发射器升级",
      "flag": "pneumaticcraft:omniHopperDispenser",
      "text": "若$(item)全方位漏斗/$安装了$(l:base_concepts/upgrades#dispenser)发射器升级/$，其将自动将物品在$(6)输出端/$以物品形式投掷（若输出端没有容器）。$(p)这可用作改良的$(item)投掷器/$：频率更高，更精准，$(#f00)红石控制/$更好。"
    },
    {
      "type": "crafting",
      "text": "全方位漏斗的合成表",
      "recipe": "pneumaticcraft:omnidirectional_hopper"
    }
  ]
}