{
  "name": "气动能源炉",
  "icon": "pneumaticcraft:pneumatic_dynamo",
  "category": "machines",
  "advancement": "pneumaticcraft:advanced_pressure_tube",
  "pages": [
    {
      "type": "text",
      "text": "$(item)气动能源炉/$将$(l:base_concepts/pressure)压缩空气/$转化为 $(thing)FE能量/$（与 $(thing)RF/$ 能量和某些模组的能量系统兼容）。默认产出速率为 40 FE/刻，这可以通过$(l:base_concepts/upgrades#speed)速度升级/$提升。$(item)气动能源炉/$的 FE 输出速率为能量产率的 2 倍；也就是说，默认输出速率为 80 FE/刻，也可以用速度升级提升。"
    },
    {
      "type": "spotlight",
      "item": "pneumaticcraft:pneumatic_dynamo",
      "text": "影响其转换效率的一个重要因素为能源炉的$(l:base_concepts/heat)温度/$。能源炉必须被$(l:base_concepts/heat)冷却/$，介于其效率会随温度的升高而降低，直至没有有效的 FE 产出。"
    },
    {
      "type": "crafting",
      "text": "气动能源炉的合成表",
      "recipe": "pneumaticcraft:pneumatic_dynamo"
    }
  ]
}
