{
  "name": "气动门",
  "icon": "pneumaticcraft:pneumatic_door",
  "category": "machines",
  "advancement": "pneumaticcraft:plastic",
  "pages": [
    {
      "type": "text",
      "text": "这一特别的门将会在附近有玩家使自动打开，只要其具有足够的$(l:base_concepts/pressure)压力/$。其基础检测范围为 2 格，但这可以通过插入$(l:base_concepts/upgrades#range)范围升级/$来提升。$(p)要构造$(thing)气动门/$，需要在门的$(italic)上半门/$旁侧放置$(thing)气动门基座/$。"
    },
    {
      "type": "image",
      "images": [
        "pneumaticcraft:textures/patchouli/pneumatic_door.png"
      ],
      "text": "$(italic)一对气动门；左侧的被$(l:tools/camo_applicator)伪装/$$(italic),右侧的没有/$"
    },
    {
      "type": "spotlight",
      "item": "pneumaticcraft:security_station",
      "text": "若$(item)气动门基座/$位于工作中的$(l:machines/security_station)安全站/$范围内，其只将对被$(thing)安全站/$信任的玩家开门。"
    },
    {
      "type": "text",
      "title": "工作模式",
      "text": "$(thing)气动门/$在以下三个模式之一中工作，可以在气动门基座的界面中选择：$(li)$(thing)玩家近邻/$：当玩家在范围内时开门。$(li)$(thing)玩家近邻并直视/$：当玩家在范围内$(italic)并/$直视门时开门$(li)$(thing)木门/$：行为与原版$(item)木门/$相同。"
    },
    {
      "type": "crafting",
      "recipe": "pneumaticcraft:pneumatic_door",
      "recipe2": "pneumaticcraft:pneumatic_door_base"
    }
  ]
}