{
  "name": "安全站",
  "icon": "pneumaticcraft:security_station",
  "category": "machines",
  "advancement": "pneumaticcraft:plastic",
  "pages": [
    {
      "type": "text",
      "text": "如果需要保护一片区域免受他人侵扰，可以使用$(thing)安全站/$。$(p)该装置防止未受信的玩家在保护区域内对方块进行任何交互行为。这意味着玩家不能打开任何容器或方块界面，并无法防止或破坏任何方块。"
    },
    {
      "type": "spotlight",
      "item": "pneumaticcraft:security_station",
      "text": "听起来不错，但要设立$(thing)安全站/$还需要额外的操作以保证其安全度。因为，事实是，$(thing)安全站/$可以被$(l:machines/security_station#hacking)入侵/$。这一系统很大程度上来源于$(l:https://www.youtube.com/watch?v=nQ0rPLlU8v4)杀出重围：人类革命的入侵系统/$。"
    },
    {
      "type": "text",
      "text": "要设立$(thing)安全站/$，需要在网络格点中放置$(l:components/network_components)网络组件/$以组建$(thing)网络/$。在每个网络中需要有一个$(l:components/network_components#diagnostic)诊断子程序/$、一个$(l:components/network_components#io_port)网络 IO 接口/$和一个$(l:components/network_components#registry)网络注册表/$。$(p)上述三组件必须相互连接，而连接可以通过$(l:components/network_components#node)网络节点/$实现。堆叠数大于一的组件提升$(italic)节点等级/$，换言之，$(l:machines/security_station#hacking)入侵者/$（以及$(l:components/network_components#diagnostic)诊断子程序/$）需要更长的时间才能控制该节点。"
    },
    {
      "type": "text",
      "title": "Upgrades",
      "text": "$(thing)安全站/$接受一些升级：$(li)$(l:base_concepts/upgrades#entity_tracker)实体追踪升级/$将$(l:machines/security_station#hacking)入侵者/$的检测概率提升 20%。$(li)$(l:base_concepts/upgrades#security)安全升级/$提升入侵者开始入侵需要在$(l:armor/pneumatic_helmet)气动头盔/$中安装的$(thing)安全升级/$的数量。$(li)$(l:base_concepts/upgrades#range)范围升级/$将安全站的保护范围提升 1 格，最大为 16 格。"
    },
    {
      "type": "text",
      "title": "信任他人",
      "text": "可以向$(thing)安全站/$添加受信玩家以允许其在保护范围内进行操作；可以在$(bold)分享用户/$标签页输入玩家名。$(p)同时，也可在此移除受信玩家；只需点击玩家名即可移除。"
    },
    {
      "type": "text",
      "title": "被入侵",
      "text": "若$(thing)安全站/$被入侵，可以在$(bold)问题/$与$(bold)状态/$标签页，其中同时显示入侵者的$(italic)名称/$。入侵者（而且只有入侵者）此时可以与范围内的方块交互。要恢复保护，需要按下$(bold)重启/$按钮以$(italic)重启/$$(thing)安全站/$。重启过程需要 60 秒；在此过程中区域不受任何保护。"
    },
    {
      "type": "text",
      "title": "Hacking",
      "anchor": "hacking",
      "text": "要打开不属于本人的$(thing)安全站/$，需要安装有$(l:base_concepts/upgrades#security)安全升级/$的$(l:armor/pneumatic_helmet)气动头盔/$。如此操作后，将打开对页所示的界面。要了解如何入侵，可观看$(l:https://www.youtube.com/watch?v=Lgmpslbrrwo)该视频（很久远，但仍然相关）/$。$(p)要控制一个节点，$(thing)左击/$该节点。要巩固一个已被控制的节点，$(thing)右击/$该节点。"
    },
    {
      "type": "image",
      "images": [
        "pneumaticcraft:textures/patchouli/hacking.png"
      ]
    },
    {
      "type": "text",
      "title": "提示",
      "text": "$(li)保持$(thing)安全站/$被封闭且保护良好。$(li)可以用多个$(thing)安全站/$保护一片区域；入侵者需要入侵所有安全站。$(li)可以设立主动防御，例如写有战斗程序的$(l:tools/drone)无人机/$，或者$(l:machines/sentry_turret)哨戒炮/$。$(li)被入侵的$(thing)安全站/$可以发出$(#f00)红石信号/$，从而可以触发额外手段（或许在下方埋藏 TNT？）。"
    },
    {
      "type": "crafting",
      "text": "安全站的合成表",
      "recipe": "pneumaticcraft:security_station"
    }
  ]
}
