{
  "name": "涡流管",
  "icon": "pneumaticcraft:vortex_tube",
  "category": "machines",
  "advancement": "pneumaticcraft:pressure_tube",
  "pages": [
    {
      "type": "text",
      "text": "$(thing)涡流管/$是一台基于$(l:https://en.wikipedia.org/wiki/vortex_tube)现实物理/$的机器。其将$(l:base_concepts/pressure)空气/$流分离为$(l:base_concepts/heat)热和冷/$的部分，从而将涡流管的一侧加热，另一侧冷却。注：冷热两侧具有热连接，因此要使用热侧时建议对冷侧散热，使用冷侧时同理。这可以使用$(l:machines/heat_sink)散热器/$做到。"
    },
    {
      "type": "spotlight",
      "item": "pneumaticcraft:vortex_tube",
      "text": "放下或旋转$(thing)涡流管/$时，热侧将高亮为$(#c00)红色/$几秒，冷测将高亮为$(#00c)蓝色/$几秒。$(p)$(thing)涡流管/$工作需要压力。更高的压力可以产生更大的温差，但也导致更高的空气耗率。"
    },
    {
      "type": "crafting",
      "text": "涡流管的合成表",
      "recipe": "pneumaticcraft:vortex_tube"
    }
  ]
}
