{
  "processor": "me.desht.pneumaticcraft.common.thirdparty.patchouli.ProcessorPressureChamber",
  "components": [
    {
      "type": "item",
      "item": "#input1",
      "x": 32,
      "y": 32
    },
    {
      "type": "item",
      "item": "#input2",
      "x": 32,
      "y": 16
    },
    {
      "type": "item",
      "item": "#input3",
      "x": 32,
      "y": 48
    },
    {
      "type": "item",
      "item": "#input4",
      "x": 16,
      "y": 32
    },
    {
      "type": "item",
      "item": "#input5",
      "x": 48,
      "y": 32
    },
    {
      "type": "item",
      "item": "#input6",
      "x": 16,
      "y": 16
    },
    {
      "type": "item",
      "item": "#input7",
      "x": 16,
      "y": 48
    },
    {
      "type": "item",
      "item": "#input8",
      "x": 48,
      "y": 16
    },
    {
      "type": "item",
      "item": "#input9",
      "x": 16,
      "y": 48
    },
    {
      "type": "item",
      "item": "#output1",
      "x": 98,
      "y": 32
    },
    {
      "type": "item",
      "item": "#output2",
      "x": 98,
      "y": 14
    },
    {
      "type": "item",
      "item": "#output3",
      "x": 97,
      "y": 50
    },
    {
      "type": "text",
      "text": "#pressure",
      "x": 10,
      "y": 83
    },
    {
      "type": "image",
      "image": "pneumaticcraft:textures/patchouli/elements.png",
      "x": 1,
      "y": 0,
      "u": 0,
      "v": 0,
      "width": 115,
      "height": 80
    }
  ]
}