{
  "name": "连接材质模组（CTM）",
  "icon": "thermal:enderium_gear",
  "category": "thermal:links",
  "read_by_default": true,
  "sortnum": 5,
  "pages": [
    {
      "type": "link",
      "url": "https://www.curseforge.com/minecraft/mc-mods/ctm",
      "link_text": "CTM",
      "text": "你可知硬化末影玻璃等方块材质在 CTM 模组的加持下将浑然一体，美观至极？早就知道了？非常好。说了才知道？那还等什么呢？！"


    },
    {
      "type": "spotlight",
      "item": "thermal:enderium_ingot",
      "text": "你知道吗：“末影”材料的名字正昭示着它们扭曲时空的特性！"
    }
  ]

}