{
	"name": "生物质纤维",
	"icon": "warpdrive:component:27",
	"category": "0_basics",
	"pages": [
		{
			"type": "text",
			"text": "$(item)生物质纤维$()是复合材料的一种轻便、灵活、环保的替代品。$(br2)这种纤维的用途之一是制作衣物，特别是$(l:0_basics/warp_armor)太空服$()。它也是$(l:0_basics/carbon_fiber)碳纤维$()的基础原料。"
		},
		{
			"type": "crafting",
			"recipe": "warpdrive:component@27x9_block",
			"recipe2": "warpdrive:component@27x2_sugarcane",
			"title": "生物质浆",
			"text": "提示：建议先获得一个精准采集镐。"
		},
		{
			"type": "smelting",
			"recipe": "warpdrive:component:27",
			"title": "生物质纤维",
			"text": "$(item)生物质纤维$()需通过熔炼$(item)生物质浆$()得到。"
		}
	],
	"sortnum": 2
}
