{
	"name": "碳纤维",
	"icon": "warpdrive:component:33",
	"category": "0_basics",
	"pages": [
		{
			"type": "text",
			"text": "$(item)碳纤维$()是一种轻质、高强度且易于成型的材料。$(br2)用分阶段的合成配方制作起来相当复杂，因此它主要用于高级$(l:0_basics/warp_armor)太空服$()和机器。"
		},
		{
			"type": "crafting",
			"recipe": "warpdrive:component@31x4coal",
			"recipe2": "warpdrive:component@31charcoal",
			"title": "粗制碳纤维",
			"text": "得到烈焰粉后可轻松生产。"
		},
		{
			"type": "crafting",
			"recipe": "warpdrive:component@32x4",
			"title": "粗制碳网",
			"text": "$(l:0_basics/biofiber)生物质纤维$()片用于保护并固定碳网，从而使碳纤维坚固耐用。"
		},
		{
			"type": "smelting",
			"recipe": "warpdrive:component:32",
			"title": "碳纤维",
			"text": "熔炼$(item)粗制碳网$()能将其中的材料融合在一起，赋予其$(item)碳纤维$()的形状。"
		}
	],
	"sortnum": 4
}
