{
	"name": "气体",
	"icon": "warpdrive:gas:2",
	"category": "0_basics",
	"pages": [
		{
			"type": "text",
			"text": "$(item)气体$()云可以在宇宙中找到。能找到许多种颜色的气体云，特别是在小行星区域。$(br2)它们的密度通常太低，除了用于观赏之外，没有任何用处。"
		},
		{
			"type": "spotlight",
			"item": "warpdrive:gas:0",
			"link_recipe": "true",
			"text": "提示：气体会在大多数大气中迅速消散。"
		}
	],
	"sortnum": 5
}
