{
	"name": "铱",
	"icon": "warpdrive:iridium_block",
	"category": "0_basics",
	"pages": [
		{
			"type": "text",
			"text": "$(item)铱$()是我们所知最强大的材料。因此，铱也会给使用$(l:5_combat/hull)卓越外壳$()的飞船带来最好的保护。$(br2)最后，它的晶体结构有着$(l:3_advanced_machines/radar)雷达$()和$(l:3_advanced_machines/cloaking)隐形$()系统所需要的极佳振动特性。"
		},
		{
			"type": "spotlight",
			"item": "warpdrive:iridium_block",
			"link_recipe": "true",
			"text": "铱块可以在虚空中的大型小行星中找到。$(br2)也可以使用高级技术来生产铱。"
		}
	],
	"sortnum": 6
}
