{
	"name": "激光林场",
	"icon": "warpdrive:laser_tree_farm",
	"category": "0_basics",
	"pages": [
		{
			"type": "text",
			"text": "$(item)激光林场$()是你进行种植和收获的全自动农场。支持树木、作物，甚至橡胶采集口。$(br2)激光本身来自于林场方块旁的$(l:0_basics/laser_medium)激光介质$()。工作时，林场方块会扫描附近的区域，寻找可用于种植的土壤，还有上方待收获的作物和原木。"
		},
		{
			"type": "text",
			"text": "由于它内部充满了光学系统和算力，因此你需要放置一个外部容器来保存收获的物品。紧贴林场的任何箱子和类似的容器都行。$(br2)由于$(item)银河系能源节约法案$()的命令，当容器被充满后，林场就会停止进行收获。溢出的物品会掉落在地上，所以要记得在大自然完成它的工作前清理干净。"
		},
		{
			"type": "text",
			"title": "History",
			"text": "在开发下一台采矿激光时，我们的一名实习生输错了目标坐标，使得激光开始“开采”我们自己的空间站生物圈，而不是预期中的测试小行星。$(br2)由于口粮储备的限制，工程团队迅速改造现有的橡胶采集激光原型机，将其转变为供船员使用的功能齐全的耕种工具。"
		},
		{
			"type": "crafting",
			"recipe": "warpdrive:laser_tree_farm@0",
			"title": "激光林场",
			"text": "将你的$(item)激光林场$()放在地面一层，和土壤一样高。$(br2)你会需要至少一个$(l:0_basics/laser_medium)激光介质$()来输出激光。将介质放在$(item)激光林场$()的任何水平侧面，或者放在其下方。"
		},
		{
			"type": "text",
			"text": "每个$(l:0_basics/laser_medium)激光介质$()都需要 $(item)FE$()、$(item)RF$() 或者 $(item)EU$() 形式的供能。为了维持持续种植，你需要定期给介质供能。$(br2)被收获的物品能在$(item)激光林场$()旁的存储容器中找到。箱子（或类似容器）可以放在$(item)激光林场$()的水平侧面或者下方。同一个箱子也可以用于提供需种植的种子或树苗。"
		},
		{
			"type": "text",
			"title": "控制",
			"text": "手持红石火把时右击$(item)激光林场$()可启用/关闭机器。$(br2)要进行精细控制，需要紧贴林场放置一台高级电脑，电脑可以放在水平侧面或下方。$(br)参考$(l:0_basics/programmable_blocks)可编程方块$()条目进行初始化，然后输入 $(item)farm help$()。$(br)一旦启动，林场会自行继续工作，脚本只会显示当前状态。$(br)要停止工作，只需重置电脑并输入 $(item)stop$()。"
		},
		{
			"type": "text",
			"title": "升级",
			"text": "添加更多$(l:0_basics/laser_medium)激光介质$()会增加工作范围，这对于更高的树，比如丛林木来说是必须的。$(br2)多个林场可以使用单个电脑控制，只需要通过网络电缆和有线调制解调器（ComputerCraft）或者线缆（OpenComputers）进行连接。林场自带的脚本会自带检测所有连接的$(item)激光林场$()并对它们进行控制。"
		},
		{
			"type": "text",
			"title": "提示",
			"text": "默认情况下，丛林木原木会变成$(l:0_basics/rubber)生橡胶团$()。$(br2)电脑可以控制是否收集树叶，这会极大增加操作速度。$(br2)有 IC2 的情况下，你可以选择只收集橡胶，而不破坏橡胶树的采集口。"
		}
	],
	"sortnum": 8
}
