{
	"name": "棕熊皮",
	"category": "armor",
	"icon": "craftandhunt:bear_brown_leather",
	"pages": [
		{
			"type": "spotlight",
			"item": "craftandhunt:bear_brown_leather",
			"text": "由棕熊皮制成的套装。如果有人穿上一整套棕熊套装，他将感觉自己拥有棕熊的力量。棕熊套装会赋予穿戴者力量2。如果找不到棕熊，可以随时向流浪商人购置皮革。"
		},
		{
			"type": "crafting",
			"recipe": 	"craftandhunt:bear_brown_helmet",
			"recipe2": 	"craftandhunt:bear_brown_chestplate"
		},
		{
			"type": "crafting",
			"recipe": 	"craftandhunt:bear_brown_leggings",
			"recipe2": 	"craftandhunt:bear_brown_boots"
		}
	]
}