{
	"name": "暴食寄生虫",
	"category": "armor",
	"icon": "craftandhunt:parasite_glutton",
	"pages": [
		{
			"type": "spotlight",
			"item": "craftandhunt:parasite_glutton",
			"text": "一种贪吃的寄生虫，它必须一刻不停地进食，否则就将陷入饥饿。"
		},
		{
			"type": "crafting",
			"recipe": 	"craftandhunt:horror_helmet",
			"recipe2": 	"craftandhunt:horror_chestplate"
		},
		{
			"type": "crafting",
			"recipe": 	"craftandhunt:horror_leggings",
			"recipe2": 	"craftandhunt:horror_boots"
		}
	]
}