{
  "name": "序列装配台",
  "icon": "thermal:machine_crafter",
  "category": "thermal:machines",
  "read_by_default": true,
  "flag": "mod:thermal_expansion",
  "pages": [
    {
      "type": "text",
      "text": "序列装配台相当于自动化的工作台，可自动使用内部存储空间中的物品与流体按照事先设定的目标配方来合成对应产物。部分配方的材料需求中含有桶装流体，合成完毕后会在原槽位中返还空桶，序列装配台在对这类配方进行处理时会直接使用自身内部存储的流体。"
    },
    {
      "type": "crafting",
      "recipe": "thermal:machine_crafter",
      "title": "序列装配台"
    },
    {
      "type": "text",
      "title": "兼容增强",
      "text": "$(li)$(l:thermal:technology/augments/integral_components)整合组件$(/l)$(li)$(l:thermal:technology/augments/item_filter)物品过滤规制$(/l)$(li)$(l:thermal:technology/augments/xp_storage)知识浓缩存储$(/l)$(li)$(l:thermal:technology/augments/rf_coil)扩展通量线圈$(/l)$(li)$(l:thermal:technology/augments/rf_coil_storage)稳态通量线圈$(/l)$(li)$(l:thermal:technology/augments/rf_coil_xfer)强导通量线圈$(/l)$(li)$(l:thermal:technology/augments/fluid_tank)液槽扩容升级$(/l)$(li)$(l:thermal:technology/augments/machine_speed)通量链接升级$(/l)$(li)$(l:thermal:technology/augments/machine_efficiency)通量效率升级$(/l)"
    }
  ]
}