{
  "name": "有机灌注器",
  "icon": "thermal:machine_insolator",
  "category": "thermal:machines",
  "read_by_default": true,
  "flag": "mod:thermal_expansion",
  "pages": [
    {
      "type": "text",
      "text": "有机灌注器可通过消耗 RF 能量、水及$(l:thermal:world/materials/catalysts)化肥$(/l)（非必需）在机器内部培植作物、花卉与树木并输出对应产物。"
    },
    {
      "type": "crafting",
      "recipe": "thermal:machine_insolator",
      "title": "有机灌注器"
    },
    {
      "type": "text",
      "title": "兼容增强",
      "text": "$(li)$(l:thermal:technology/augments/integral_components)整合组件$(/l)$(li)$(l:thermal:technology/augments/item_filter)物品过滤规制$(/l)$(li)$(l:thermal:technology/augments/xp_storage)知识浓缩存储$(/l)$(li)$(l:thermal:technology/augments/rf_coil)扩展通量线圈$(/l)$(li)$(l:thermal:technology/augments/rf_coil_storage)稳态通量线圈$(/l)$(li)$(l:thermal:technology/augments/rf_coil_xfer)强导通量线圈$(/l)$(li)$(l:thermal:technology/augments/fluid_tank)液槽扩容升级$(/l)$(li)$(l:thermal:technology/augments/machine_speed)通量链接升级$(/l)$(li)$(l:thermal:technology/augments/machine_efficiency)通量效率升级$(/l)$(li)$(l:thermal:technology/augments/machine_output)辅助筛取升级$(/l)$(li)$(l:thermal:technology/augments/machine_catalyst)触媒回收升级$(/l)$(li)$(l:thermal:technology/augments/machine_cycle)循环处理升级$(/l)"
    }
  ]
}