{
  "name": "自动捕鱼驳船",
  "icon": "littlelogistics:fishing_barge",
  "category": "littlelogistics:vessels",
  "pages": [
    {
      "type": "patchouli:entity",
      "entity": "littlelogistics:fishing_barge",
      "scale": 0.6,
      "offset": 0.5,
      "text": "在航行时自动捕鱼，使用原版钓鱼竿战利品表。"
    },
    {
      "type": "patchouli:crafting",
      "recipe": "littlelogistics:fishing_barge",
      "text": "只会在开阔水域放网。加长其航线以防水域过浅或过度捕捞导致的减产。"
    }
  ]
}