{
  "name": "机械诅咒之土",
  "icon": "industrialforegoing:mechanical_dirt",
  "category": "resource_production",
  "sortnum": 1,
  "read_by_default": true,
  "pages": [
    {
      "type": "text",
      "text": "某种未知科技渗透进了这个方块，在满足特定条件后，它会快速的生成$(6)怪物$()。$(br2)首先，它每次操作需要提供$(6)1000$()RF能量和$(6)20mb$()的$(6)肉汤$()，其次需要满足一般怪物的生成条件（这意味着亮度等级需要小于等于$(6)7$()且区块加载）$(br2)"
    },
    {
      "type": "text",
      "text": "给一个机械诅咒之土提供$(6)能量$()或$(6)肉汤$()，会自动的平均分给自身和所有与之相连的其它机械诅咒之土。"
    }
  ]
}