{
  "name": "弓钻",
  "icon": "pyrotech:bow_drill",
  "category": "innovate",
  "pages": [
    {
      "type": "crafting",
      "recipe": "pyrotech:ignition/bow_drill",
      "text": "$(item)弓钻$()是一种$(l:appendix/ignition)点火装置$()。$(p)$(item)弓$()可以用$(item)线$()或$(item)耐用麻线$()制成。"
    },
    {
      "type": "crafting",
      "recipe": "minecraft:bow",
      "recipe2": "pyrotech:bow"
    },
    {
      "type": "relations",
      "entries": [
        "gather/sticks",
        "innovate/twine_durable"
      ]
    }
  ]
}