{
  "name": "基础齿轮",
  "icon": "pyrotech:cog_wood",
  "category": "innovate",
  "pages": [
    {
      "type": "text",
      "text": "$(thing)齿轮$()用于激活$(thing)机械设备$()。$(p)$(info_cn) 不同的$(thing)齿轮$()作用于不同的机器可能会有不同的变化。$(p)基础$(thing)齿轮$()用基础的材料制成。"
    },
    {
      "type": "crafting",
      "recipe": "pyrotech:tech/machine/cog_wood",
      "recipe2": "pyrotech:tech/machine/cog_bone"
    },
    {
      "type": "crafting",
      "recipe": "pyrotech:tech/machine/cog_flint",
      "recipe2": "pyrotech:tech/machine/cog_stone"
    },
    {
      "type": "relations",
      "entries": [
        "gather/sticks",
        "gather/shard_bone_and_flint",
        "survive/rocks",
        "innovate/stone_rod"
      ]
    }
  ]
}