{
  "name": "挤压桶",
  "icon": "pyrotech:compacting_bin",
  "category": "innovate",
  "pages": [
    {
      "type": "text",
      "text": "使用时，将原料放在上方，用$(thing)锹$()$(use)。$(p)$(warning_cn) 使用会导致饥饿，如果不能使用了，你可能是饿了。"
    },
    {
      "type": "crafting",
      "recipe": "pyrotech:tech/basic/compacting_bin",
      "text": "$(info_cn) 关于自动化，物品可以从四面和上边导入。"
    },
    {
      "type": "relations",
      "entries": [
        "adapt/stone"
      ]
    }
  ]
}