{
  "name": "机械漏斗",
  "icon": "pyrotech:mechanical_hopper",
  "category": "innovate",
  "pages": [
    {
      "type": "crafting",
      "recipe": "pyrotech:tech/machine/mechanical_hopper",
      "text": "$(item)机械漏斗$()将上方的物品转移到下方。$(p)$(info_cn) 不同的齿轮在每一工作周期传输不同的数量的物品。"
    },
    {
      "type": "mechanical_hopper_cogs",
      "cog": "pyrotech:cog_wood",
      "cog2": "pyrotech:cog_stone",
      "cog3": "pyrotech:cog_bone",
      "cog4": "pyrotech:cog_flint"
    },
    {
      "type": "mechanical_hopper_cogs",
      "cog": "pyrotech:cog_iron",
      "cog2": "pyrotech:cog_gold",
      "cog3": "pyrotech:cog_obsidian",
      "cog4": "pyrotech:cog_diamond"
    },
    {
      "type": "relations",
      "entries": [
        "innovate/stone_brick",
        "innovate/stone_rod",
        "innovate/wood_tarred",
        "innovate/cog_basic",
        "bloom/cog_advanced"
      ]
    }
  ]
}