{
  "name": "浸泡壶",
  "icon": "pyrotech:soaking_pot",
  "category": "innovate_soaking",
  "pages": [
    {
      "type": "crafting",
      "recipe": "pyrotech:tech/basic/soaking_pot",
      "text": "使用时，把液体和原料从顶部放入。$(p)$(warning_cn) $(item)浸泡壶$()遇热会坏掉，比如熔岩。"
    },
    {
      "type": "image",
      "border": true,
      "images": [
        "pyrotech:textures/gui/book/photo/soaking_pot_campfire_00.png"
      ],
      "text": "$(info) 某些配方需要$(item)浸泡壶$()被放置在$(item)篝火$()上方。"
    },
    {
      "type": "relations",
      "entries": [
        "innovate/stone_brick",
        "innovate/wood_boards"
      ]
    }
  ]
}
