{
  "name": "石炉",
  "icon": "pyrotech:stone_oven",
  "category": "innovate_machines",
  "pages": [
    {
      "type": "crafting",
      "recipe": "pyrotech:tech/machine/stone_oven",
      "text": "$(item)石炉$()能做和$(item)晾干架$()和$(item)篝火$()一样的工作，但是更快。$(p)$(info_cn) $(item)石炉$()能够不把食物烧焦。"
    },
    {
      "type": "relations",
      "entries": [
        "innovate/stone_brick",
        "innovate/stone_bricks",
        "survive/introduction"
      ]
    }
  ]
}