{
  "name": "石坩埚",
  "icon": "pyrotech:stone_crucible",
  "category": "innovate_machines",
  "pages": [
    {
      "type": "crafting",
      "recipe": "pyrotech:tech/machine/stone_crucible",
      "text": "$(item)石坩埚$()能把固体烧成液体。$(p)$(warning_cn) $(item)石坩埚$()受热会坏掉，比如熔岩。"
    },
    {
      "type": "relations",
      "entries": [
        "innovate/stone_brick",
        "innovate/stone_bricks",
        "innovate/stone_tank"
      ]
    }
  ]
}