{
  "name": "石龙头",
  "icon": "pyrotech:faucet_stone",
  "category": "innovate_soaking",
  "pages": [
    {
      "type": "crafting",
      "recipe": "pyrotech:storage/stone_faucet",
      "text": "使用$(item)石龙头$()来从一个容器的侧面传输液体到龙头下方的容器。$(p)$(warning) $(item)石龙头$()在传输滚烫液体的时候会损坏。"
    },
    {
      "type": "relations",
      "entries": [
        "innovate/stone_brick"
      ]
    }
  ]
}
