{
  "name": "石切割机",
  "icon": "pyrotech:stone_sawmill",
  "category": "innovate_machines",
  "pages": [
    {
      "type": "crafting",
      "recipe": "pyrotech:tech/machine/stone_sawmill",
      "text": "$(item)石切割机$()能做和$(item)砧板$()一样的工作，但更快。$(p)$(info_cn) $(thing)切割机$()工作时能得到副产物$(item)木屑$()。"
    },
    {
      "type": "relations",
      "entries": [
        "innovate/stone_brick",
        "innovate/stone_bricks",
        "survive/chopping_block"
      ]
    }
  ]
}