{
  "name": "更多存储",
  "icon": "pyrotech:crate_stone",
  "category": "innovate",
  "pages": [
    {
      "type": "crafting",
      "recipe": "pyrotech:storage/crate_durable",
      "text": "$(item)耐用储物箱$()能比$(item)储物箱$()存的更多。$(p)$(italic)译者：这页就是让我在复读$(l:gather/storage)存储$()$(italic)嘛！"
    },
    {
      "type": "crafting",
      "recipe": "pyrotech:storage/shelf_durable",
      "text": "$(item)耐用架子$()能比$(item)架子$()存的更多。$(p)$(info_cn) $(item)耐用架子$()可以放得靠前一个，也可以靠后一点。"
    },
    {
      "type": "crafting",
      "recipe": "pyrotech:storage/stash_durable",
      "text": "$(item)耐用储物盒$()能比$(item)储物盒$()存的更多。"
    },
    {
      "type": "relations",
      "entries": [
        "innovate/wood_tarred",
        "innovate/stone_brick",
        "gather/storage"
      ]
    }
  ]
}