{
    "name": "饰品",
    "icon": "minecraft:totem_of_undying",
    "category": "intro",
    "read_by_default": true,
    "flag": "mod:baubles",
    "pages": [
        {
            "type": "text",
            "text": "有时你可能会发现你迷失在$(thing)物品栏$()的空间之中，里面方块和物品堆叠的数量堪比天高，让你的背包变得乱七八糟，同时降低了你的效率。$(br)一些$(thing)自然物品$()可以作为$(item)饰品$()被直接穿戴在手上、腰上或者胸前。如果一个物品能被这样穿戴，在它的提示文本中就会显示可以佩戴的部位。"
        }
    ]
}
