{
  "name": "花岗岩砧",
  "icon": "pyrotech:anvil_granite",
  "category": "adapt",
  "pages": [
    {
      "type": "crafting",
      "recipe": "pyrotech:tech/basic/anvil_granite",
      "text": "$(item)花岗岩砧$()能让你对石头进行一些加工。$(p)使用时，把原料放在上面用镐子或锤子$(use)。"
    },
    {
      "type": "image",
      "images": [
        "pyrotech:textures/gui/book/illustration/granite_anvil_00.png"
      ]
    },
    {
      "type": "relations",
      "entries": [
        "adapt/stone"
      ]
    }
  ]
}
