{
  "name": "木桶&粘土桶",
  "icon": "pyrotech:bucket_wood",
  "category": "adapt_tools",
  "pages": [
    {
      "type": "text",
      "text": "移动液体是水桶们唯一的，也是神圣的职责！"
    },
    {
      "type": "crafting",
      "recipe": "pyrotech:bucket/bucket_wood",
      "text": "$(warning_cn) $(item)木桶$()会漏水，而且遇热会坏掉！"
    },
    {
      "type": "crafting",
      "recipe": "pyrotech:bucket/bucket_clay_unfired",
      "text": "$(warning_cn) $(item)粘土桶$()遇热会坏掉！"
    },
    {
      "type": "rrt_pit_kiln_recipe_stone_kiln_recipe",
      "pit_kiln_header": true,
      "pit_kiln_recipe": "pyrotech:bucket_clay",
      "stone_kiln_recipe": "pyrotech:pit_kiln/bucket_clay"
    },
    {
      "type": "relations",
      "entries": [
        "gather/plant_fibers",
        "gather/clay_lump_of"
      ]
    }
  ]
}