{
  "name": "堆肥桶",
  "icon": "pyrotech:compost_bin",
  "category": "adapt",
  "pages": [
    {
      "type": "crafting",
      "recipe": "pyrotech:tech/basic/compost_bin",
      "text": "$(item)堆肥桶$()可以把有机材料和水转化为$(item)土壤改良剂$()。"
    },
    {
      "type": "text",
      "text": "$(info)要把$(item)土壤改良剂$()从堆肥桶中取出$(use)需要用$(thing)锹$()。$(p)$(info)$(item)堆肥桶$()里的堆肥值越多，堆肥的效率越高。$(p)$(info)堆肥需要$(item)水$()。"
    },
    {
      "type": "relations",
      "entries": [
        "adapt/mulch"
      ]
    }
  ]
}
