{
  "name": "晾干架",
  "icon": "pyrotech:drying_rack:1",
  "category": "adapt",
  "pages": [
    {
    "type": "text",
      "text": "$(item)简陋的晾干架$()和$(item)晾干架$()可以用来晾干和存储物品。$(p)$(info_cn) 把晾干架放在$(item)篝火$()边能提高效率，而下雨则会减弱效率。"
    },
    {
      "type": "crafting",
      "recipe": "pyrotech:tech/basic/drying_rack_crude",
      "text": "A $(item)简陋的晾干架$()可以用$(item)木棍$()和$(item)植物纤维$()制成。$(p)$(info_cn) $(item)简陋的晾干架$()也可以用来存放一个东西。"
    },
    {
      "type": "crafting",
      "recipe2": "pyrotech:tech/basic/drying_rack",
      "text": "制作一个更强壮，看起来不怎么简陋的$(item)晾干架$()可以试试把$(item)绳子$()和$(item)木棍$()绑起来。$(p)$(info_cn) $(item)晾干架$()也可以用来存放物品。"
    },
    {
      "type": "relations",
      "entries": [
        "survive/introduction",
        "adapt/twine",
        "gather/plant_fibers",
        "gather/sticks"
      ]
    }
  ]
}