{
  "name": "干燥的植物纤维",
  "icon": "pyrotech:material:13",
  "category": "adapt",
  "pages": [
    {
      "type": "spotlight",
      "item": "pyrotech:material:13",
      "text": "$(item)干燥的植物纤维$()有时可以在破坏高草丛时被发现。$(p)$(item)干燥的植物纤维$()也可以通过晾干$(item)植物纤维$()获得。"
    },
    {
      "type": "rrr_crude_drying_recipe_drying_recipe_stone_oven_recipe",
      "crude_recipe": "pyrotech:plant_fibers_dried",
      "recipe": "pyrotech:crude_drying_rack/plant_fibers_dried",
      "stone_oven_recipe": "pyrotech:drying_rack/crude_drying_rack/plant_fibers_dried"
    },
    {
      "type": "relations",
      "entries": [
        "adapt/drying_rack",
        "innovate/stone_oven",
        "bloom/refractory_oven",
        "gather/plant_fibers"
      ]
    }
  ]
}