{
  "name": "石头",
  "icon": "minecraft:stone",
  "category": "adapt",
  "pages": [
    {
      "type": "crafting",
      "recipe": "pyrotech:cobblestone_slab",
      "recipe2": "pyrotech:cobblestone"
    },
    {
      "type": "rrt_pit_kiln_recipe_stone_kiln_recipe",
      "pit_kiln_header": true,
      "pit_kiln_recipe": "pyrotech:stone_slab",
      "stone_kiln_recipe": "pyrotech:pit_kiln/stone_slab"
    },
    {
      "type": "rrt_pit_kiln_recipe_stone_kiln_recipe",
      "pit_kiln_header": true,
      "pit_kiln_recipe": "pyrotech:stone",
      "stone_kiln_recipe": "pyrotech:pit_kiln/stone"
    },
    {
      "type": "rrt_pit_kiln_recipe_stone_kiln_recipe",
      "pit_kiln_header": true,
      "pit_kiln_recipe": "pyrotech:stone_andesite",
      "stone_kiln_recipe": "pyrotech:pit_kiln/stone_andesite"
    },
    {
      "type": "rrt_pit_kiln_recipe_stone_kiln_recipe",
      "pit_kiln_header": true,
      "pit_kiln_recipe": "pyrotech:stone_diorite",
      "stone_kiln_recipe": "pyrotech:pit_kiln/stone_diorite"
    },
    {
      "type": "rrt_pit_kiln_recipe_stone_kiln_recipe",
      "pit_kiln_header": true,
      "pit_kiln_recipe": "pyrotech:stone_granite",
      "stone_kiln_recipe": "pyrotech:pit_kiln/stone_granite"
    },
    {
      "type": "rrt_pit_kiln_recipe_stone_kiln_recipe",
      "pit_kiln_header": true,
      "pit_kiln_recipe": "pyrotech:limestone",
      "stone_kiln_recipe": "pyrotech:pit_kiln/limestone"
    },
    {
      "type": "relations",
      "entries": [
        "gather/clay_lump_of",
        "adapt/pit_kiln",
        "innovate/stone_kiln",
        "bloom/refractory_kiln",
        "gather/stone_cobbled"
      ]
    }
  ]
}