{
  "name": "骨制工具&燧石工具",
  "icon": "pyrotech:bone_pickaxe",
  "category": "adapt_tools",
  "pages": [
    {
      "type": "crafting",
      "recipe": "pyrotech:tool/bone_pickaxe",
      "recipe2": "pyrotech:tool/bone_axe"
    },
    {
      "type": "crafting",
      "recipe": "pyrotech:tool/bone_hoe",
      "recipe2": "pyrotech:tool/bone_shovel"
    },
    {
      "type": "crafting",
      "recipe": "pyrotech:tool/bone_shears",
      "recipe2": "pyrotech:tool/flint_shears"
    },
    {
      "type": "crafting",
      "recipe": "pyrotech:tool/flint_pickaxe",
      "recipe2": "pyrotech:tool/flint_axe"
    },
    {
      "type": "crafting",
      "recipe": "pyrotech:tool/flint_hoe",
      "recipe2": "pyrotech:tool/flint_shovel"
    },
    {
      "type": "relations",
      "entries": [
        "gather/sticks",
        "gather/shard_bone_and_flint",
        "adapt/twine"
      ]
    }
  ]
}