{
  "name": "铁坯",
  "icon": "pyrotech:bloom",
  "category": "bloom_bloom",
  "pages": [
    {
      "type": "image",
      "border": true,
      "images": [
        "pyrotech:textures/gui/book/photo/bloom_00.png"
      ]
    },
    {
      "type": "spotlight",
      "item": "pyrotech:bloom",
      "text": "制作金属，需要先使用$(item)锻造炉$()将矿物烧制成$(item)铁坯$()，然后用$(thing)锤子$()敲击$(item)铁坯$()。$(p)$(warning_cn) 只是用手不加保护地拿着$(item)铁坯$()肯定会烫伤你。$(p)$(info_cn) 注意一定要用$(thing)钳子$()来处理$(item)铁坯$()。"
    },
    {
      "type": "text",
      "title": "敲击铁坯",
      "text": "$(item)铁坯$()可以直接放在地上或者放在$(thing)砧台$()上敲击。$(p)$(warning_cn) 在地上敲击$(item)铁坯$()不仅可能会导致它弹到地上，并且可能会破坏下方的方块。$(p)$(warning_cn) 敲击$(item)铁坯$()可能会产生火焰。$(p)$(info_cn) 在$(thing)砧台$()上敲击$(item)铁坯$()就安全多了。$(p)$(italic)"
    },
    {
      "type": "image",
      "images": [
        "pyrotech:textures/gui/book/illustration/bloom_00.png"
      ]
    },
    {
      "type": "text",
      "title": "锤力",
      "text": "$(thing)锤力$()表示了敲击$(item)铁坯$()时锤子的效率。$(p)$(info_cn) $(thing)锤力$()受到你与$(item)铁坯$()距离的影响。越靠近，越有力。$(p)$(warning_cn) 敲击$(item)铁坯$()会让你感到饥饿，饿了是使不出力气的！"
    },
    {
      "type": "spotlight",
      "title": "效率",
      "item": "minecraft:enchanted_book{StoredEnchantments: [{lvl: 1, id: 32}]}",
      "text": "$(info_cn) 将$(item)效率$()附魔在$(thing)锤子$()上，能够增加它的$(thing)锤力$()。"
    },
    {
      "type": "spotlight",
      "title": "力量",
      "item": "minecraft:potion{Potion: 'minecraft:strength'}",
      "text": "$(info_cn) 使用$(item)力量药水$()也会增加它的$(thing)锤力$()。$(p)$(info_cn) 相反的，$(thing)虚弱$()和$(thing)挖掘疲劳$()会削弱它的$(thing)锤力$()."
    },
    {
      "type": "spotlight",
      "title": "时运",
      "item": "minecraft:enchanted_book{StoredEnchantments: [{lvl: 1, id: 35}]}",
      "text": "$(info_cn) 给$(thing)锤子$()附上$(item)时运$()能减少敲击$(item)铁坯$()导致的浪费，让$(item)铁坯$()能够敲击更多次。"
    },
    {
      "type": "spotlight",
      "title": "精准采集",
      "item": "minecraft:enchanted_book{StoredEnchantments: [{lvl: 1, id: 33}]}",
      "text": "$(info_cn) 给$(thing)锤子$()附上$(item)精准采集$()能大幅降低敲击$(item)铁坯$()失败并产生矿渣的可能性。"
    },
    {
      "type": "relations",
      "entries": [
        "adapt/anvil_granite",
        "bloom/anvil_ironclad"
      ]
    }
  ]
}
