{
  "name": "致密下界石英",
  "icon": "pyrotech:material:37",
  "category": "bloom",
  "pages": [
    {
      "type": "spotlight",
      "item": "pyrotech:material:37",
      "link_recipe": true,
      "text": "$(item)致密下界石英$()可以通过挖掘$(item)致密下界石英矿石$()获得，起码需要$(thing)相当于铁镐的工具$()才能开采它。$(p)$(info) 使用$(item)致密下界石英$()制作的$(thing)工具$()具有独特的属性。"
    },
    {
      "type": "rt_anvil_recipe",
      "recipe": "pyrotech:quartz_from_dense_quartz",
      "text": "$(item)致密下界石英$()可以在$(item)砧$()上用镐子敲成$(item)下界石英$()。"
    },
    {
      "type": "relations",
      "entries": [
        "bloom/dense_quartz_ore",
        "bloom/tools_quartz"
      ]
    }
  ]
}
