{
  "name": "致密红石",
  "icon": "pyrotech:material:36",
  "category": "bloom",
  "pages": [
    {
      "type": "spotlight",
      "item": "pyrotech:material:36",
      "link_recipe": true,
      "text": "$(item)致密红石$()可以通过挖掘$(item)致密红石矿石$()获得，至少需要$(thing)相当于铁镐的镐子$()以开采。$(p)$(info) 用$(item)致密红石$()制作的$(thing)工具$()有独特的属性。"
    },
    {
      "type": "rt_anvil_recipe",
      "recipe": "pyrotech:redstone_dust_from_dense_redstone",
      "text": "$(item)致密红石$()可以用锤在$(item)砧$()上砸成$(item)红石$()。"
    },
    {
      "type": "relations",
      "entries": [
        "bloom/dense_redstone_ore",
        "bloom/tools_redstone"
      ]
    }
  ]
}
