{
  "name": "活焦油",
  "icon": "pyrotech:living_tar",
  "category": "bloom",
  "pages": [
    {
      "type": "fuel_living_tar",
      "recipe": "pyrotech:living_tar",
      "fuel": "pyrotech:living_tar",
      "text": "这简直是一坨恶心又油腻的肉，$(item)活焦油$()不一定是最强力的燃料，但一定是最恶心的"
    },
    {
      "type": "relations",
      "entries": [
        "innovate/soaking_pot",
        "accelerate/bloomery",
        "bloom/wither_forge"
      ]
    }
  ]
}
