{
  "name": "机械风箱",
  "icon": "pyrotech:mechanical_bellows",
  "category": "bloom_cog_machines",
  "pages": [
    {
      "type": "crafting",
      "recipe": "pyrotech:tech/machine/mechanical_bellows",
      "text": "$(info_cn) 一个$(item)机械风箱$()加上一个$(thing)齿轮$()就能让三个$(thing)燃烧类机器$()加速。"
    },
    {
      "type": "image",
      "images": [
        "pyrotech:textures/gui/book/illustration/mechanical_bellows_00.png"
      ]
    },
    {
      "type": "relations",
      "entries": [
        "innovate/stone_rod",
        "innovate/wood_tarred",
        "bloom/cog_advanced",
        "innovate/cog_basic"
      ]
    }
  ]
}