{
  "name": "土壤疏松机",
  "icon": "pyrotech:mechanical_mulch_spreader",
  "category": "bloom_cog_machines",
  "pages": [
    {
      "type": "crafting",
      "recipe": "pyrotech:tech/machine/mechanical_mulch_spreader",
      "text": "$(item)土壤疏松机$()使用$(thing)齿轮$()来将$(item)土壤改良剂$()散布到机器前方的一片耕地中。$(p)$(info_cn) 使用不同的$(thing)齿轮$()可以使土壤疏松机有不同的范围和速度。"
    },
    {
      "type": "mechanical_mulcher_cogs",
      "cog": "pyrotech:cog_wood",
      "cog2": "pyrotech:cog_stone",
      "cog3": "pyrotech:cog_bone",
      "cog4": "pyrotech:cog_flint"
    },
    {
      "type": "mechanical_mulcher_cogs",
      "cog": "pyrotech:cog_iron",
      "cog2": "pyrotech:cog_gold",
      "cog3": "pyrotech:cog_obsidian",
      "cog4": "pyrotech:cog_diamond"
    },
    {
      "type": "text",
      "text": "$(info_cn) 关于自动化，土壤改良剂可以从机器上方输入。"
    },
    {
      "type": "relations",
      "entries": [
        "innovate/stone_brick",
        "innovate/wood_tarred",
        "innovate/mechanical_hopper",
        "innovate/stone_bricks",
        "bloom/cog_advanced",
        "innovate/cog_basic"
      ]
    }
  ]
}
