{
  "name": "炉渣",
  "icon": "pyrotech:slag",
  "category": "bloom_bloom",
  "pages": [
    {
      "type": "text",
      "text": "$(item)炉渣$()是$(item)锻造炉$()和敲击$(item)铁坯$()的副产物。$(p)$(info_cn) 含有矿物的$(item)炉渣$()可以压实后再用$(item)锻造炉$()加工。"
    },
    {
      "type": "rrr_compacting_bin_recipe",
      "header": true,
      "recipe": "pyrotech:pyrotech_pile_slag_from_pyrotech_slag",
      "header2": true,
      "recipe2": "pyrotech:pyrotech_generated_pile_slag_iron_from_pyrotech_generated_slag_iron",
      "header3": true,
      "recipe3": "pyrotech:pyrotech_generated_pile_slag_gold_from_pyrotech_generated_slag_gold"
    },
    {
      "type": "rt_stone_kiln_recipe",
      "header": true,
      "recipe": "pyrotech:slag_glass",
      "text": "没有杂质的$(item)炉渣堆$()可以用于制作$(item)炉渣玻璃$()。"
    },
    {
      "type": "relations",
      "entries": [
        "innovate/compacting_bin",
        "bloom/mechanical_compactor",
        "innovate/stone_kiln",
        "bloom/refractory_kiln"
      ]
    }
  ]
}