{
  "name": "红石工具",
  "icon": "pyrotech:redstone_pickaxe",
  "category": "bloom",
  "pages": [
    {
      "type": "text",
      "text": "$(info) $(thing)红石工具$()会在耐久消耗或待在$(thing)红石矿石$()附近时被激活。$(p)$(info) $(thing)红石工具$()会在玩家待在$(thing)红石矿石$()附近时缓慢回复耐久。$(p)$(info) 激活的$(thing)红石工具$()更加不易受损，并且通过消耗耐久保持激活状态的可能性更高。"
    },
    {
      "type": "crafting",
      "recipe": "pyrotech:tool/redstone_pickaxe",
      "text": "$(info) 当激活时，$(item)红石镐$()的效率会提升。"
    },
    {
      "type": "crafting",
      "recipe": "pyrotech:tool/redstone_shovel",
      "text": "$(info) 当激活时，$(item)红石锹$()的效率会提升。"
    },
    {
      "type": "crafting",
      "recipe": "pyrotech:tool/redstone_hoe",
      "text": "$(info) 当激活时，$(item)红石锄$()的耕种范围变为 3*3。"
    },
    {
      "type": "crafting",
      "recipe": "pyrotech:tool/redstone_axe",
      "text": "$(info) 当激活时，$(item)红石斧$()的效率会提升。"
    },
    {
      "type": "crafting",
      "recipe": "pyrotech:tool/redstone_sword",
      "text": "$(info) 当激活时，$(item)红石剑$()的伤害会提升。"
    },
    {
      "type": "relations",
      "entries": [
        "bloom/dense_redstone"
      ]
    }
  ]
}
