{
  "name": "下界石英工具",
  "icon": "pyrotech:quartz_pickaxe",
  "category": "bloom",
  "pages": [
    {
      "type": "text",
      "text": "$(info) 在$(thing)下界$()时，$(thing)下界石英工具$()将被激活。"
    },
    {
      "type": "crafting",
      "recipe": "pyrotech:tool/quartz_pickaxe",
      "text": "$(info) 当激活时，$(item)下界石英镐$()的效率会提升。"
    },
    {
      "type": "crafting",
      "recipe": "pyrotech:tool/quartz_shovel",
      "text": "$(info) 当激活时，$(item)下界石英锹$()的效率会提升。"
    },
    {
      "type": "crafting",
      "recipe": "pyrotech:tool/quartz_hoe",
      "text": "$(info) 当激活时，$(item)下界石英锄$()的耕种范围变为 3*3。"
    },
    {
      "type": "crafting",
      "recipe": "pyrotech:tool/quartz_axe",
      "text": "$(info) 当激活时，$(item)下界石英斧$()的效率会提升。"
    },
    {
      "type": "crafting",
      "recipe": "pyrotech:tool/quartz_sword",
      "text": "$(info) 当激活时，$(item)下界石英剑$()的伤害会提升。"
    },
    {
      "type": "relations",
      "entries": [
        "bloom/dense_quartz"
      ]
    }
  ]
}
