{
  "modifier_id": "tconstruct:spilling",
  "text": [
    {
      "text": "吸收一小部分流体（吸收量一般在16mB到50mB之间），给攻击增加一些特殊效果。当此升级加持于胸甲的时候，则是在反击时增加特殊效果。"
    },
    {
      "text": "可能的效果包括使自身着火、获得药水效果（如跳跃提升），或者清除自身状态效果（如牛奶）。"
    }
  ],
  "more_text_space": true,
  "effects": [
    "单个等级",
    "需要1个能力槽"
  ]
}
