{
    "name": "烟火凝望",
    "icon": "naturesaura:firework_generator",
    "category": "creating",
    "advancement": "naturesaura:offering",
    "pages": [
        {
            "type": "text",
            "text": "$(item)烟花$()看起来很漂亮，但制造效果相当好的烟花就有点昂贵。$(item)烟火凝望$()似乎对此特别认同：它会消耗$(thing)掉落$()在其附近地面的烟花，并将烟花发射到天上。一旦烟花爆炸, 其爆炸和多彩能量就会被吸收，然后，基于烟花的复杂程度，"
        },
        {
            "type": "text",
            "text": "或多或少的$(#419600)灵气$()就会产生并向环境扩散。对于复杂度, 原材料的$(thing)价值$()是重中之重，但是$(thing)烟火之星$()的数量、$(thing)颜色$()的数量和其他几种因素也会影响每一发烟花产生的$(#419600)灵气$()数量。"
        },
        {
            "type": "text",
            "text": "此外，值得注意的是，当烟花已经被$(item)烟火凝望$()发射到空中, 或$(item)烟火凝望$()正在吸收烟花的能量时，附近掉落的额外烟花会被吸收，但是不会产生$(#419600)灵气$()。这意味着最好设置某种$(thing)定时器$()来实现其自动化。"
        },
        {
            "type": "crafting",
            "recipe": "naturesaura:firework_generator",
            "text": "制造$(item)烟火凝望$()"
        }
    ]
}
