{
  "modifier_id": "tconstruct:magnetic",
  "text": [
    {
      "text": "在挖掘方块或攻击生物之后（如果加在盔甲上则是被动效果），吸引玩家周围3格范围内的物品，无视重力。"
    },
    {
      "text": "每级会增加1格吸引范围，并且加快吸引速度。",
      "paragraph": true
    }
  ],
  "more_text_space": true,
  "effects": [
    "盔甲上每件最高1级",
    "手持工具上最高5级",
    "每级需要1个能力槽"
  ]
}
