{
	"name": "介绍",
	"icon": "qmd:textures/particles/proton.png",
	"category": "qmd:particles",
	"sortnum": 0,
	"pages": [
		{
			"type": "text",
			"text": "本模组机制的核心为比原子小的粒子系统。在本模组中，你可以生成，操纵，转变以及摧毁这些微粒。"
		},
		{
            "type": "text",
            "title": "粒子堆（Particle Stack）",
            "text": "本模组的粒子注册方式与原版的物品堆（Item Stack）相似，粒子都被存储于粒子堆中。但两者之间有一些主要的差别，例如玩家无法手持粒子，因为它们只是粒子束流而已，并非物品。粒子堆有四个属性：$(li)种类（Type）$(li)数量（Amount）$(li)能量（Energy）$(li)聚焦（Focus）"
        },
        {
            "type": "text",
            "title": "种类",
            "text": "本模组中的粒子种类多样。有些示例，比如质子、中子和电子便是你周围原子的构成部分。每种粒子都有不同的属性：质量、电荷、自旋等等，它们也可被用于不同的操作中。你可以在JEI的粒子信息中查看它们的属性。"
        },
        {
            "type": "text",
            "title": "能量",
            "text": "每个粒子堆都有相关的动态能量显示（单位：eV，electron volt丨电子伏特），用于计量粒子运动的速度。能量是粒子堆最重要的属性之一，它可以决定粒子堆能参与的配方。"
        },
        {
            "type": "text",
            "text": "加速器可以操纵粒子的能量。$(l:accelerators/linear_accelerator)线性$(/l)和$(l:accelerators/ring_accelerator)同步$(/l)加速器可以提高粒子的能量，而$(l:accelerators/decelerators)减速器$(/l)可以降低粒子的能量。粒子也可以在反应中被充能。"
        },
        {
            "type": "text",
            "title": "聚焦",
            "text": "聚焦代表粒子束流受限的程度（可被视为对束流区域倒数的测量）。它主要表示粒子可行的距离。如果粒子堆的聚焦等于或小于零则它不能移动。粒子每前进一格都会减少与衰减率相等的聚焦。聚焦可在提示文本中查看。"
        },
        {
            "type": "text",
            "text": "部分配方中聚焦也有作用。有些配方要求粒子堆的聚焦位于一个特定范围内，这种情况下配方都会有对应标注（具体来说，将鼠标指针移至JEI中输入粒子上方即可查看最小聚焦）。"
        },
        {
            "type": "text",
            "title": "数量",
            "text": "粒子堆操作也包含粒子数量（单位：pu，particle unit丨粒子单位）相关的计算，本属性一般代表每t的粒子数量，例如钨丝在离子源中的100 pu即表示100 pu/t。但在$(l:particle_chambers/target_chamber)靶室$(/l)、$(l:particle_chambers/beam_dump)束流收集器$(/l)和$(l:containment_chambers/neutral_containment)电中性遏制器室$(/l)中它表示完成配方所需的粒子数量。例如需要120 kpu的配方在100 pu/t的输入下会消耗1200 t的时间。"
        },
        {
            "type": "text",
            "text": "提高粒子堆每t的粒子数量是最困难的。只有在$(l:particle_chambers/target_chamber)靶室$(/l)和/或$(l:particle_chambers/decay_chamber)衰变室$(/l)中的巧妙操纵才能有效实现这点。"
        }
		
	]
}