{
    "armormodifier": "runemana_armor",
    "demoArmor": [
        "conarm:helmet",
        "conarm:chestplate",
        "conarm:leggings",
        "conarm:boots"
    ],
    "effects": [
        "每个符文都会降低护甲的法力值",
        "只能应用于Mana灌注装备",
        "多个等级"
    ],
    "text": [
        {
            "text": "通过在Mana灌注中添加一些魔力符文，你可以减少护甲用来修复自身消耗的Mana值。"
        }
    ]
}
