{
  "name": "流体灌装机",
  "icon": "thermal:machine_bottler",
  "category": "thermal:machines",
  "read_by_default": true,
  "flag": "mod:thermal_expansion",
  "pages": [
    {
      "type": "text",
      "text": "流体灌装机可为桶、玻璃瓶等流体容器注入流体。由$(l:thermal:technology/machines/brewer)药水酿造机$(/l)生产出的$(l:thermal:technology/potion_fluid)药水流体$(/l)也能借助该机器进行装瓶。"
    },
    {
      "type": "crafting",
      "recipe": "thermal:machine_bottler",
      "title": "流体灌装机"
    },
    {
      "type": "text",
      "title": "兼容增强",
      "text": "$(li)$(l:thermal:technology/augments/integral_components)整合组件$(/l)$(li)$(l:thermal:technology/augments/item_filter)物品过滤规制$(/l)$(li)$(l:thermal:technology/augments/xp_storage)知识浓缩存储$(/l)$(li)$(l:thermal:technology/augments/rf_coil)扩展通量线圈$(/l)$(li)$(l:thermal:technology/augments/rf_coil_storage)稳态通量线圈$(/l)$(li)$(l:thermal:technology/augments/rf_coil_xfer)强导通量线圈$(/l)$(li)$(l:thermal:technology/augments/fluid_tank)液槽扩容升级$(/l)$(li)$(l:thermal:technology/augments/machine_speed)通量链接升级$(/l)$(li)$(l:thermal:technology/augments/machine_efficiency)通量效率升级$(/l)"
    }
  ]
}