{
  "name": "锯木机",
  "icon": "thermal:machine_sawmill",
  "category": "thermal:machines",
  "read_by_default": true,
  "flag": "mod:thermal_expansion",
  "pages": [
    {
      "type": "text",
      "text": "锯木机提供了更加高效便捷的木板生产途径，同时会产出副产物$(l:thermal:world/plants/treeproducts)锯末$(/l)。"
    },
    {
      "type": "crafting",
      "recipe": "thermal:machine_sawmill",
      "title": "锯木机"
    },
    {
      "type": "text",
      "title": "兼容增强",
      "text": "$(li)$(l:thermal:technology/augments/integral_components)整合组件$(/l)$(li)$(l:thermal:technology/augments/item_filter)物品过滤规制$(/l)$(li)$(l:thermal:technology/augments/xp_storage)知识浓缩存储$(/l)$(li)$(l:thermal:technology/augments/rf_coil)扩展通量线圈$(/l)$(li)$(l:thermal:technology/augments/rf_coil_storage)稳态通量线圈$(/l)$(li)$(l:thermal:technology/augments/rf_coil_xfer)强导通量线圈$(/l)$(li)$(l:thermal:technology/augments/machine_speed)通量链接升级$(/l)$(li)$(l:thermal:technology/augments/machine_efficiency)通量效率升级$(/l)$(li)$(l:thermal:technology/augments/machine_output)辅助筛取升级$(/l)"
    }
  ]
}