{
  "name": "酵母",
  "icon": "growthcraft_cellar:textures/item/yeast_brewers.png",
  "category": "cellar",
  "sortnum": 4,
  "pages": [
    {
      "type": "patchouli:spotlight",
      "item": "growthcraft_cellar:culture_jar",
      "text": "培养瓶用于培养更多的酵母。通过将酵母放入相应的液体中，它就会生长得更多。你必须得有一个酵母才能培养它。培养酵母不需要再培养瓶下面加热。"
    },
    {
      "type": "patchouli:spotlight",
      "item": "growthcraft_cellar:yeast_brewers",
      "text": "$(bold)酿酒酵母$()——酿酒酵母用于发酵啤酒。$(br2)$(bold)来源$()——你可以通过打草来获得酿酒酵母。$(br2)$(bold)培养$()——需要小麦制作成的普通麦芽汁。"
    },
    {
      "type": "patchouli:spotlight",
      "item": "growthcraft_cellar:yeast_bayanus",
      "text": "$(bold)贝酵母$()——贝酵母用于发酵葡萄酒。$(br2)$(bold)来源$()——你可以通过打草来获得贝酵母。$(br2)$(bold)培养$()——需要红葡萄汁、紫葡萄汁或者白葡萄汁。"
    },
    {
      "type": "patchouli:spotlight",
      "item": "growthcraft_cellar:yeast_lager",
      "text": "$(bold)贮藏啤酒酵母$()——贮藏啤酒酵母用于发酵各种贮藏啤酒。$(br2)$(bold)来源$()——你可以在积雪生物群系铲雪来获得贮藏啤酒酵母。$(br2)$(bold)培养$()——需要小麦制作成的普通麦芽汁。"
    },
    {
      "type": "patchouli:spotlight",
      "item": "growthcraft_cellar:yeast_ethereal",
      "text": "$(bold)超凡的酵母$()——它们是酵母的神奇版本，目前它们还没有用途。$(br2)$(bold)来源$()——超凡的酵母目前在这个世界上无法获得。$(br2)$(bold)培养$()——需要小麦制作成的普通麦芽汁。"
    }
  ]
}