{
  "name": "绑定之书",
  "icon": "occultism:book_of_binding_bound_marid",
  "category": "occultism:spirits",
  "sortnum": 4,
  "pages": [
    {
      "type": "spotlight",
      "title": "绑定之书",
      "item": "occultism:book_of_binding_bound_foliot",
      "text": "一本绑定之书包含了某一类魔灵专用的召唤文本。一旦要召唤的魔灵的名字被写在书上，这本书就被认为与该魔灵绑定，可以用来召唤它。"
    },
    {
      "type": "text",
      "text": "要在书中写下魔灵的名字，只需用绑定之书与全典合成。绑定之书本身则是使用$(item)书与笔$()和多种染料合成的。"
    }
  ]
}
