{
  "name": "魔灵概论",
  "icon": "occultism:textures/gui/book/spirits.png",
  "category": "occultism:spirits",
  "sortnum": 0,
  "pages": [
    {
      "type": "text",
      "text": "魔灵，常被称为魔鬼，是对通常栖息于$(thing)异世界$()的多种超自然实体的概括性称呼。$(thing)异世界$()则是一个与我们的位面完全分离的存在位面。处于我们世界时，魔灵可以选择多种形态，可以是被称为$(thing)自选形态$()的任意形状，也能是栖身其中的物体或生物。"},
    {
      "type": "text",
      "text": "魔灵有四个被魔法师识别划分的“等级”，不过在这些等级间和最下级之下仍充满着无数魔灵。一些高等实体有着可怕的力量，只能被称为$(thing)高等魔灵$()，这些魔灵是超出分类体系能力的。"
    },
    {
      "type": "text",
      "title": "魔精",
      "text": "最低等级的魔灵。有着一些智力和少许能力，常用于人力劳动和次要魔法物品制造。"
    },
    {
      "type": "text",
      "title": "巨灵",
      "text": "最常被召唤的等级。巨灵种类极多，不同巨灵的智力和能力都有不同。巨灵可用于多种任务中，包括更高级的魔法物品制造、附身生物和以自选形态执行任务等等。"
    },
    {
      "type": "text",
      "title": "火灵",
      "text": "比巨灵更加强大，火灵可用于高等魔法物品制造以及附身强大的生物。"
    },
    {
      "type": "text",
      "title": "魔王",
      "text": "已划分的魔灵等级中最强的一级。由于它们的强大力量和可怕的智力，召唤魔王是极其危险的，通常由最富经验的魔法师进行，有时甚至需要多人合作召唤。"
    },
    {
      "type": "text",
      "title": "高等魔灵",
      "text": "这种魔灵的力量如此之强大，以致于超出了通常的衡量体系。还活着的人中没有对这类魔灵成功召唤的记忆，而古代记录中的这种召唤大部分被认为是伪造的。"
    },
    {
      "type": "empty",
      "draw_filler": false
    }
  ]
}
