{
  "name": "未约束魔灵",
  "icon": "occultism:textures/gui/book/unbound_spirits.png",
  "category": "occultism:spirits",
  "sortnum": 5,
  "pages": [
    {
      "type": "text",
      "text": "一般来说，魔灵被召唤出来时是被$(thing)约束$()的，这种约束指的是迫使它们受魔法师控制的环境和状况。这类约束魔灵的法术有一个共同的副作用，就是魔灵的一部分仍留在$(thing)异世界$()，其大部分力量都因此丧失。不过，这也防止了它们危险的灵髓进入这个世界。"},
    {
      "type": "text",
      "text": "为了完整地接触魔灵的灵髓，或者为了释放它们完整的破坏性力量，它们需要被无约束地召唤。未约束召唤会使用不稳定或故意没画完的五芒星，从而能召唤出魔灵而不对其进行任何约束。结果是，这些魔灵极其危险，但发展中往往绕不开它们。"}
  ]
}
