{
    "name": "极光猪排",
    "icon": "theaurorian:aurorianporkcooked",
    "category": "4agriculture",
    "readbydefault": true,
    "pages": [
        {
            "type": "smelting",
            "recipe": "theaurorian:aurorianpork",
            "text": "$(#008cff)极光猪排$()是$(#008cff)极光猪$()的掉落物，它可以被制成$(#008cff)极光培根$()！"
        },
        {
            "type": "entity",
            "entity": "theaurorian:aurorianpig",
            "scale": 0.50
        },
        {
            "type": "crafting",
            "name": "Aurorian Pork",
            "recipe": "theaurorian:items/aurorianbacon"
        }
    ]
}