{
    "name": "薰衣草籽",
    "icon": "theaurorian:lavenderseeds",
    "category": "4agriculture",
    "readbydefault": true,
    "pages": [
        {
            "type": "spotlight",
            "item": "theaurorian:lavenderseeds",
            "text": "$(#008cff)薰衣草籽$()可以使用$(#008cff)薰衣草$()合成得到。可以用于种植更多的薰衣草。"
        },
        {
            "type": "crafting",
            "name": "薰衣草籽茶",
            "recipe": "theaurorian:items/tea/teaseedy",
            "text": "$(#008cff)薰衣草籽$()也可以用于制作薰衣草籽茶，饮用薰衣草籽茶后可以获得一小段时间的速度效果。"
        }
    ]
}