{
    "name": "桑葚酱三明治",
    "icon": "theaurorian:silkberryjamsandwich",
    "category": "4agriculture",
    "readbydefault": true,
    "pages": [
        {
            "type": "spotlight",
            "item": "theaurorian:silkberryjamsandwich",
            "text": "$(#008cff)桑葚酱三明治$()是一种有助于你在极光幽境中生存下去的好食物！"
        },
        {
            "type": "crafting",
            "name": "桑葚酱三明治",
            "recipe": "theaurorian:items/silkberryjamsandwich"
        }
    ]
}