{
  "name": "升级卡",
  "category": "delivery:advanced_delivery",
  "icon": "delivery:upgrade_tier_6",
  "sortnum": 1,
  "pages": [
    {
      "type": "text",
      "text": "升级卡共有 6 个效力渐进的等级，允许你提升机器的运行速度及工作效率。每个升级卡的合成配方中均包含 3 个低一级的升级卡。"
    },
    {
      "type": "spotlight",
      "item": "delivery:upgrade_tier_1",
      "title": "升级卡",
      "text": "升级卡可被安装于：$(br2)$(li)$(l:advanced_delivery/energy_liquifier)能量液化机$(/l)$(li)$(l:packaging/packager)打包机$(/l)$(li)$(l:drone_delivery/drone_pad)无人机平台$(/l)"
    }
  ]
}