{
  "name": "原材料",
  "icon": "sushigocrafting:cleaver_knife",
  "category": "getting_started",
  "sortnum": 1,
  "read_by_default": false,
  "pages": [
    {
      "type": "text",
      "text": "“一般”来讲，原材料是能用于制作食物的材料，多数都有重量作为定量指标，而原材料的重量可以在工作台中（手动）或在$(l:using_tools/cooler_box)冷却盒$()中（自动）混合时合并。$(br2)如果原材料没能得到混合，可能是因为总重量因为超过了限定的最大重量。"
    },
    {
      "type": "text",
      "text": "多数原材料都有附带的效果属性或效果调整属性，效果调整属性可以影响或增强其他原材料的效果。"
    }
  ]
}