{
  "name": "黑色和棕色染料",
  "category": "cauldron_and_brewing",
  "icon": "bewitchment:iron_gall_ink",
  "pages": [
	{
	  "type": "text",
	  "text": "只是一些染料的替代品。"
	},
	{
	  "type": "bewitchment:cauldron_recipe",
	  "recipe": "bewitchment:iron_gall_ink",
	  "text": "替代了墨囊，不用再去辛苦地寻找鱿鱼了。同时有些人声称它在创造恶魔契约中至关重要\u22EF\u22EF"
	},
	{
	  "type": "bewitchment:cauldron_recipe",
	  "recipe": "bewitchment:catechu_brown",
	  "text": "一种从木头中提取的棕色染料，可代替可可豆。"
	}
  ]
}
