{
  "name": "能量灌注机",
  "icon": "thermal:charge_bench",
  "category": "thermal:technology",
  "read_by_default": true,
  "flag": "mod:thermal_innovation",
  "pages": [
    {
      "type": "text",
      "text": "能量灌注机可以同时对 9 件物品进行充能。单论充能功能，其与$(l:thermal:technology/tinker_bench)工匠工作台$(/l)相比的优越性在于更快的充能功率以及自动输入与输出物品的能力，而工匠工作台则无法与漏斗等自动化设备进行交互。"
    },
    {
      "type": "crafting",
      "recipe": "thermal:charge_bench",
      "title": "能量灌注机",
      "text": "$(o)据史料记载，有一种与能量灌注机同名的机器一度可以直接将红石通量注入任何物品，而不仅仅局限于工具。然而，这样的记载放到今天来看，已经离天下之大谱了。$()"
    },
    {
      "type": "text",
      "title": "兼容增强",
      "text": "$(li)$(l:thermal:technology/augments/integral_components)整合组件$(/l)$(li)$(l:thermal:technology/augments/item_filter)物品过滤规制$(/l)$(li)$(l:thermal:technology/augments/rf_coil)扩展通量线圈$(/l)$(li)$(l:thermal:technology/augments/rf_coil_storage)稳态通量线圈$(/l)$(li)$(l:thermal:technology/augments/rf_coil_xfer)强导通量线圈$(/l)"
    }
  ]
}