{
    "armormodifier": "dragonstone_armor",
    "demoArmor": [
        "conarm:helmet",
        "conarm:chestplate",
        "conarm:leggings",
        "conarm:boots"
    ],
    "effects": [
        "基于Botania材料数量的额外耐久",
        "一次性使用",
        "很艳丽！"
    ],
    "text": [
        {
            "text": "将龙石添加到某些盔甲会使其获得一些耐久。对于由能容纳Mana的材料制成的盔甲，该效果会放大。"
        }
    ]
}
