{
  "name": "存储促动器",
  "icon": "occultism:storage_controller_base",
  "category": "occultism:storage",
  "sortnum": 0,
  "pages": [
    {
      "type": "spotlight",
      "item": "occultism:storage_controller",
      "title": "存储促动器",
      "text": "$(item)维度存储促动器$()包含两部分。上方的$(l:rituals/crafting/craft_dimensional_matrix)维度矩阵$(/l)中栖身着一只负责创造和管理存储维度的巨灵，下方的$(l:rituals/crafting/craft_storage_controller_base)基座$(/l)则用一只魔精灌注，负责存储维度内物品的输入输出。"},
    {
      "type": "empty",
      "draw_filler": false
    }
  ]
}
