{
  "name": "存储稳定器",
  "icon": "occultism:storage_stabilizer_tier1",
  "category": "occultism:storage",
  "sortnum": 3,
  "pages": [
    {
      "type": "spotlight",
      "item": "occultism:storage_stabilizer_tier1",
      "title": "存储稳定器",
      "text": "$(l:rituals/crafting/craft_stabilizer_tier1)存储稳定器$(/l)能增加存储维度的存储空间。稳定器有 4 个等级：($(l:rituals/crafting/craft_stabilizer_tier1)等级 1$(/l)、$(l:rituals/crafting/craft_stabilizer_tier2)等级 2$(/l)、$(l:rituals/crafting/craft_stabilizer_tier3)等级 3$(/l)和$(l:rituals/crafting/craft_stabilizer_tier4)等级 4$(/l))，每级都会为存储空间增加多一点空间。存储稳定器需要指向$(l:rituals/crafting/craft_dimensional_matrix)维度矩阵$(/l)（促动器上方一格），而且距离不能超过 5 格。"},
    {
      "type": "image",
      "border": "true",
      "images": [
        "occultism:textures/gui/book/storage_stabilizer.png"
      ],
      "text": "红线指示着稳定器的瞄准线，它们并不会在游戏中出现！"
    }
  ]
}
