{
  "name": "铁路工人工作台",
  "icon": "transport:rail_workers_bench",
  "category": "machines",
  "pages": [
    {
      "type": "text",
      "text": "$(item)铁路工人工作台$()提供了两点好处：第一，它可以使你在相同种类的铁轨中切换（也就是铁轨 -> 尖轨，充能铁轨 -> 激活铁轨）。第二，它可以合成“导轨”，当导轨在合成中代替锭时可以获得4倍的输出。"
    },
    {
      "type": "crafting",
      "recipe": "transport:rail_workers_bench"
    },
    {
      "type": "crafting",
      "recipe": "transport:minecraft_rail_from_transport_iron_rail",
      "recipe2": "transport:minecraft_powered_rail_from_transport_gold_rail"
    }
  ]
}
