{
  "name": "元素种类",
  "icon": "elementaristics:essence:4",
  "category": "arcane_lessons",
  "pages": [
    {
      "type": "text",
      "text": "所有已知的元素都写在了该条目中，对于某些人而言这一章的内容十分重要。$(br)你最好记下这里所记载的配方。"
    },
    {
      "type": "spotlight",
      "item": "elementaristics:essence:4",
      "text": "以太(Aether)元素掌管着星空，未知以及可能性的留存，有时它的范围甚至包括时空以及存在物（exsistence）。$(br)对于它的直接却也模糊的定义，很容易让人们误认它为'其他'元素。"
    },
    {
      "type": "spotlight",
      "item": "elementaristics:essence:0",
      "text": "大气(Air)元素掌管着所有的气体，移动，有时还会包括感觉（sense）元素"
    },
    {
      "type": "spotlight",
      "item": "elementaristics:essence:1",
      "text": "大地(Earth)元素关乎着固体物质。$(br)它与生命有着很紧密的联系，人们同时也会认为，'生命'这一复杂概念要包含的元素远不止这一个方面。"
    },
    {
      "type": "spotlight",
      "item": "elementaristics:essence:3",
      "text": "火焰(Fire)元素掌管了力量，权势，还有理所当然的火。$(br)需要注意的是，火焰元素不必然的包括所有种类的能量; 但是可以肯定，热能是绝对被包括的。$(br)有时火焰元素也可代表意识(consciousness)。$(br)通常，所有通过某种过程使自身与能量发生关联的元素都会或多或少的与火焰元素相关。"
    },
    {
      "type": "spotlight",
      "item": "elementaristics:essence:2",
      "text": "水元素掌管着液体，同时它也是生命的重要组成部分，有时它还会与感觉(feeling)元素发生关联。"
    },
    {
      "type": "elementaristics:purifier_recipe",
      "recipe": "elementaristics:essence_crystal",
      "name": "水晶元素",
      "text": "水晶(Crystal)元素象征着所有具有晶体结构的物质，因此它与秩序(Order)元素也有着一定的相关性。$(br)有人会将其形容为 '更高级的大地元素'。"
    },{
      "type": "elementaristics:purifier_recipe",
      "recipe": "elementaristics:essence_order",
      "name": "秩序元素",
      "text": "秩序(Order): 确切的说，是某种强制力，不被强制力约束的宇宙会陷入混沌之中。"
    },
    {
      "type": "elementaristics:reactor_recipe",
      "recipe": "elementaristics:essence_life",
      "name": "生命元素",
      "text": "生命(life)元素\u22EF\u22EF如此的生机勃勃。它的活力能使它的源质在最残酷的环境下也能生存，同时生命元素还留存有部分归属于混沌，当然，秩序是占主导地位的\u22EF\u22EF在死亡之前都是如此."
    },{
      "type": "elementaristics:reactor_recipe",
      "recipe": "elementaristics:essence_electricity",
      "name": "电力元素",
      "text": "这个在真正意义上“让人震惊(shocking)”的元素描述了电的能量，运动以及影响."
    },
    {
      "type": "elementaristics:concentrator_recipe",
      "recipe": "elementaristics:essence_light",
      "name": "光元素",
      "text": "火创造了光明，并由大气及大气运动维持了光的存在\u22EF\u22EF就连上帝都无法忽视光的瑰丽奇妙."
    },
    {
      "type": "elementaristics:concentrator_recipe",
      "recipe": "elementaristics:essence_ice",
      "name": "冰元素",
      "text": "寒冷，死亡，以及终结。"
    },
    {
      "type": "elementaristics:tunneler_recipe",
      "recipe": "elementaristics:essence_body",
      "name": "肉体元素",
      "text": "肉体，我的肉体，我们的肉体，所有人的肉体。也许它就是一切的根源。"
    },
    {
      "type": "elementaristics:tunneler_recipe",
      "recipe": "elementaristics:essence_mind",
      "name": "心智元素",
      "text": "心智可以认识外部也可感知外部，但它依然只是个衍生物。"
    },
    {
      "type": "elementaristics:tunneler_recipe",
      "recipe": "elementaristics:essence_soul",
      "name": "灵魂元素",
      "text": "灵魂以及精神，以及归属于这两者的东西。"
    },
    {
      "type": "spotlight",
      "item": "elementaristics:essence:17",
      "text": "魔力元素描述了原生的神秘能量，并且所有的灵魂在在一定上包含魔力。它可以由$(l:manipulation/entry_sacrifice)$(marked)压缩仪式$()制作得来。",
      "link_recipe": true
    },
    {
      "type": "spotlight",
      "item": "elementaristics:essence:15",
      "text": "混沌元素是$(marked)以太$()元素中代表混沌的那一面，它是一种破坏性的成分，阻止着宇宙朝向完全的秩序化。它就像一团活火不断燃烧，而秩序就像是其中飘散出来的灰烬。$(br2)(对以太元素释放$(l:manipulation/entry_chaos)混沌仪式$()可以创造出这种元素)",
      "link_recipe": true
    },
    {
      "type": "spotlight",
      "item": "elementaristics:essence:7",
      "text": "\u22EF\u22EF$(br2)(对大气源质进行$(l:manipulation/entry_chaos)混沌仪式$()可以创造出这种元素)",
      "link_recipe": true
    },
    {
      "type": "spotlight",
      "item": "elementaristics:essence:18",
      "text": "将$(l:alchemy/entry_flesh_lamb)羔羊之肉$()放入$(l:manipulation/entry_basin)注魔盆$()，再注入生命，灵魂，光，心智以及混沌元素，充斥着混沌的森林源质，这个关于堕落，昏暗，上帝以及羔羊(goats)的元素，就这样被创造了出来。",
      "link_recipe": true
    }
  ]
}