{
  "components": [
    {
      "type": "tooltip",
      "tooltip": ["#catalyst#->iname", "主产物产出倍数：#p#x", "副产物产出倍数：#a#x", "能耗倍数：#e#x", "消耗几率：#u#%"],
      "guard": "#enable",
      "width": 16,
      "height": 7,
      "y": 15
    },
    {
      "type": "text",
      "text": "\u22EF\u22EF",
      "guard": "#enable",
      "x": 6,
      "y": 13
    },
    {
      "type": "item",
      "item": "#catalyst",
      "guard": "#enable"
    }
  ]
}