{
	"name": "束流收集器",
	"icon": "qmd:beam_dump_controller",
	"category": "qmd:particle_chambers",
	"sortnum": 3,
	"pages": [
		{
			"type": "text",
			"text": "束流收集器收集分散的粒子，再将其转化为对应的流体。质子可以被转化为氢，氘核可以被转化为氘，等等。"
		},
		{
			"title": "建造",
			"type": "text",
			"text": "束流收集器的建造与$(l:particle_chambers/target_chamber)靶室$(/l)相同，但由于束流收集器中不需要有探测器，所以其大小仅仅为3x3x3。束流收集器需要包含一个模式为输入的粒子室束流端口和一个模式为输出的粒子室流体端口。"
		},
		{
			"title": "操作",
			"type": "text",
			"text": "只要有输入的粒子与能量束流收集器便能工作。可在JEI中查看相关配方，其中数量即完成该配方所要求的粒子数（单位：pu）即100 pu/t的情况下输入600 pu则需要6 t以完成。配方中能量和聚焦都是最少所需的值。通常情况下两者都是0。有最高要求时配方会写明。"
		}
	]
}