{
  "name": "煤焦",
  "icon": "pyrotech:material:1",
  "category": "accelerate",
  "pages": [
    {
      "type": "rt_pit_burn_recipe",
      "header": true,
      "recipe": "pyrotech:coal_coke",
      "text": "$(item)煤焦$()是将$(item)煤炭块$()在$(thing)耐火炉$()中碳化的产物。$(p)$(info_cn) $(item)煤焦$()比$(item)木炭$()或$(item)煤炭$()更具效率。$(p)$(info_cn) 在$(item)锻造炉$()或$(item)凋灵锻造炉$()中使用$(item)煤焦块$()能使它们更具效率。"
    },
    {
      "type": "fuel_coal_coke_block",
      "recipe": "pyrotech:coal_coke_block",
      "fuel": "pyrotech:coal_coke_block"
    },
    {
      "type": "relations",
      "entries": [
        "accelerate/refractory_burn",
        "bloom/mechanical_compactor",
        "accelerate/bloomery",
        "bloom/wither_forge"
      ]
    }
  ]
}
