{
  "name": "防火",
  "icon": "minecraft:leather_chestplate",
  "category": "accelerate",
  "pages": [
    {
      "type": "text",
      "text": "当进行关于$(item)锻造炉$()和$(item)炉渣$()的工作时，你常常会烫伤。$(p)$(info_cn) $(thing)皮甲$()可以涂上$(item)熟石灰$()来加强它的$(thing)防火效果$()。"
    },
    {
      "type": "crafting",
      "recipe": "pyrotech:leather_helmet_fireproof",
      "recipe2": "pyrotech:leather_chestplate_fireproof"
    },
    {
      "type": "crafting",
      "recipe": "pyrotech:leather_leggings_fireproof",
      "recipe2": "pyrotech:leather_boots_fireproof"
    },
    {
      "type": "relations",
      "entries": [
        "innovate/refractory_brick"
      ]
    }
  ]
}