{
  "name": "耐火窑",
  "icon": "pyrotech:refractory_brick_block",
  "category": "accelerate",
  "pages": [
    {
      "type": "text",
      "text": "$(thing)耐火窑$()的制作过程和$(thing)炭窑$()类似，不同的是，包围耐火窑的方块必须是耐火材料。$(p)$(warning_cn) 先熟悉$(thing)炭窑$()的工作方式，再来接触$(thing)耐火窑$()！"
    },
    {
      "type": "crafting",
      "recipe": "pyrotech:refractory_door",
      "text": "$(item)耐火门$()紧贴原料时，是一种可用的耐火材料。"
    },
    {
      "type": "crafting",
      "recipe": "pyrotech:refractory_glass",
      "text": "$(item)耐火玻璃$()是一种耐火材料，尽管它是透明的。"
    },
    {
      "type": "crafting",
      "recipe": "pyrotech:tech/refractory/tar_collector_brick",
      "text": "$(item)耐火收集器$()是一种耐火材料。$(p)$(info_cn) 这种收集器可以储存热液体，比如熔岩。"
    },
    {
      "type": "crafting",
      "recipe": "pyrotech:tech/refractory/tar_drain_brick",
      "text": "$(item)耐火排液口$()是一种耐火材料。$(p)$(info_cn) 这种排液口可以储存热液体，比如熔岩。"
    },
    {
      "type": "relations",
      "entries": [
        "innovate/pit_burn",
        "innovate/refractory_brick"
      ]
    }
  ]
}