{
  "name": "河狸使魔",
  "icon": "occultism:textures/gui/book/familiar_beaver.png",
  "category": "occultism:rituals/familiars",
  "sortnum": 160,
  "pages": [
    {
      "type": "entity",
      "entity": "occultism:beaver_familiar",
      "scale": 1,
      "text": "$(bold)提供$()：$(thing)提升原木破坏速度$()"
    },
    {
      "type": "occultism:ritual",
      "recipe": "occultism:ritual/familiar_beaver"
    },
    {
      "type": "text",
      "text": "河狸使魔能在附近树苗长成树木的瞬间将它们砍伐。不过河狸只能对付小型树木。"
    }
  ]
}

