{
  "name": "眼魔使魔",
  "icon": "occultism:textures/gui/book/familiar_beholder.png",
  "category": "occultism:rituals/familiars",
  "sortnum": 120,
  "pages": [
    {
      "type": "entity",
      "entity": "occultism:beholder_familiar",
      "scale": 0.7
    },
    {
      "type": "occultism:ritual",
      "recipe": "occultism:ritual/familiar_beholder"
    },
    {
      "type": "text",
      "text": "眼魔使魔能使用发光效果高亮周围的实体，还能向敌人发射激光射线。让它吃掉一个莎布·尼古拉丝的后裔后，还能暂时提升其伤害和速度。"
    },
    {
      "type": "text",
      "text": "被铁匠使魔升级后，眼魔使魔还会使其主人免疫失明。"
    }
  ]
}

