{
	"components": [
		{
			"type": "header",
			"text": "#header",
			"x": -1,
			"y": -1
		},
		{
			"type": "item",
			"item": "#ingot",
			"framed": true,
			"link_recipe": true,
			"x": 40,
			"y": 15
		},
		{
			"type": "item",
			"item": "#dust",
			"framed": true,
			"link_recipe": true,
			"x": 60,
			"y": 15
		},
		{
			"type": "text",
			"text": "符号：$(l)#symbol#$()$(br)原子序数：$(l)#num#$()$(br)常见同位素：$(l)#iso#$()",
			"x": 0,
			"y": 40
		},
        {
            "type": "text",
            "text": "#desc",
            "x": 0,
            "y": 60
        }
	]
}