{
	"name": "靶室",
	"icon": "qmd:target_chamber_controller",
	"category": "qmd:particle_chambers",
	"sortnum": 1,
	"pages": [
		{
			"type": "text",
			"text": "靶室可被用于用粒子轰击既定材料以引发核反应。"
		},
		{
			"title": "建造",
			"type": "text",
			"text": "靶室是由粒子室外壳构成的3格到9格高3格到9格宽的正方体。靶室必须包含能量端口。靶室只能包含一个输入模式下的束流端口，但输出模式下的束流端口零到三个皆可。"
		},
		{
			"type": "text",
			"text": "中央必须有粒子室方块，且粒子室方块必须通过束流方块连接至束流端口。"
		},
		{
            "type": "image",
            "images": [
                "qmd:textures/gui/book_images/empty_target_chamber.png"
            ],
            "text": "没有输出的5x5x5空靶室。"
        },
		{
			"title": "探测器",
			"type": "text",
			"text": "探测器位于靶室中时可以提高反应效率，使运行更高效。探测器只有位于与粒子室方块相隔一定格数时才能工作，可以在提示文本中查看这一格数。探测器也会增加靶室的能量消耗。注意：只会在运行时消耗额外的能量。"
		},
		{
            "type": "image",
            "images": [
                "qmd:textures/gui/book_images/detector_target_chamber.png"
            ],
            "text": "包含一个输出用束流端口和探测器的5x5x5靶室。"
        },
		{
			"title": "输出",
			"type": "text",
			"text": "取决于建造方式，靶室可以包含零到三个输出束流。输出的位置与输入相关，输入位置决定了输出中束流与端口的对应关系。束流依顺时针方向按自顶部至顶部的顺序输出，但手持多功能工具潜行右击相对两面上的端口也可以调整顺序。$(bold)中间的输出束流对于的端口一定位于输入的背面。$()"
		},
		{
            "type": "image",
            "images": [
                "qmd:textures/gui/book_images/outputs_target_chamber.png"
            ],
            "text": "包含三个输出用束流端口的7x7x7靶室。"
        },
		{
            "type": "image",
            "images": [
                "qmd:textures/gui/book_images/target_chamber_gui.png"
            ],
            "text": "下一页的示范。"
        },
		{
			"title": "操作",
			"type": "text",
			"text": "一束数量为100 pu/t且具有10.711 GeV能量的质子束流正在轰击铅锭。这会产出数量为92 pu/t且具有2.065 GeV的两个束流，分别为质子和反质子；这还将铅锭变为了铅散裂废料。输出束流的聚焦与输入束流相同。计算数量与能量需要查看JEI。"
		},
		{
            "type": "image",
            "images": [
                "qmd:textures/gui/book_images/target_chamber_jei.png"
            ]
            
        },
		{
			"type": "text",
			"text": "我们可以看到这里产生了1 pu的质子和1 pu的反质子。反应的散射截面为10%，而能量释放为-6.58 GeV。输出能量为E=(E₀+Q)/n，其中E₀为输入粒子的能量，Q为能量释放，n为配方中输出粒子的总和。"
		},
		{
			"type": "text",
			"text": "本例中有一个质子输出和一个反质子输出，所以计算式中n为2。将数据代入，我们可以得到(10.711 GeV+-6.58 GeV)/2=2.0655 GeV，也即大约2.065 GeV。"
		},
		{
			"type": "text",
			"text": "我们通过aₒ=aᵢaΣ计算粒子数量（单位：pu/t），其中aᵢ为输入的粒子数量，a为配方中写明的粒子数量，Σ是一个参数（Σ=min(ση,1)），其中σ为配方的散射截面，η为靶室的效率。本例中反质子的a为1。将数据代入，我们可以得到100*1*(0.1*9.25)=92.5，取整后即92 pu/t。"
		},
		{
			"type": "text",
			"text": " $(bold)注意：Σ一定不大于1。$()你只能在配方输出大于1（即a>1）时得到比输入多的粒子数量，因此这在考虑粒子系数时十分重要。本例并非这种配方，因此输出中的质子不能多于输入中的。"
		}
	]
}