{
	"name": "龙鳞",
	"category": "upgrades",
	"icon": "craftandhunt:dragon_scale",
	"pages": [
		{
			"type": "spotlight",
			"item": "craftandhunt:dragon_scale",
			"text": "末影龙的鳞片，可以用来制作附件，可以用来升级大多数非金属装备。"
		},
		{
			"type": "crafting",
			"recipe": "craftandhunt:dragon_helmet",
			"recipe2": "craftandhunt:dragon_chestplate"
		},
		{
			"type": "crafting",
			"recipe": "craftandhunt:dragon_leggings",
			"recipe2": "craftandhunt:dragon_boots"
		},
		{
			"type": "text",
			"text": "以下页面将显示可以使用附件升级的内容。以这种方式升级装备将使其属性接近钻石级别。当然，它的附魔不会被改变。"
		},
		{
			"type": "smithing",
			"recipe": 		"craftandhunt:bear_black_upgraded_to_u_bear_black_helmet",
			"recipe2": 		"craftandhunt:bear_black_upgraded_to_u_bear_black_chestplate"
		},
		{
			"type": "smithing",
			"recipe": 		"craftandhunt:bear_black_upgraded_to_u_bear_black_leggings",
			"recipe2": 		"craftandhunt:bear_black_upgraded_to_u_bear_black_boots"
		},
		{
			"type": "smithing",
			"recipe": 		"craftandhunt:bear_brown_upgraded_to_u_bear_brown_helmet",
			"recipe2": 		"craftandhunt:bear_brown_upgraded_to_u_bear_brown_chestplate"
		},
		{
			"type": "smithing",
			"recipe": 		"craftandhunt:bear_brown_upgraded_to_u_bear_brown_leggings",
			"recipe2": 		"craftandhunt:bear_brown_upgraded_to_u_bear_brown_boots"
		},
		{
			"type": "smithing",
			"recipe": 		"craftandhunt:bear_panda_upgraded_to_u_bear_panda_helmet",
			"recipe2": 		"craftandhunt:bear_panda_upgraded_to_u_bear_panda_chestplate"
		},
		{
			"type": "smithing",
			"recipe": 		"craftandhunt:bear_panda_upgraded_to_u_bear_panda_leggings",
			"recipe2": 		"craftandhunt:bear_panda_upgraded_to_u_bear_panda_boots"
		},
		{
			"type": "smithing",
			"recipe": 		"craftandhunt:bear_polar_upgraded_to_u_bear_polar_helmet",
			"recipe2": 		"craftandhunt:bear_polar_upgraded_to_u_bear_polar_chestplate"
		},
		{
			"type": "smithing",
			"recipe": 		"craftandhunt:bear_polar_upgraded_to_u_bear_polar_leggings",
			"recipe2": 		"craftandhunt:bear_polar_upgraded_to_u_bear_polar_boots"
		},
		{
			"type": "smithing",
			"recipe": 		"craftandhunt:hive_upgraded_to_u_bee_helmet",
			"recipe2": 		"craftandhunt:hive_upgraded_to_u_bee_chestplate"
		},
		{
			"type": "smithing",
			"recipe": 		"craftandhunt:u_bee_leggings",
			"recipe2": 		"craftandhunt:hive_upgraded_to_u_bee_leggings"
		},
		{
			"type": "smithing",
			"recipe": 		"craftandhunt:fox_fire_upgraded_to_u_fox_boots",
			"recipe2": 		"craftandhunt:fox_fire_upgraded_to_u_fox_chestplate"
		},
		{
			"type": "smithing",
			"recipe": 		"craftandhunt:fox_fire_upgraded_to_u_fox_helmet",
			"recipe2": 		"craftandhunt:fox_fire_upgraded_to_u_fox_leggings"
		},
		{
			"type": "smithing",
			"recipe": 		"craftandhunt:guardian_elder_upgraded_to_u_guardian_elder_boots",
			"recipe2": 		"craftandhunt:guardian_elder_upgraded_to_u_guardian_elder_chestplate"
		},
		{
			"type": "smithing",
			"recipe": 		"craftandhunt:guardian_elder_upgraded_to_u_guardian_elder_helmet",
			"recipe2": 		"craftandhunt:guardian_elder_upgraded_to_u_guardian_elder_leggings"
		},
		{
			"type": "smithing",
			"recipe": 		"craftandhunt:hoglin_upgraded_to_u_goat_boots",
			"recipe2": 		"craftandhunt:hoglin_upgraded_to_u_goat_chestplate"
		},
		{
			"type": "smithing",
			"recipe": 		"craftandhunt:hoglin_upgraded_to_u_goat_helmet",
			"recipe2": 		"craftandhunt:hoglin_upgraded_to_u_goat_leggings"
		},
		{
			"type": "smithing",
			"recipe": 		"craftandhunt:phantom_upgraded_to_u_phantom_boots",
			"recipe2": 		"craftandhunt:phantom_upgraded_to_u_phantom_chestplate"
		},
		{
			"type": "smithing",
			"recipe": 		"craftandhunt:phantom_upgraded_to_u_phantom_helmet",
			"recipe2": 		"craftandhunt:phantom_upgraded_to_u_phantom_leggings"
		},
		{
			"type": "smithing",
			"recipe": 		"craftandhunt:shulker_upgraded_to_u_shulker_boots",
			"recipe2": 		"craftandhunt:shulker_upgraded_to_u_shulker_chestplate"
		},
		{
			"type": "smithing",
			"recipe": 		"craftandhunt:shulker_upgraded_to_u_shulker_helmet",
			"recipe2": 		"craftandhunt:shulker_upgraded_to_u_shulker_leggings"
		},
		{
			"type": "smithing",
			"recipe": 		"craftandhunt:spider_fermented_upgraded_to_u_spider_fermented_boots",
			"recipe2": 		"craftandhunt:spider_fermented_upgraded_to_u_spider_fermented_chestplate"
		},
		{
			"type": "smithing",
			"recipe": 		"craftandhunt:spider_fermented_upgraded_to_u_spider_fermented_helmet",
			"recipe2": 		"craftandhunt:spider_fermented_upgraded_to_u_spider_fermented_leggings"
		},
		{
			"type": "smithing",
			"recipe": 		"craftandhunt:spider_poison_upgraded_to_u_spider_poison_boots",
			"recipe2": 		"craftandhunt:spider_poison_upgraded_to_u_spider_poison_chestplate"
		},
		{
			"type": "smithing",
			"recipe": 		"craftandhunt:spider_poison_upgraded_to_u_spider_poison_helmet",
			"recipe2": 		"craftandhunt:spider_poison_upgraded_to_u_spider_poison_leggings"
		},
		{
			"type": "smithing",
			"recipe": 		"craftandhunt:stray_upgraded_to_u_stray_boots",
			"recipe2": 		"craftandhunt:stray_upgraded_to_u_stray_chestplate"
		},
		{
			"type": "smithing",
			"recipe": 		"craftandhunt:stray_upgraded_to_u_stray_helmet",
			"recipe2": 		"craftandhunt:stray_upgraded_to_u_stray_leggings"
		},
		{
			"type": "smithing",
			"recipe": 		"craftandhunt:strider_upgraded_to_u_blaze_boots",
			"recipe2": 		"craftandhunt:strider_upgraded_to_u_blaze_chestplate"
		},
		{
			"type": "smithing",
			"recipe": 		"craftandhunt:strider_upgraded_to_u_blaze_helmet",
			"recipe2": 		"craftandhunt:strider_upgraded_to_u_blaze_leggings"
		},
		{
			"type": "smithing",
			"recipe": 		"craftandhunt:thrasher_great_upgraded_to_u_shark_boots",
			"recipe2": 		"craftandhunt:thrasher_great_upgraded_to_u_shark_chestplate"
		},
		{
			"type": "smithing",
			"recipe": 		"craftandhunt:thrasher_great_upgraded_to_u_shark_helmet",
			"recipe2": 		"craftandhunt:thrasher_great_upgraded_to_u_shark_leggings"
		},
		{
			"type": "smithing",
			"recipe": 		"craftandhunt:turtle_upgraded_to_u_turtle_boots",
			"recipe2": 		"craftandhunt:turtle_upgraded_to_u_turtle_chestplate"
		},
		{
			"type": "smithing",
			"recipe": 		"craftandhunt:turtle_upgraded_to_u_turtle_helmet",
			"recipe2": 		"craftandhunt:turtle_upgraded_to_u_turtle_leggings"
		}
	]
}