{
  "name": "维度之沙",
  "category": "distilling_and_smelting",
  "icon": "bewitchment:dimensional_sand",
  "pages": [
	{
	  "type": "text",
	  "text": "维度之沙在手中感觉很奇怪\u22EF\u22EF它是固体的, 但却可以像液体一样流动, 并以一种神秘的方式闪烁着. 它可以通过在女巫烤箱内烤制末影之眼或紫颂果获得"
	},
	{
	  "type": "bewitchment:oven_recipe",
	  "recipe": "bewitchment:dimensional_sand",
	  "text": "你能感觉到这种蓝绿色的材料与以太能量的共振, 它与末地紧紧相联系着."
	},
	{
	  "type": "bewitchment:oven_recipe",
	  "recipe": "bewitchment:dimensional_sand_alt0"
	},
	{
	  "type": "bewitchment:oven_recipe",
	  "recipe": "bewitchment:dimensional_sand_alt1"
	}
  ]
}
