{
    "name": "战利品球生成机",
    "icon": "hwell:boxer",
    "category": "other_machines",
    "sortnum": 70,
    "pages": [
        { 	"type": "spotlight",
            "item": "hwell:producer",
            "text": "战利品球生成机可以制造基础战利品球, 当他被单独放在地上或者被右击时, 他将会产生随机的怪物战利品掉落.$(br)战利品球生成器的上方将会自动生成基础战利品球,但同时这需要大量的能源.你可以通过给予这个机器一个红石信号来关闭机器."
        },
		{ 	"type": "crafting",
            "recipe": "hwell:producer.producer",
            "text": "但是如果你需要一些特定怪物的战利品,你可以随时查看合成表,制作特定怪物战利品球,得到特定怪物的战利品."
        },
		{ 	"type": "crafting",
            "recipe": "hwell:loot_blaze",
            "recipe2": "hwell:loot_creeper"
        },
		{ 	"type": "crafting",
            "recipe": "hwell:loot_enderman",
            "recipe2": "hwell:loot_ghast"
        },
		{ 	"type": "crafting",
            "recipe": "hwell:loot_shulker",
            "recipe2": "hwell:loot_skeleton"
        },
		{ 	"type": "crafting",
            "recipe": "hwell:loot_blaze",
            "recipe2": "hwell:loot_slime"
        },
		{ 	"type": "crafting",
            "recipe": "hwell:loot_spider",
            "recipe2": "hwell:loot_zombie"
        },
		{ 	"type": "crafting",
            "recipe": "hwell:loot_wither"
        }
    ]
}