{
    "name": "自动构造器",
    "icon": "naturesaura:auto_crafter",
    "category": "devices",
    "advancement": "naturesaura:sky_ingot",
    "pages": [
        {
            "type": "text",
            "text": "植物学家人生中的一大重要部分就是$(thing)制作$()物品，更确切的说，在$(item)工作台$()上制作物品。不过，这个过程很容易变得枯燥且耗时，尤其是对于需要定期摆放和使用的配方。在这个问题上，$(item)自动构造器$()就很方便了：它可以制造任何可手工在工作台合成的物品，但是无需任何人工帮助。"
        },
        {
            "type": "text",
            "text": "为实现这点，首先需要建造一个下一页中以$(item)自动构造器$()为中心的$(thing)结构$()。放置好后，箭头的指向就指示了$(thing)合成配方的上方$()，就像在$(item)工作台$()中指向最上面一排格子一样。合成需要的原料必须按照配方的顺序，以掉落物的形式位于$(item)上古原木$()之上。一旦配方就位，数秒之后产物就会从$(item)自动构造器$()的$(thing)底部$()掉出。"
        },
        {
            "type": "multiblock",
            "multiblock_id": "naturesaura:auto_crafter",
            "text": "建造自动合成过程需要的结构"
        },
        {
            "type": "crafting",
            "text": "制造$(item)自动构造器$()",
            "recipe": "naturesaura:auto_crafter"
        }
    ]
}
