{
  "name": "FloofHips",
  "icon": "minecraft:blue_orchid",
  "category": "thermal:contributors",
  "read_by_default": true,
  "sortnum": 3,
  "pages": [
    {
      "type": "link",
      "url": "https://twitter.com/FloofHips",
      "link_text": "FloofHips 的推特账号",
      "text": "创作了许多热力系列材质，让人大饱眼福。Floof 也是这本指南的编撰者之一，为其带来了更多欢乐活泼的观感。"
    },
    {
      "type": "empty"
    },
    {
      "type": "image",
      "images": ["thermal:textures/gui/guidebook/guy.png"],
      "border": true
    }
  ]

}