{
  "title": "肩驮架",
  "image": {
    "file": "tconstruct:book/images/piggybackpack.png",
    "width": 140,
    "height": 80
  },
  "text": [
    {
      "text": "对着一些生物使用肩驮架就可以把它背起来。如果你的猪在长途旅行的时候走累了，你就可以把它背在背上。肩驮架也可以用来把生物扔进冶炼炉。我有一次成功地背上了多达3个肩驮架，不过有这么多人骑在我头上，我根本没法正常走路了。"
    }
  ]
}
