{
  "title": "黏液弹弓",
  "item": {
    "tag": "tconstruct:slimeslings"
  },
  "text": [
    {
      "text": "弹弓是我的最新发明，可以用来弹飞你自己或者其他生物。大地黏液弹弓可以让你面对着地面弹射来进行远距离飞行；碧空黏液弹弓弹射距离没那么远，但它可以在空中使用；灵浆弹弓可以把敌人弹飞；末影黏液弹弓可以将你传送一定距离。我现在正在研究怎么强化这些弹弓。",
      "paragraph": true
    }
  ]
}
