{
  "name": "星尘之梦",
  "category": "vis_vitalis",
  "icon": "elementaristics:textures/gui/icons/same.png",
  "advancement": "elementaristics:progress_ascension_4",
  "pages": [
    {
      "type": "text",
      "text": "我又回想起了那一轮太阳\u22EF\u22EF我亦记得，于那时所有的恒星都归于寂灭。但也因此，众星也留下了自己的点点遗骸，这星尘塑成了我的身躯。或许，我只是说或许，当星尘与情感相促相织，于其尚存之际，抑或有奇迹显露？"
    },
    {
      "type": "crafting",
      "recipe": "elementaristics:same_self",
      "text": "$(o)同一个我，但又是更好的我。$()"
    }
  ]
}