{
  "name": "冥想",
  "category": "vis_vitalis",
  "icon": "minecraft:bed",
  "advancement": "elementaristics:progress_ascension_4",
  "pages": [
    {
      "type": "text",
      "text": "冥想是一种对人益处多多的锻炼方式，可以同时提升人的精神以及物理层面的健康程度。$(br)然而，想要让冥想充分生效，冥想之人必须先打破边界，也就是杀死$(marked)银白门径$()。"
    },
    {
      "type": "text",
      "text": "若要开始冥想，你必须在床上小憩片刻，这对于时间并不作要求。小憩过后，你的生命恢复速度以及源力恢复速度都会得到增加。$(br)但，冥想还可以通幽于情感之中，只需一些独特的影响即可进入那幽深之境\u22EF\u22EF这种影响指的是让自身完全陷入到$(marked)沉醉$()之中，而$(l:alchemy/entry_tincture)神秘鸦片酊$()就是我们迈入沉醉之中的钥匙。$(br)这些被急剧放大了的情感会给予我们各不相同的效果。"
    },
    {
      "type": "text",
      "text": "$(l)满足$()$(br)满足与其他的情感一样，可以增加源力恢复速度。它也能够提升你的跳跃高度，行走以及挖掘的速度。$(br2)$(l)惊惧$()$(br)惊惧也会使得源力恢复速度增加，且增加量比满足略高。然而，它还会带来霉运以及虚弱效果，作为补偿，它还会附加上比较微弱的保护效果。"
    },
    {
      "type": "text",
      "text": "$(l)狂喜$()$(br)这一情感会以欲望驱动信徒，甚至能够刺激它们的生命值。然而这微弱的欲望并不能够带来任何的源力再生加速。若想刺激源力再生，你需要更强力的狂喜情感。$(br2)$(l)恐惧$()$(br)恐惧会让信徒持续地感到不安，增强它们的逃跑能力。然而这一效果对源力再生无甚帮助。"
    },
    {
      "type": "text",
      "text": "$(l)大笑$()$(br)一般而言，我们不会将大笑视为一种情感。当大笑袭来时，你是完全无法控制住自己的，只能等待其自行结束。它可以显著增加你的源力恢复速度。$(br2)$(l)寂静$()$(br)不是大笑的对立，而是，不是任何某种东西，这一情感会完全阻止源力再生，但会增强你的力量与抗性。"
    },
    {
      "type": "text",
      "text": "通过某些方法，你可以进入到上述所描述的情感之中，例如特定的$(marked)香氛$()。然而，最关键的在于，你必须在迷醉状态下进入冥想，方能获得这些情感，任何情感皆如此。"
    }
  ]
}