{
  "name": "红石卡",
  "sortnum": 4,
  "category": "laserio:cards",
  "icon": "laserio:card_redstone",
  "pages": [
    {
      "type": "patchouli:text",
      "text": "红石卡用于在整个激光接口（LaserIO）网络中传输红石信号。$(br2)红石卡有独有的“红石频道”设置，和其他物流卡的频道不同。"
    },
    {
      "type": "patchouli:text",
      "text": "红石卡有两个模式：$(br2)$(bold)输入$()$(br)处于输入模式时，红石卡会接受外界红石信号（如红石粉、拉杆和按钮）并在卡内设置的红石频道上传输该信号。$(br2)$(bold)输出$()$(br)处于输出模式时，红石卡会向外界方块（如红石粉、红石灯和红石中继器）传出信号。"
    },
    {
      "type": "patchouli:text",
      "text": "输出模式可调整信号的强弱。弱信号模式下，仅与节点的毗邻的方块会被充能，和红石粉类似。$(br2)强信号模式下，与节点的毗邻的方块能进一步给与其毗邻的方块充能，和拉杆类似。"
    },
    {
      "type": "patchouli:text",
      "text": "所有物流卡都有一个“红石控制”设置，默认为“忽略”，也即该卡会一直运行。$(br2)若其设为“低”，则该卡仅会在其红石频道内无信号时工作。（红石频道按钮在红石控制按钮右侧）$(br2)若其设为“高”，则该卡仅会在其红石频道内有信号时工作。"
    },
    {
      "type": "patchouli:crafting",
      "title": "红石卡",
      "recipe": "laserio:card_redstone"
    }
  ]
}