{
  "name": "物品卡",
  "sortnum": 1,
  "category": "laserio:cards",
  "icon": "laserio:card_item",
  "pages": [
    {
      "type": "patchouli:text",
      "text": "物品卡用于在不同存储空间之间传输物品，如箱子和熔炉。$(br2)超频器相关数值详见下页。"
    },
    {
      "type": "patchouli:text",
      "text": "物品/tick数值（最大值）与超频器数量关系：$(br2)$(li)0 超频器： 8 物品 / 20t$(li)1 超频器：16 物品 / 15t$(li)2 超频器：32 物品 / 10t$(li)3 超频器：48 物品 /  5t$(li)4 超频器：64 物品 /  1t"
    },
    {
      "type": "patchouli:crafting",
      "title": "物品卡",
      "recipe": "laserio:card_item"
    }
  ]
}