{
  "name": "精确",
  "sortnum": 6,
  "category": "laserio:mechanics",
  "icon": "laserio:textures/gui/buttons/exacttrue.png",
  "pages": [
    {
      "type": "patchouli:text",
      "text": "精确仅在提取和存储模式可用。$(br2)精确模式确保仅按“传输数量”栏的数值提取物品。例如，若传输数量设为8，而毗邻箱子内仅有5个物品，提取卡在其中物品数达到8个前不会运行。"
    },
    {
      "type": "patchouli:text",
      "text": "精确模式在存储模式下功能略有不同。精确模式只会在网络内存在存储需求剩余所需个数或传输数量个物品时抽取物品，提取数量是两者中较小值。$(br2)例如，若存储卡还需要13个物品，其本身最多能一次提取32个物品，此时该卡只会提取网络中其他位置的13个物品。"
    }
  ]
}