{
  "name": "献祭",
  "icon": "minecraft:iron_sword",
  "category": "occultism:rituals",
  "sortnum": 3,
  "pages": [
    {
      "type": "text",
      "text": "一些仪式中，需要献祭生物来提供召唤魔灵所需的能量。献祭需求会在仪式页面的“献祭”小节里说明。进行献祭需要在黄金献祭之碗 8 格内杀死动物。只有被玩家所杀才算作献祭！"
    },
    {
      "type": "text",
      "text": "重要事项：献祭开始前先开始仪式。灰色粒子意味着仪式已经准备好，可以开始献祭。"
    }
  ]
}
