{
    "name": "物品分配器",
    "icon": "naturesaura:item_distributor",
    "category": "devices",
    "advancement": "naturesaura:infused_materials",
    "pages": [
        {
            "type": "text",
            "text": "很久以前，非植物的科学家曾创造了对世界的一大贡献：$(item)物品分配器$()。在那时，它远算不上好用，但在当下，通过用设计需要的强度进行材料灌注，使得物品以设计好的模式移动，$(#419600)灵气$()成功地逆转了之前难用的窘境。$(br)$(item)物品分配器$()会从它$(thing)顶部$()的容器内抽取任何物品，"
        },
        {
            "type": "text",
            "text": "然后$(thing)等量地$()将物品分配到到$(thing)侧面$()的所有容器中。此外，在装备$(l:items/eye)环境之眼$()时对其潜行交互，它就能切换为$(thing)随机模式$()。这样切换后，物品不会被等量分配，而是被随机分配。这可能在需要随机性的红石设计里会很有用。"
        },
        {
            "type": "crafting",
            "text": "制作$(item)物品分配器$()",
            "recipe": "naturesaura:item_distributor"
        }
    ]
}
