{
    "name": "灵气吸引矿车",
    "icon": "naturesaura:mover_cart",
    "category": "devices",
    "advancement": "naturesaura:aura_bottle_end",
    "pages": [
        {
            "type": "text",
            "text": "一个很多$(#419600)灵气$()研究者面对的问题是，$(#419600)灵气$()数量足、易获取，但并不容易进行$(thing)运输$()。为了解决这个问题，$(item)灵气吸引矿车$()问世了：它唯一的目的就是在世界中轻松地到处运送$(#419600)灵气$()。要进行运输，需要的只是运输起点的过量的灵气和一些$(item)铁轨$()。"
        },
        {
            "type": "text",
            "text": "要使用$(item)灵气吸引矿车$()，首先将它放在铁轨上。为了让它能钩住附近区域的$(#419600)灵气$()并进行移动，矿车需要通过被充能的$(item)激活铁轨$()。然后，它就会抓取周围的$(#419600)灵气$()并带着一起移动，直到遇到未充能的$(item)激活铁轨$()。此时它就会让携带的$(#419600)灵气$()离开。$(p)需要记住的是, 这样移动$(#419600)灵气$()的过程中，会$(thing)$(t:| || || |_)损失$()一些过量的灵气。"
        },
        {
            "type": "crafting",
            "text": "制作$(item)灵气吸引矿车$()",
            "recipe": "naturesaura:mover_cart"
        }
    ]
}
