{
  "name": "颜料调色器",
  "icon": "industrialforegoing:dye_mixer",
  "category": "resource_production",
  "sortnum": 12,
  "read_by_default": true,
  "pages": [
    {
      "type": "text",
      "text": "一台能够混合原始染料的颜色，最终得到彩虹色的机器。$(br2)举个例子：如果需要白色$(6)染料$()，它需要提供$(4)红色$()、$(2)绿色$()和$(1)蓝色$()的染料各一个。$(br)它消耗$(6)30$()RF/t的能量。"
    },
    {
      "type": "crafting",
      "recipe": "industrialforegoing:dye_mixer"
    }
  ]
}