{
  "name": "流体镭射钻基座",
  "icon": "industrialforegoing:fluid_laser_base",
  "category": "resource_production",
  "sortnum": 15,
  "read_by_default": true,
  "pages": [
    {
      "type": "text",
      "text": "当被$(l:resource_production/laser_drill)镭射钻$()充分充能后，会产出流体。要让它工作需要一个特定的催化剂，催化剂不会被消耗，并且机器需要放置在特定的生物群系，钻取特定的深度。$(br2)要获取某些流体可能需要在机器下方放置一个实体。$(br2)通过JEI查看具体数据。"
    },
    {
      "type": "crafting",
      "recipe": "industrialforegoing:fluid_laser_base"
    }
  ]
}