{
  "name": "蘑菇孢子繁殖器",
  "icon": "industrialforegoing:spores_recreator",
  "category": "resource_production",
  "sortnum": 8,
  "read_by_default": true,
  "pages": [
    {
      "type": "text",
      "text": "增殖$(6)蘑菇$()。$(br2)需要消耗$(6)40$()RF/t的能量和水（每次操作消耗$(6)100$()mb）。$(br2)对于下界菌种则需要提供$(6)熔岩$()。"
    },
    {
      "type": "crafting",
      "recipe": "industrialforegoing:spores_recreator"
    }
  ]
}