{
  "name": "灵髓衰退",
  "icon": "occultism:textures/gui/book/spirits.png",
  "category": "occultism:spirits",
  "sortnum": 1,
  "pages": [
    {
      "type": "text",
      "text": "位于我们的存在位面时，魔灵会遭受到$(thing)灵髓衰退$()，一种它们“身体”的缓慢腐败。魔灵越强大，衰退越慢，但只有最强大的魔灵能完全停止灵髓衰退。一旦魔灵完全衰退，它们会回到$(thing)异世界$()，只有在完全恢复后才能被重新召唤。"},
    {
      "type": "text",
      "text": "魔法师可以将魔灵束缚进物体或生物之中，从而减慢甚至停止灵髓衰退。此外，五芒星的不同也可以在一定程度上影响灵髓衰退的速度。"
    }
  ]
}
