{
  "name": "真名",
  "icon": "occultism:textures/gui/book/spirits.png",
  "category": "occultism:spirits",
  "sortnum": 3,
  "pages": [
    {
      "type": "text",
      "text": "要召唤魔灵，魔法师首先需要知道魔灵的$(thing)真名$()。在当代，人们大多数时候都会查询类似本书的著作，但在古代，更多靠的是主动研究。一些魔灵可以被说服分享它们所知其他魔鬼的真名，这一说服有几种方法：要么是承诺立即放它们回异世界，要么是使用酷刑之类更有说服力的措施。"},
    {
      "type": "text",
      "text": "本书中你能找到所有 4 级魔灵的已知真名，不过也包括一些在这之上的魔灵的真名。召唤魔灵时，需要将它们的名字抄到对应的绑定之书，然后用这本绑定好魔灵的书激活仪式。"
    }
  ]
}
