{
  "name": "Roast Pereskia",
  "icon": "roots:cooked_pereskia",
  "category": "resources",
  "read_by_default": true,
  "pages": [
    {
      "type": "smelting",
      "recipe": "roots:pereskia_bulb",
      "text": "At a certain point in time, a mage of the wilds may have an overabundance of $(l:herbs/perskia)pereskia$() bulbs.$(br2)The excellent news is, these are delicious when roasted, meaning they needn't be wasted.$(br2)They can be cooked either using a furnace or a $(l:crafting/pyre)pyre$()."
    },
    {
      "type": "ritual_crafting_template",
      "recipe": "cooked_pereskia"
    },
    {
      "type": "relations",
      "anchor": "related",
      "entries": [
        "herbs/pereskia"
      ]
    }
  ]
}