{
  "name": "Runestone",
  "icon": "roots:runestone",
  "category": "resources",
  "read_by_default": true,
  "pages": [
    {
      "type": "spotlight",
      "item": "roots:chiseled_runestone",
      "text": "Runestone is an essential resource, both for use in crafting, as ingredients in rituals and spells, and also for the construction of $(l:rituals/standing_stones)standing stones$(), an essential component for complex & difficult rituals.$(br2)It is obtained by combining normal stone with a suitable magic dust."
    },
    {
      "type": "fey_crafting_template",
      "recipe": "runestone"
    },
    {
      "type": "relations",
      "anchor": "related",
      "entries": [
        "crafting/fey_crafter"
      ]
    }
  ]
}