{
  "title": "工具信息",
  "text": [
    { "text": "所有宽型工具都需要用到工匠砧进行制作和部件替换。大部分宽型工具需要用到4个部件，并且自带2个升级槽和1个能力槽。" },
    { "text": "和小型工具一样，宽型工具既有攻击力加成系数也有攻击强化，并且很多宽型工具有自己的属性。除此之外，很多宽型工具会有一个耐久度或挖掘速度的加成系数，并对基础数值和各种强化带来的额外数值有影响，这个影响和攻击系数的影响类似。所有的宽型工具都具有“双手持握”属性，也就是说如果你不给工具添加“副手持握”之类的强化的话，是不能在副手使用宽型工具的。", "paragraph": true }
  ]
}
