{
	"name": "电梯",
	"icon": "warpdrive:lift",
	"category": "4_movement",
	"pages": [
		{
			"type": "text",
			"text": "电梯通常放在你飞船的底部，而且有基础能量源进行供能。它们会在下方投射出一束反重力光束，一路延伸到第一个不透明方块。$(br2)经常被太空矿工用于登上小行星。$(br)类似的，你可以在飞船内用电梯在楼层间快速移动。"
		},
		{
			"type": "crafting",
			"recipe": "warpdrive:lift@0",
			"title": "电梯",
			"text": "反重力是你回到飞船最容易的方式，绝对不要低估它的升力！"
		},
		{
			"type": "text",
			"title": "使用",
			"text": "只要有足够能量供应，站在绿色投射光束内的实体就会被向上移动到电梯顶部。$(br2)你可以用红石改变移动的方向。这种情况下，站立在电梯顶部的实体，还有站在蓝色投射光束内的实体会被移动到光束底部。"
		},
		{
			"type": "text",
			"title": "提示",
			"text": "建议使用拉杆来强制向下移动，这样能防止怪物之类不受欢迎的入侵者进入。$(br2)在电梯上放置压力板能简单快速地变向！$(br2)LUA $(item)模式$()的优先级比红石高，能够强迫电梯持续向下或向上。"
		}
	],
	"sortnum": 1
}
