{
  "name": "裂岩弹",
  "icon": "thermal:earth_charge",
  "category": "thermal:charges",
  "read_by_default": true,
  "pages": [
    {
      "type": "text",
      "text": "裂岩弹常用以迅速采掘泥土、草方块、石头等地质方块。同时，一些材料及压缩存储方块也能与裂岩弹相合成来得到对应的粉与单件形式，譬如将石英块与其合成便能得到单件的石英。被发射器射出的裂岩弹弹道为直线型，能对被击中的目标施加强烈的击退力与$(l:thermal:world/mobs/basalz)割裂$(/l)效果。"
    },
    {
      "type": "crafting",
      "recipe": "thermal:earth_charge_3",
      "title": "裂岩弹",
      "text": "$(o)传闻裂岩弹曾经强大到能凿穿基岩。$()"
    }
  ]
}