{
  "name": "红石通量单元",
  "icon": "thermal:energy_cell",
  "category": "thermal:storage",
  "read_by_default": true,
  "flag": "mod:thermal_expansion",
  "pages": [
    {
      "type": "text",
      "text": "红石通量单元可用以存储与输出红石通量（Redstone Flux, RF），具有可设置的自动输入及输出功能，每个侧面亦可设置为输入或输出模式。初始状态下的红石通量单元拥有 1,000,000RF 的总储电量以及 1,000RF/t 的最大出入功率，可以使用增强来提升这些性能数值。可以通过比较器来呈现当前储电量程度，信号输出与储电量程度成正比。"
    },
    {
      "type": "crafting",
      "recipe": "thermal:energy_cell_frame",
      "recipe2": "thermal:energy_cell"
    },
    {
      "type": "text",
      "anchor": "fine_tune_rule", 
      "text": "红石通量单元的电力传输功率可以被精确调整。在界面中可以看到中央的电量条两侧各有一个分别用蓝色与橙色箭头表示接收与传出能量的数值，代表着接收与传出能量的功率。可以点击加号和减号来手动微调各数值。左击一次将调整 1000，右击则为 100；按住 Ctrl 时左击 10 右击 1；按住 Shift 时左击 10,000 右击 1,000；同时按住 Shift 与 Ctrl 时左击 100 右击 10。这些规则会在鼠标悬停于加减按钮时简单地以“左击调整数值/右击调整数值”的形式来显示。"
    },
    {
      "type": "text",
      "title": "兼容增强",
      "text": "$(li)$(l:thermal:technology/augments/integral_components)整合组件$(/l)$(li)$(l:thermal:technology/augments/rf_coil)扩展通量线圈$(/l)$(li)$(l:thermal:technology/augments/rf_coil_storage)稳态通量线圈$(/l)$(li)$(l:thermal:technology/augments/rf_coil_xfer)强导通量线圈$(/l)"
    }

  ]
} 