{
  "name": "神秘学装置",
  "icon": "occultism:candle_white",
  "category": "occultism:pentacles",
  "sortnum": 1,
  "pages": [
    {
      "type": "text",
      "text": "除了符文外，多种神秘学装置也被用于提升五芒星实现目标的效果。"
    },
    {
      "type": "spotlight",
      "item": "occultism:candle_white",
      "text": "蜡烛能增加五芒星的稳定性，因此能减慢召出魔灵的灵髓衰退，增加魔灵、物品或附身生物的持续时间。"
    },
    {
      "type": "spotlight",
      "item": "occultism:spirit_attuned_crystal",
      "text": "水晶能增加五芒星的约束力，有助于将魔灵永久束缚于物品或生物中。"
    },
    {
      "type": "spotlight",
      "item": "minecraft:skeleton_skull",
      "text": "头颅会增加五芒星召唤的强制力，使其能召唤出更危险的魔灵。"
    }
  ]
}
