{
  "name": "使魔之戒",
  "icon": "occultism:familiar_ring",
  "category": "occultism:rituals/crafting",
  "sortnum": 13,
  "pages": [
    {
      "type": "spotlight",
      "item": "occultism:familiar_ring",
      "text": "使魔之戒包含戒指和固定在戒指上的一颗灵魂宝石，而戒指里束缚着一只巨灵。这只巨灵使得灵魂宝石里的使魔能为穿戴者带来增益状态。"
    },
    {
      "type": "text",
      "title": "Usage",
      "text": "使魔之戒的用法很简单，只需捕获一只被召唤的（而且已驯服的）使魔，然后将戒指作为饰品穿戴，就能享受使魔带来的增益。当被从戒指中释放后，魔灵会将释放者视作它们的主人。"
    },
    {
      "type": "occultism:ritual",
      "recipe": "occultism:ritual/craft_familiar_ring"
    }
  ]
}
