{
  "name": "狂风人",
  "icon": "thermal:blitz_rod",
  "category": "thermal:mobs",
  "read_by_default": true,
  "pages": [
    {
      "type": "3_item_page",
      "title": "狂风人",
      "item1": "thermal:blitz_rod",
      "item2": "thermal:blitz_powder",
      "item3": "thermal:blitz_spawn_egg",
      "text": "狂风人生成于温暖干燥的生物群系中，拥有 20 点生命值，近战攻击伤害仅 3 点，但会对远距离目标发射飞弹，对目标造成 7 点伤害并施加“震荡”效果。击杀狂风人将有几率掉落狂风沙尘，可通过合成栏或磨粉机处理得到狂风粉。"
    },
    {
      "type": "entity",
      "entity": "thermal:blitz",
      "title": "Blitz",
      "text": "震荡：每级削减 15% 攻击速度。"
    }
  ]
}