{
    "name": "灵魂棱晶",
    "icon": "the_afterlight:slate_moon_shard_ore",
    "category": "the_afterlight:category_3",
    "sortnum": 2,
    "advancement": "the_afterlight:delving_into_the_dark",
    "pages": [
        {
            "type": "patchouli:text",
            "text": "灵魂棱晶是能发出较亮光芒的特殊矿物。可以用这种矿物制作隐光之域探索者的最常用光源——灵魂火把。这类矿石通常出现在月板岩中或土壤表层中。"
        },
        {
            "type": "patchouli:text",
            "text": "灵魂棱晶矿石频繁出现在土壤表层，需要锹才可挖掘。可以通过时运魔咒提高产量。这种矿物也能在地底的月板岩中发现，但更为稀有且需要镐开采。"
        }
    ]
}