{
    "name": "月食碎片",
    "icon": "the_afterlight:eclipse_shard_ore",
    "category": "the_afterlight:category_3",
    "sortnum": 7,
    "advancement": "the_afterlight:delving_into_the_dark",
    "pages": [
        {
            "type": "patchouli:text",
            "text": "月食碎片是一种未经研究的神秘物质。其相关资料稀少，不过有传说称知道这种物质由来的只有月自己。这些碎片藏于地下深处，且较为稀有。"
        },
        {
            "type": "patchouli:text",
            "title": "月食碎片",
            "text": "月食碎片外表为深黑色且反光性能极佳。它们似乎总能倒映出月。它们可用于制作高等级的工具（挖掘等级与钻石相同），也可用于一种古老的技术——雕纹制作。"
        }
    ]
}