{
    "name": "神秘灌注",
    "icon": "the_afterlight:strange_obsidian",
    "category": "the_afterlight:category_1",
    "sortnum": 4,
    "pages": [
        {
            "type": "patchouli:text",
            "text": "仪式祭坛和月之水晶粉就绪后，就可在祭坛上进行仪式了。这些仪式在白天不会起效，所以一定要等到夜晚来临再进行。细节和合成表参见后几页。"
        },
        {
            "type": "patchouli:image",
            "images": ["the_afterlight:textures/strangeobsidianrecipe2.png", "the_afterlight:textures/staffofmoonlightrecipe2.png"],
            "title": "基础合成表",
            "border": true,  
            "text": "更多信息参见后一页。"
        },
        {
            "type": "patchouli:text",
            "title": "进展",
            "text": "前面展示的合成表分别是制作怪异黑曜石和月光之杖的。怪异黑曜石是传送门的框架，而月光之杖则是启动传送门的工具。更多有关合成表参见后几页，传送门相关参见后一节。"
        },
        {
            "type": "patchouli:text",
            "title": "其他合成表",
            "text": "和先前提到的一样，仪式祭坛还可以用于灌注其他材料，比如某些合金或金属。这其中某些物品在进入隐光之域后的雕符制作中有大用处。其他仪式参见后几页。"
        },    
        {
            "type": "patchouli:image",
            "images": ["the_afterlight:textures/crystilliumrecipe2.png"],
            "border": true,
            "title": "默泪", 
            "text": "默泪是一种常见且制作过程简单的材料。"
        }, 
        {
            "type": "patchouli:image",
            "images": ["the_afterlight:textures/moonsteelrecipe2.png"],
            "border": true,
            "title": "月钢",
            "text": "月钢是一种经久耐用的材料，虽然较为稀有和贵重。"
        },
        {
            "type": "patchouli:image",
            "images": ["the_afterlight:textures/livingessenceingotrecipe2.png"],
            "border": true,
            "title": "生命精华锭",    
            "text": "融合了生命与死亡。"
        },    
        {
            "type":"patchouli:image",
            "images": ["the_afterlight:textures/livingstarrecipe2.png"],
            "border": true,
            "title": "生命核心", 
            "text": "由生命能量铸成的神秘核心。"
        }                 
    ]
}