{
    "name": "耀月水晶碎片",
    "icon": "the_afterlight:golden_shards_of_radiance",
    "category": "the_afterlight:category_glyph",
    "sortnum": 1,
    "advancement": "the_afterlight:radiance",
    "pages": [
        {
            "type": "patchouli:text",
            "text": "雕符制作的仪式需要能量，这一能量由渗金耀月水晶碎片提供。耀月水晶在耀月原野比较常见，露出地表的水晶刺或地下的晶洞洞穴都能提供充足的耀月水晶。"
        },
        {
            "type": "patchouli:crafting",
            "title": "渗金耀月水晶碎片合成表",
            "recipe": "the_afterlight:golden_shards_of_radiance_recipe",
            "text": "渗金耀月水晶碎片合成表如上。金粒可由地下晶洞洞穴内生长的渗金草提供。"
        }                     
    ]
}