{
    "name": "消逝的过去",
    "icon": "the_afterlight:lore_scrap_2",
    "category": "the_afterlight:category_5",
    "sortnum": 3,
    "pages": [
        {
            "type": "patchouli:text",
            "text": "有件事引得众人注意，从前的探索者会将隐光之域描述为明亮的、欢乐的地方，甚至有人会认为这里是天堂。但如今来到隐光之域的人们看见的却只是一片黑暗的深渊。压抑和悲伤笼罩了整个空间，这些情绪又仿佛会在每踏下一步时从地里渗漏出来。"
        },
        {
            "type": "patchouli:text",
            "text": "许多如今的探索者从未质疑过从前探索者们的描述，这很有可能是因为隐光之域悲伤的过去所遗留下的众多宝藏。当财富就在眼前时，谁还会提这些无关紧要的问题呢？"
        }   
    ]
}