{
    "name": "故事",
    "icon": "the_afterlight:lore_scrap",
    "category": "the_afterlight:category_ancient",
    "sortnum": 2,
    "advancement": "the_afterlight:radiance",
    "pages": [
        {
            "type": "patchouli:text",
            "text": "现有发现已能证明远古锻造比雕符制作出现得早得多，月民们之前一直在通过远古锻造制作强大的武器和元素护身符。雕符制作的技术被研究出来后，远古锻造的速度因雕符的加入而大大加快。在那之前，远古锻造难度很高，只为少数精于此道的月民掌握。"
        },
        {
            "type": "patchouli:text",
            "title": "这意味着\u22EF\u22EF",
            "text": "现如今，雕符制作和远古锻造两门技术已发展得较为完善，任何有原料的人都能轻松上手。"
        }                     
    ]
}