{
  "name": "蓄水器",
  "icon": "industrialforegoing:water_condensator",
  "category": "resource_production",
  "sortnum": 11,
  "read_by_default": true,
  "pages": [
    {
      "type": "text",
      "text": "一台利用周围水源方块产出$(6)水$()的机器。$(br2)当相邻至少$(6)两格水源方块$()时它才会开始工作。$(br)额外增加水源方块并给每次操作提供$(6)1000$()RF能量，将使机器速度获得显著提升。"
    },
    {
      "type": "crafting",
      "recipe": "industrialforegoing:water_condensator"
    }
  ]
}