{
    "name": "极光粘液靴子",
    "icon": "theaurorian:aurorianslimeboots",
    "category": "3magicalitems",
    "readbydefault": true,
    "pages": [
        {
            "type": "spotlight",
            "item": "theaurorian:aurorianslimeboots",
            "text": "$(#008cff)极光粘液靴子$()能让你在下蹲时跳得更高！它同样也会减少你的摔落伤害。默认情况下高跳之间有 5 秒的冷却。"
        },
        {
            "type": "crafting",
            "recipe": "theaurorian:items/tools/aurorianslimeboots"
        }
    ]
}