{
    "name": "极光剑",
    "icon": "theaurorian:aurorianitesword",
    "category": "3magicalitems",
    "readbydefault": true,
    "pages": [
        {
            "type": "spotlight",
            "item": "theaurorian:aurorianitesword",
            "text": "$(#008cff)极光剑$()在攻击时会让周围的所有人一同失重！默认情况下会有 30 秒的冷却（可在配置文件中调整）。$(br2)如果你的副手上持有盾牌或其它物品，你需要潜行以激活它。"
        }
    ]
}