{
    "name": "幽冥丝绸",
    "icon": "theaurorian:spectralsilk",
    "category": "3magicalitems",
    "readbydefault": true,
    "pages": [
        {
            "type": "spotlight",
            "item": "theaurorian:spectralsilk",
            "text": "极光幽境的一些群系会出现灵体，击杀这些灵体会掉落$(#008cff)幽冥丝绸$()，这是一种材料。可以用这种丝绸制作出整套盔甲。当你进行攻击时，每一个盔甲部件都有一定几率净化掉你身上的负面效果！有时你也可以在暗石地牢里找到些许幽冥丝绸，但这种情况较为罕见。"
        }
    ]
}