{
    "name": "粘性尖钉",
    "icon": "theaurorian:stickyspiker",
    "category": "3magicalitems",
    "readbydefault": true,
    "pages": [
        {
            "type": "spotlight",
            "item": "theaurorian:stickyspiker",
            "text": "$(#008cff)粘性尖钉$()会使碰触者中毒。"
        },
        {
            "type": "crafting",
            "name": "粘性尖钉",
            "recipe": "theaurorian:items/tools/stickyspiker",
            "text": "$(#008cff)粘性尖钉$()既可以在地牢中被发现也可以被合成。"
        }
    ]
}