{
    "processor": "de.ellpeck.naturesaura.compat.patchouli.ProcessorAltar",
    "components": [
        {
            "type": "item",
            "item": "#input",
            "x": 14,
            "y": 26
        },
        {
            "type": "item",
            "item": "#output",
            "x": 82,
            "y": 26,
            "link_recipe": true
        },
        {
            "group": "catalyst",
            "type": "item",
            "item": "#catalyst",
            "x": 36,
            "y": 26
        },
        {
            "type": "item",
            "item": "#type",
            "x": 58,
            "y": 26
        },
        {
            "group": "altar",
            "type": "item",
            "item": "naturesaura:nature_altar",
            "x": 36,
            "y": 26
        },
        {
            "type": "image",
            "image": "naturesaura:textures/gui/patchouli/elements.png",
            "x": 10,
            "y": 13,
            "u": 0,
            "v": 0,
            "width": 91,
            "height": 44
        },
        {
            "type": "header",
            "text": "#name",
            "x": -1,
            "y": 0
        },
        {
            "type": "text",
            "text": "#text",
            "x": 0,
            "y": 63
        }
    ]
}