{
  "name": "泥块",
  "icon": "mysticalworld:wet_mud_block",
  "category": "blocks",
  "pages": [
    {
      "type": "spotlight",
      "item": "mysticalworld:wet_mud_block",
      "link_recipe": true,
      "text": "合成后可以通过熔炉干燥。"
    },
    {
      "type": "crafting",
      "recipe": "mysticalworld:wet_mud_block",
      "recipe2": "mysticalworld:wet_mud_brick",
      "link_recipe": true,
      "title": "湿润的泥块",
      "text": "湿润的泥块可以用来合成湿润的泥砖。"
    },
    {
      "type": "smelting",
      "recipe": "mysticalworld:wet_mud_block",
      "recipe2": "mysticalworld:wet_mud_brick",
      "link_recipe": true,
      "title": "烘干",
      "text": "湿润的泥块和泥砖可以在熔炉里烘干。"
    }
  ]
}
