{
  "name": "珍珠块装饰",
  "icon": "mysticalworld:pearl_stairs",
  "category": "blocks",
  "pages": [
    {
      "type": "crafting",
      "recipe": "mysticalworld:pearl_block",
      "recipe2": "mysticalworld:pearl_from_pearl_block",
      "link_recipe": true,
      "text": "珍珠块需要 9 个珍珠合成，而且可以还原成珍珠。"
    },
    {
      "type": "crafting",
      "recipe": "mysticalworld:pearl_stairs",
      "recipe2": "mysticalworld:pearl_slab",
      "link_recipe": true,
      "title": "楼梯和台阶"
    },
    {
      "type": "crafting",
      "recipe": "mysticalworld:pearl_wall",
      "recipe2": "mysticalworld:pearl_fence",
      "link_recipe": true,
      "title": "墙和栅栏"
    },
    {
      "type": "crafting",
      "recipe": "mysticalworld:pearl_fence_gate",
      "link_recipe": true,
      "title": "栅栏门"
    }
  ]
}
