{
  "processor": "com.codetaylor.mc.pyrotech.modules.plugin.patchouli.processors.AnvilRecipeProcessor",
  "components": [
    {
      "group": "header",
      "type": "header",
      "text": "#output->iname",
      "x": -1,
      "guard": "#header->exists"
    },
    {
      "type": "custom",
      "class": "com.codetaylor.mc.pyrotech.modules.plugin.patchouli.components.PackedImageComponent",
      "image": "pyrotech:crafting/anvil_granite",
      "x": 24, "y": 19,
      "scale": 0.5,
      "guard": "#granite->exists"
    },
    {
      "type": "custom",
      "class": "com.codetaylor.mc.pyrotech.modules.plugin.patchouli.components.PackedImageComponent",
      "image": "pyrotech:crafting/anvil_ironclad",
      "x": 24, "y": 19,
      "scale": 0.5,
      "guard": "#ironclad->exists"
    },
    {
      "type": "item", "item": "#input", "x": 30, "y": 14, "framed": true
    },
    {
      "type": "item", "item": "#output", "x": 74, "y": 14, "framed": true, "link_recipe": true
    },
    {
      "type": "image",
      "image": "pyrotech:textures/gui/book/crafting_texture.png",
      "x": 56, "y": 17,
      "u": 65, "v": 27,
      "width": 9, "height": 9,
      "texture_width": 128, "texture_height": 128
    },
    {
      "type": "tooltip",
      "tooltip": [
        "花岗岩砧"
      ],
      "x": 56, "y": 17,
      "u": 65, "v": 27,
      "width": 9, "height": 9,
      "guard": "#granite->exists"
    },
    {
      "type": "tooltip",
      "tooltip": [
        "复合砧"
      ],
      "x": 56, "y": 17,
      "u": 65, "v": 27,
      "width": 9, "height": 9,
      "guard": "#ironclad->exists"
    },
    {
      "type": "custom",
      "class": "com.codetaylor.mc.pyrotech.modules.plugin.patchouli.components.PackedImageComponent",
      "image": "pyrotech:crafting/icons#pickaxe",
      "x": 18, "y": 16,
      "guard": "#pickaxe->exists"
    },
    {
      "type": "tooltip",
      "tooltip": ["镐"],
      "x": 18, "y": 16,
      "width": 6, "height": 6,
      "guard": "#pickaxe->exists"
    },
    {
      "type": "custom",
      "class": "com.codetaylor.mc.pyrotech.modules.plugin.patchouli.components.PackedImageComponent",
      "image": "pyrotech:crafting/icons#hammer",
      "x": 18, "y": 16,
      "guard": "#hammer->exists"
    },
    {
      "type": "tooltip",
      "tooltip": ["锤"],
      "x": 18, "y": 16,
      "width": 6, "height": 6,
      "guard": "#hammer->exists"
    }
  ]
}
