{
  "processor": "com.codetaylor.mc.pyrotech.modules.plugin.patchouli.processors.BrickCrucibleRecipeProcessor",
  "components": [
    {
      "group": "header",
      "type": "header",
      "text": "#output_fluid_name",
      "x": -1,
      "guard": "#header->exists"
    },
    {
      "type": "custom",
      "class": "com.codetaylor.mc.pyrotech.modules.plugin.patchouli.components.PackedImageComponent",
      "image": "pyrotech:crafting/refractory_crucible",
      "x": 24, "y": 10,
      "scale": 0.5
    },
    {
      "type": "item", "item": "#input", "x": 30, "y": 14, "framed": true
    },
    {
      "type": "image",
      "image": "pyrotech:textures/gui/book/crafting_texture.png",
      "x": 70, "y": 10,
      "u": 11, "v": 71,
      "width": 24, "height": 24,
      "texture_width": 128, "texture_height": 128
    },
    {
      "type": "custom",
      "class": "com.codetaylor.mc.pyrotech.modules.plugin.patchouli.components.FluidComponent",
      "fluid": "#output_fluid",
      "x": 74, "y": 14
    },
    {
      "type": "tooltip",
      "tooltip": [
        "#output_fluid_name#: #output_fluid_amount# mB"
      ],
      "x": 74,
      "y": 14,
      "height": 16,
      "width": 16
    },
    {
      "type": "image",
      "image": "pyrotech:textures/gui/book/crafting_texture.png",
      "x": 56, "y": 17,
      "u": 65, "v": 27,
      "width": 9, "height": 9,
      "texture_width": 128, "texture_height": 128
    },
    {
      "type": "tooltip",
      "tooltip": [
        "耐火坩埚"
      ],
      "x": 56, "y": 17,
      "u": 65, "v": 27,
      "width": 9, "height": 9
    },
    {
      "type": "image",
      "image": "pyrotech:textures/gui/book/crafting_texture.png",
      "x": 31, "y": 35,
      "u": 51, "v": 76,
      "width": 15, "height": 15,
      "texture_width": 128, "texture_height": 128
    },
    {
      "type": "text",
      "text": "$(t:#ticks# Ticks)#ticks_hms#$()",
      "x": 51, "y": 30
    }
  ]
}
