{
  "processor": "com.codetaylor.mc.pyrotech.modules.plugin.patchouli.processors.WorktableRecipeProcessor",
  "components": [
    {
      "group": "header",
      "type": "header",
      "text": "#output->iname",
      "x": -1,
      "guard": "#header->exists"
    },
    {
      "y": 10,
      "x": 8,
      "type": "image",
      "image": "patchouli:textures/gui/crafting.png",
      "width": 100,
      "height": 62,
      "u": 1,
      "v": 1,
      "texture_width": 128,
      "texture_height": 128
    },
    {"type": "item", "item": "#item1", "x": 12, "y": 14},
    {"type": "item", "item": "#item2", "x": 31, "y": 14},
    {"type": "item", "item": "#item3", "x": 50, "y": 14},

    {"type": "item", "item": "#item4", "x": 12, "y": 33},
    {"type": "item", "item": "#item5", "x": 31, "y": 33},
    {"type": "item", "item": "#item6", "x": 50, "y": 33},

    {"type": "item", "item": "#item7", "x": 12, "y": 52},
    {"type": "item", "item": "#item8", "x": 31, "y": 52},
    {"type": "item", "item": "#item9", "x": 50, "y": 52},

    {"type": "item", "item": "#output", "x": 88, "y": 33},
    {
      "type": "item",
      "item": "#tool",
      "guard": "#tool->exists",
      "x": 69,
      "y": 14
    },
    {
      "type": "text",
      "text": "-#tool_damage#",
      "guard": "#tool->exists",
      "x": 80,
      "y": 22
    }
  ]
}
