{
  "name": "附录 B: 鸣谢",
  "icon": "minecraft:paper",
  "category": "appendix",
  "pages": [
    {
      "type": "text",
      "text": "$(p)$(p)$(p)$(p)$(p)$(p)感谢你，Smisle —— 你的陪伴点亮了我的整个生活。"
    },
    {
      "type": "text",
      "text": "非常感谢一路走来在Patreon和PayPal上赞助我的支持者们：$(li)Freebi Peers$(li)Jon$(li)LeonOwO$(li)Nicolhaq$(li)nooby$(li)Silvanus_Hunter$(li)SureenInk$(li)Vagabond$(li)Xorbah$(li)Yun"
    },
    {
      "type": "text",
      "text": "非常感谢参与到 Discord 内测中的每个人：$(li)_MasterEnderman_$(li)Accanthea$(li)ARatfat$(li)Exopandora$(li)Kiako$(li)MineplayerHDYT$(li)Mrthomas20121$(li)Servant$(li)SpeakerHornet$(li)Yuudari"
    },
    {
      "type": "text",
      "text": "向这些绝妙音效的创作者们致谢：$(li)CC0: https://freesound.org/people/kolczok/sounds/198984$(li)CC0: https://freesound.org/people/derjuli/sounds/448133$(li)CC0: https://freesound.org/people/sophiehall3535/sounds/245942$(li)CCA-NC: https://freesound.org/people/GlenCurtisAdams/sounds/326923"
    }
  ]
}
