{
	"name": "元素与合金",
	"icon": "qmd:ingot:0",
	"category": "qmd:basics",
	"sortnum": 2,
	"pages": [
		{
			
			"type": "text",
			"text": "本模组添加了不包含在核电工艺中的许多元素与金属。"
		},
		{
            "header": "钨",
            "type": "items/element",
            "symbol": "W",
            "num": "74",
            "iso": "184",
            "ingot": "qmd:ingot:0",
            "dust": "qmd:dust:0",
            "desc":"钨是金属中熔点最高的重金属。"
        },
        {
            "header": "铌",
            "type": "items/element",
            "symbol": "Nb",
            "num": "41",
            "iso": "93",
            "ingot": "qmd:ingot:1",
            "dust": "qmd:dust:1",
            "desc":"铌是一种可被用于制作超导体的金属。"
        },
        {
            "header": "铬",
            "type": "items/element",
            "symbol": "Cr",
            "num": "23",
            "iso": "52",
            "ingot": "qmd:ingot:2",
            "dust": "qmd:dust:2",
            "desc":"铬被广泛用于与铁制合金以生产不锈钢。"
        },
        {
            "header": "钛",
            "type": "items/element",
            "symbol": "Ti",
            "num": "22",
            "iso": "48",
            "ingot": "qmd:ingot:3",
            "dust": "qmd:dust:3",
            "desc":"钛\u22EF\u22EF"
        },
        {
            "header": "钴",
            "type": "items/element",
            "symbol": "Co",
            "num": "27",
            "iso": "59",
            "ingot": "qmd:ingot:4",
            "dust": "qmd:dust:4",
            "desc":"钴\u22EF\u22EF"
        },
        {
            "header": "镍",
            "type": "items/element",
            "symbol": "Ni",
            "num": "28",
            "iso": "58",
            "ingot": "qmd:ingot:5",
            "dust": "qmd:dust:5",
            "desc":"镍\u22EF\u22EF"
        },
        {
            "header": "Hafnium",
            "type": "items/element",
            "symbol": "Hf",
            "num": "72",
            "iso": "180",
            "ingot": "qmd:ingot:6",
            "dust": "qmd:dust:6",
            "desc":"铪是一种拥有高中子散射截面的金属。"
        },
        {
            "header": "锌",
            "type": "items/element",
            "symbol": "Zn",
            "num": "30",
            "iso": "64",
            "ingot": "qmd:ingot:7",
            "dust": "qmd:dust:7",
            "desc":"锌\u22EF\u22EF"
        },
        {
            "header": "锇",
            "type": "items/element",
            "symbol": "Os",
            "num": "76",
            "iso": "192",
            "ingot": "qmd:ingot:8",
            "dust": "qmd:dust:8",
            "desc":"锇\u22EF\u22EF"
        },
        {
            "header": "铱",
            "type": "items/element",
            "symbol": "Ir",
            "num": "77",
            "iso": "193",
            "ingot": "qmd:ingot:9",
            "dust": "qmd:dust:9",
            "desc":"铱\u22EF\u22EF"
        },
        {
            "header": "铂",
            "type": "items/element",
            "symbol": "Pt",
            "num": "78",
            "iso": "195",
            "ingot": "qmd:ingot:10",
            "dust": "qmd:dust:10",
            "desc":"铂\u22EF\u22EF"
        },
        {
            "header": "钠",
            "type": "items/element",
            "symbol": "Na",
            "num": "11",
            "iso": "23",
            "ingot": "qmd:ingot:11",
            "dust": "qmd:dust:11",
            "desc":"钠\u22EF\u22EF"
        },
        {
            "header": "钾",
            "type": "items/element",
            "symbol": "K",
            "num": "19",
            "iso": "39",
            "ingot": "qmd:ingot:12",
            "dust": "qmd:dust:12",
            "desc":"钾\u22EF\u22EF"
        },
        {
            "header": "钙",
            "type": "items/element",
            "symbol": "Ca",
            "num": "20",
            "iso": "40",
            "ingot": "qmd:ingot:13",
            "dust": "qmd:dust:13",
            "desc":"钙\u22EF\u22EF"
        },
        {
            "header": "锶",
            "type": "items/element",
            "symbol": "Sr",
            "num": "38",
            "iso": "88",
            "ingot": "qmd:ingot:14",
            "dust": "qmd:dust:14",
            "desc":"锶\u22EF\u22EF"
        },
        {
            "header": "钇",
            "type": "items/element",
            "symbol": "Y",
            "num": "39",
            "iso": "89",
            "ingot": "qmd:ingot2:0",
            "dust": "qmd:dust2:0",
            "desc":"钇\u22EF\u22EF"
        },
        {
            "header": "钕",
            "type": "items/element",
            "symbol": "Nd",
            "num": "60",
            "iso": "142",
            "ingot": "qmd:ingot2:1",
            "dust": "qmd:dust2:1",
            "desc":"钕\u22EF\u22EF"
        }
	]
}