{
	"name": "介绍",
	"icon": "qmd:source:2",
	"category": "qmd:basics",
	"sortnum": 0,
	"pages": [
		{
			"type": "text",
			"text": "[QMD]量子块动力学是[NC/NCO]核电工艺的附属模组。本模组添加了粒子加速器和其他一些高科技/科幻内容，其中核心概念由现实中的粒子物理学转化得来。除非游戏体验不允许，本模组尽可能地做到了符合现实。"
		},
		{
			"type": "text",
			"text": "由于包括配方、组件数据和放置条件在内的一些信息可能通过配置文件被修改，本书$(l)不会$()包含它们。对应地，它们会显示在JEI和提示文本中。"
		}
	]
}