{
  "name": "自定义配方",
  "icon": "minecraft:crafting_table",
  "category": "thermal:modpack",
  "read_by_default": true,
  "pages": [
    {
      "type": "link",
      "url": "https://zh.minecraft.wiki/w/%E6%95%B0%E6%8D%AE%E5%8C%85",
      "link_text": "Minecraft Wiki",
      "text": "所以的机器、设备、能源炉等等等等，均使用 JSON 文件来指定配方与催化剂，也就是说你可以使用数据包来创建或修改所有配方。如果你更习惯使用 CraftTweaker，也可以使用热力系列内建的 CrT 支持。下方的链接提供了中文 Minecraft Wiki 中关于数据包的详细信息。"
    },
    {
      "type": "link",
      "url": "https://github.com/KingLemming/1.16/blob/master/ThermalExpansion/src/main/resources/data/thermal/recipes/machine/smelter/smelter_gold_ore.json",
      "link_text": "机器配方示例",
      "text": "下方的链接给出了一个机器配方的例子。第一个输出物永远为主要输出物，其余的则为次要输出物。'count' 为整型数值，不受催化剂影响；'chance' 为浮点数值，默认情况下受催化剂影响（可通过将 'locked' 设置为 true 来禁用影响）。"
    },
    {
      "type": "link",
      "url": "https://github.com/KingLemming/1.16/blob/master/ThermalExpansion/src/main/resources/data/thermal/recipes/machine/pulverizer/pulverizer_catalyst_basalz_powder.json",
      "link_text": "催化剂示例",
      "text": "下方的链接中包含一个为机器添加催化剂的 JSON 示例。机器、物品以及所有四种催化修饰目标均在此定义。在$(l:thermal:world/materials/catalysts)这里$(/l)可以了解更多关于催化剂的有关信息。"
    },
    {
      "type": "link",
      "url": "https://github.com/KingLemming/1.16/blob/main/ThermalCore/src/main/resources/data/thermal/recipes/devices/tree_extractor/tree_extractor_boost_phytogro.json",
      "link_text": "树汁提取器增益物示例",
      "text": "下方的链接是将植育一号指定为树汁提取器增益物的 JSON 示例。非常简单，不做赘述。"
    },
    {
      "type": "link",
      "url": "https://github.com/KingLemming/1.16/blob/master/ThermalExpansion/src/main/resources/data/thermal/recipes/dynamo/compression/compression_refined_fuel.json",
      "link_text": "能源炉配方示例",
      "text": "下方的链接将导向一个将精炼油指定为能源炉燃料的 JSON 示例。请谨记，能量数值至少需为 10,000 RF！"
    }
  ]
}