{
    "name": "通用信息",
    "icon": "qmd:accelerator_casing",
    "category": "qmd:accelerators",
    "sortnum": 0,
    "pages": [
        {
            "type": "text",
            "text": "本模组的核心即加速器相关的多方块结构。加速器相关的结构多种多样：$(l:accelerators/linear_accelerator)线性加速器$(/l)、$(l:accelerators/ring_accelerator)同步加速器$(/l)、$(l:accelerators/Beam_diverter)束流转向器$(/l)以及$(l:accelerators/decelerator)减速器$(/l)。它们的作用各不相同，但具有一定程度上相同的本质特征及构成材料。"
        },
        {
            "type": "text",
            "title": "建造",
            "text": "所有加速器相关的多方块结构都包含加速器外壳和/或加速器透明外壳。它们也都需要能量端口，以及至少两个——一个输入，一个输出——冷却剂出入口。手持核电工艺的多功能工具右击即可设定出入口模式。"
        },
        {
            "type": "text",
            "text": " 每个加速器相关的多方块结构中央都是一根由束流方块构成的长条，粒子由此通过。束流方块周围可以有三种结构组件：射频腔、四极磁铁和双极磁铁。这些结构之外还有冷却器冷却整个加速器。"
        },
        {
            "anchor": "rf_cavity",
            "type": "multiblock",
            "name": "射频腔",
            "multiblock": {
                "mapping": {
                    "C": "qmd:accelerator_cavity",
                    "B": "qmd:accelerator_beam"
                },
                "pattern": [
                    [
                        "   ",
                        "CCC",
                        " 0 "
                    ],
                    [
                        " B ",
                        "CBC",
                        " B "
                    ],
                    [
                        "   ",
                        "CCC",
                        "   "
                    ]
                ]
            },
            "enable_visualize": false,
            "text": "如图所示，射频腔围绕在束流方块旁边，由同种射频腔方块构成。"
        },
        {
            "type": "text",
            "text": " 射频腔提高加速器的加速电压，由此粒子会从末尾输出。射频腔的加速电压由其种类，也即其材料决定。"
        },
        {
            "anchor": "quadrupole",
            "type": "multiblock",
            "name": "四极磁铁",
            "multiblock": {
                "mapping": {
                    "M": "qmd:accelerator_magnet",
                    "B": "qmd:accelerator_beam"
                },
                "pattern": [
                    [
                        "0M "
                    ],
                    [
                        "MBM"
                    ],
                    [
                        " M "
                    ]
                ]
            },
            "enable_visualize": false,
            "text": "如图所示，四极磁铁围绕在束流方块旁边，由同种电磁铁方块构成。"
        },
        {
            "type": "text",
            "text": "四极磁铁提高粒子束流的聚焦。聚焦表示了粒子可行的距离，如果粒子束流在加速器中走了过远的距离则不能被输出，而四极磁铁可被用于补足聚焦。四极磁铁的强度由电磁铁的种类，也即电磁铁的材料决定。"
        },
        {
            "anchor": "dipole",
            "type": "multiblock",
            "name": "双极材料",
            "multiblock": {
                "mapping": {
                    "M": "qmd:accelerator_magnet",
                    "Y": "qmd:accelerator_yoke",
                    "B": "qmd:accelerator_beam",
                    "0": "qmd:accelerator_yoke"
                },
                "pattern": [
                    [
                        "Y0Y",
                        "YMY",
                        "YYY"
                    ],
                    [
                        "YYY",
                        "YBB",
                        "YBY"
                    ],
                    [
                        "YYY",
                        "YMY",
                        "YYY"
                    ]
                ]
            },
            "enable_visualize": false,
            "text": "拐角处的只有两个输出的双极磁铁。"
        },
        {
            "type": "text",
            "text": "在一个束流方块上下各放置一个同种类的电磁铁，再用电磁轭填充周围3x3x3的空间。上一页已经展示了一个拐角处的双极磁铁。$(l:accelerators/Beam_diverter)束流转向器$(/l)中的双极磁铁也可以是水平的，此时束流将会被转至上或下方向。双极磁铁无法被用于$(l:accelerators/linear_accelerator)线性加速器$(/l)。"
        },
        {
            "type": "text",
            "text": "每个双极磁铁的强度都是其本身的电磁铁的强度。拐角处必须放有双极磁铁，因为它能够改变束流方向。"
        },
        {
            "type": "image",
            "images": [
                "qmd:textures/gui/book_images/dipoles.png"
            ],
            "text": "空的$(l:accelerators/ring_accelerator)同步加速器$(/l)中双极磁铁的示例。"
        },
        {
            "type": "text",
            "title": "冷却器",
            "text": "每个射频腔及电磁铁都会在工作时释放热量，因此加速器内应设有一些冷却器。它们只会在位置符合条件时工作，条件可在其提示文本中查看。"
        },
        {
            "type": "image",
            "images": [
                "qmd:textures/gui/book_images/coolers.png"
            ],
            "text": "包含冷却器的$(l:accelerators/linear_accelerator)线性加速器$(/l)的示例。"
        },
        {
            "type": "text",
            "title": "Cooling",
            "text": "因会产出热量，加速器必须及时完成自身的冷却；如果在操作时过热，过热的组件便会发生爆炸。冷却加速器需要冷却剂，每个加速器都需要有一个入口输入冷却剂，和一个出口输出热冷却剂。每种冷却剂都有温度属性，这会决定加速器所能达到的最低温度。例如液氦为4 K，液氮为70 K。"
        },
        {
            "type": "text",
            "text": "可用的冷却剂及其温度属性可在JEI中查看。加速器需要一个模式为输入和一个模式为输出的冷却剂出入口。手持核电工艺的多功能工具右击即可设定出入口模式。将鼠标指针移至加速器GUI中靠右的冷却剂一槽即可查看当前存有的冷却剂量、冷却剂被使用及热冷却剂被排出的最大速率。"
        },
        {
            "type": "text",
            "text": "按住Shift并单击出现的按钮可以清空加速器所存储的冷却剂及热冷却剂。"
        }
       
    ]
}
