{
	"name": "同步加速器",
	"icon": "qmd:ring_accelerator_controller",
	"category": "qmd:accelerators",
	"sortnum": 2,
	"pages": [
		{
			
			"type": "text",
			"text": "同步加速器可将粒子的能量提高至远高于$(l:accelerators/linear_accelerator)线性加速器$(/l)所能及的程度，但不能作为粒子系统的起始，起始必须为包含离子源的线性加速器。$(bold)同步加速器有输入粒子能量的下限，$()默认为5 MeV，但可以在配置文件中调整。"
		},
		{
			"anchor": "construction",
			"title": "建造",
			"type": "text",
			"text": "同步加速器是5格高5格宽的方环，由加速器外壳构成。同步加速器中心同样必须有一根连续的、由束流方块构成的环。束流端口必须与束流方块构成的环位于同一水平面上，并且它与束流方块构成的环之间必须另有一个束流方块作连接。$(bold)每个拐角处和束流方块相交处都必须有一个双极磁铁。$()"
		},
		{
            "type": "image",
            "images": [
                "qmd:textures/gui/book_images/empty_synch.png"
            ],
            "text": "束流方块位置的示例。"
        },
		{
            "type": "image",
            "images": [
                "qmd:textures/gui/book_images/synch_dipoles.png"
            ],
            "text": "相同的同步加速器，现在包含双极磁铁。"
        },
		{
           "title": "粒子能量",
			"type": "text",
			"text": "输出粒子所携能量的计算相较$(l:accelerators/linear_accelerator)线性加速器$(/l)的计算更复杂一点。能量受两个系数限制，两个系数中最小的值为同步加速器输出能量的最大值Emax=min(Eₓ,Eᵣ)。两个系数分别来自双极磁铁场强与同步辐射损失。"
        },
		{
			"anchor": "max_dipole",
			"type": "text",
			"text": "受双极磁铁强度影响的最大能量（单位：MeV）为Eₓ=1000(qB₂R)²/(2m)，其中q为粒子电荷，B₂为双极磁铁强度（也即两个磁铁强度纸和）R为同步加速器半径，m为粒子的质量（m=MeV/c^2）。对于较重的粒子而言（例如质子）这是最主要的问题。"
        },
		{
			"anchor": "max_radation",
			"type": "text",
			"text": "受辐射损失影响的最大能量（单位：MeV）为Eᵣ=1000m(3VR/|q|)⁰˙²⁵，其中V为加速器的电压（单位：kV）。对于较轻的粒子而言（例如电子）这是最主要的问题。"
        },
		{
           "anchor": "synchrotron_Port",
		   "title": "同步端口",
			"type": "text",
			"text": "同步加速器包含一个特殊的端口——加速器同步端口。这个端口释出同步辐射（高能光子）。同步端口的摆放规则与束流端口相同。输出的高能光子的聚焦与数量（单位：pu/t）都与加速器中通过的粒子相同。"
        },
		{
			"type": "text",
			"text": "光子的能量（单位：MeV）为Eᵧ=E³/(2πR(1000m)³)，其中E为同步端口输出粒子所携的能量（单位：MeV）。因此较轻的粒子更为合适。"
        },
		{
            "type": "image",
            "images": [
                "qmd:textures/gui/book_images/synch_port.png"
            ],
            "text": "设置好的同步端口。"
        }
	]
}