{
  "name": "植育土注能机",
  "icon": "thermal:device_soil_infuser",
  "category": "thermal:devices",
  "read_by_default": true,
  "flag": "mod:thermal_cultivation",
  "pages": [
    {
      "type": "text",
      "text": "植育土注能机可将 RF 能量注入作用范围内的$(l:thermal:world/plants/phytogro)通量植育土$(/l)中，借此催熟种植于其上的作物。其基础作用范围为以自身为中心的 3x3x3 空间，加装$(l:thermal:technology/augments/area_radius)径向范围拓展$(/l)后则为 7x3x7。"
    },
    {
      "type": "crafting",
      "recipe": "thermal:device_soil_infuser",
      "title": "植育土注能机"
    },
    {
      "type": "text",
      "title": "兼容增强",
      "text": "$(li)$(l:thermal:technology/augments/integral_components)整合组件$(/l)$(li)$(l:thermal:technology/augments/rf_coil)扩展通量线圈$(/l)$(li)$(l:thermal:technology/augments/rf_coil_storage)稳态通量线圈$(/l)$(li)$(l:thermal:technology/augments/rf_coil_xfer)强导通量线圈$(/l)$(li)$(l:thermal:technology/augments/area_radius)径向范围拓展$(/l)"
    }
  ]
}