{
  "name": "船舶码头",
  "icon": "littlelogistics:tug_dock",
  "category": "littlelogistics:blocks",
  "pages": [
    {
      "type": "patchouli:text",
      "text": "共有两类码头方块：驳船码头和拖船码头。任何码头中必须包含一个拖船码头方块。拖船码头和驳船码头所指方向必须一致，从而建成一座连缀的线形码头。若给予红石信号，可使船舶强制停泊。码头必须紧邻一格宽的水道；过宽的水道可能使船舶无法正常停泊。"
    },
    {
      "type": "patchouli:crafting",
      "title": "拖船码头",
      "recipe": "littlelogistics:tug_dock",
      "text": "拖船码头仅能向拖船中输入物品（橙色/输出模式），在码头上方放置漏斗以输入。潜行时右击以翻转码头方向。驳船码头参见下一页。"
    },
    {
      "type": "patchouli:crafting",
      "title": "驳船码头",
      "recipe": "littlelogistics:barge_dock",
      "text": "驳船码头可对驳船输出（橙色模式）和从驳船提取（蓝色模式），潜行时右击以切换模式。在驳船航道下方放置漏斗以提取驳船内容物。"
    }
  ]
}