{
  "name": "灵魂宝石",
  "icon": "occultism:soul_gem",
  "category": "occultism:rituals/crafting",
  "sortnum": 12,
  "pages": [
    {
      "type": "spotlight",
      "item": "occultism:soul_gem",
      "text": "被置于贵金属中的钻石再被$(thing)巨灵$()灌注，这就是灵魂宝石。其中的魔灵创造了一个小型维度，能用于暂时容纳生物。不过，拥有强大力量或巨大尺寸的生物无法被存储。"
    },
    {
      "type": "occultism:ritual",
      "recipe": "occultism:ritual/craft_soul_gem"
    }
  ]
}
