{
  "name": "等级 3 存储稳定器",
  "icon": "occultism:storage_stabilizer_tier3",
  "category": "occultism:rituals/crafting",
  "sortnum": 25,
  "pages": [
    {
      "type": "spotlight",
      "item": "occultism:storage_stabilizer_tier3",
      "text": "这种高等存储稳定器里栖息着一只$(thing)火灵$()，它支撑住维度矩阵并维持存储维度的稳定性，从而使存储维度能存放更多物品。"
    },
    {
      "type": "occultism:ritual",
      "recipe": "occultism:ritual/craft_stabilizer_tier3"
    }
  ]
}
