{
  "name": "异界眼镜",
  "icon": "occultism:otherworld_goggles",
  "category": "occultism:rituals/crafting",
  "sortnum": 10,
  "pages": [
    {
      "type": "spotlight",
      "item": "occultism:otherworld_goggles",
      "text": "$(item)异界眼镜$()能持续给予穿戴者$(thing)第三只眼$()状态，甚至能使穿戴者看到$(l:getting_started/datura)魔鬼之梦$(/l)所不能及的方块。不过，眼镜不会给予穿戴者挖掘异界物质的能力，这种情况下，取决于物质的种类不同，要么需要使用特殊工具，要么需要魔鬼之梦。"},
    {
      "type": "spotlight",
      "item": "occultism:infused_lenses",
      "text": "异界眼镜利用的是束缚在镜片中的魔精。魔精会向穿戴者分享看见更高位面的能力，因而能让人看见异界物质。制作眼镜所需的召唤仪式较为简单，常常被作为新手入门时的召唤任务。"
    },
    {
      "type": "occultism:ritual",
      "recipe": "occultism:ritual/craft_otherworld_goggles"
    }
  ]
}
