{
  "name": "矿工魔灵",
  "icon": "occultism:miner_foliot_unspecialized",
  "category": "occultism:rituals/crafting",
  "sortnum": 27,
  "pages": [
    {
      "type": "text",
      "text": "矿工魔灵使用$(thing)维度矿井$()来从其他维度获取资源。这种魔灵在召唤后会被束缚进神灯，之后它们只能通过矿井离开。神灯的效力会随着时间衰退，损坏后魔灵会回到$(thing)异世界$()。"
    },
    {
      "type": "text",
      "title": "魔精矿工",
      "text": "魔精矿工毫无目的地收获方块，并会带回找到的任何东西。魔精的挖矿过程相当缓慢，因此能量消耗极低，对神灯的损耗也比较低。"
    },
    {
      "type": "occultism:ritual",
      "recipe": "occultism:ritual/craft_miner_foliot_unspecialized"
    },
    {
      "type": "text",
      "title": "巨灵挖矿者",
      "text": "巨灵挖矿者会专门挖掘矿物。巨灵力量越强，神灯损耗速度越快。"
    },
    {
      "type": "occultism:ritual",
      "recipe": "occultism:ritual/craft_miner_djinni_ores"
    },
    {
      "type": "empty",
      "draw_filler": false
    }
  ]
}
