{
  "name": "维度矿井",
  "icon": "occultism:dimensional_mineshaft",
  "category": "occultism:rituals/crafting",
  "sortnum": 26,
  "pages": [
    {
      "type": "spotlight",
      "item": "occultism:dimensional_mineshaft",
      "text": "维度矿井容纳着一只$(thing)巨灵$()，它维持着一个通往适于挖矿的无人维度的稳定连接。虽然传送门入口对于人类来说过于细小，魔灵却能通过入口进入挖矿维度并带回资源。"
    },
    {
      "type": "occultism:ritual",
      "recipe": "occultism:ritual/craft_dimensional_mineshaft"
    },
    {
      "type": "text",
      "title": "操作",
      "text": "维度矿井会舍弃任何无法存储的物品，所以定期清空矿井很重要。手动清空，或者通过漏斗、搬运工魔灵都可以。顶面可以插入束缚于神灯中的魔灵，其他面则可用于提取物品。"
    },
    {
      "type": "empty",
      "draw_filler": false
    }
  ]
}
