{
  "name": "灌注镐",
  "icon": "occultism:infused_pickaxe",
  "category": "occultism:rituals/crafting",
  "sortnum": 11,
  "pages": [
    {
      "type": "spotlight",
      "item": "occultism:infused_pickaxe",
      "text": "异界矿石通常只能被异界金属工具采掘。$(item)灌注镐$()就是这个鸡生蛋蛋生鸡问题的过渡解决方法。易碎的魔灵同调宝石束缚着一只$(thing)巨灵$()，使得挖掘异界石成为可能，不过镐的耐久非常低。"
    },
    {
      "type": "occultism:ritual",
      "recipe": "occultism:ritual/craft_infused_pickaxe"
    }
  ]
}
