
{
  "processor": "epicsquid.roots.integration.patchouli.BarkRecipeProcessor",
  "components": [
    {
      "type": "item",
      "item": "#input1",
      "framed": false,
      "x": 45,
      "y": 20
    },
    {
      "type": "item",
      "item": "#output1",
      "framed": false,
      "x": 81,
      "y": 20
    },
    {
      "type": "item",
      "item": "#input2",
      "framed": false,
      "x": 45,
      "y": 44
    },
    {
      "type": "item",
      "item": "#output2",
      "framed": false,
      "x": 81,
      "y": 44
    },
    {
      "type": "image",
      "image": "roots:textures/gui/patchouli/elements3.png",
      "x": 14,
      "y": 16,
      "u": 99,
      "v": 0,
      "width": 88,
      "height": 47
    },
    {
      "type": "header",
      "text": "#name",
      "x": -1,
      "y": 0
    },
    {
      "type": "text",
      "text": "#text",
      "x": 0,
      "y": 69
    }
  ]
}