{
  "name": "通量电锯",
  "icon": "thermal:flux_saw",
  "category": "thermal:tools",

  "read_by_default": true,
  "flag": "mod:thermal_innovation",
  "pages": [
    {
      "type": "text",
      "text": "在 RF 能量的引领下轻松采伐木类方块，亦可像使用斧头一样右击原木来剥去树皮。在工匠工作台中可对其进行充能与增强。加装“径向范围拓展”增强后可点按 '$(k:cofh.mode_change_increment)' 键来切换采伐范围。$(l:thermal:world/holding)扩容$(/l)附魔可用以提升其能量存储上限。"
    },
    {
      "type": "crafting",
      "recipe": "thermal:saw_blade",
      "recipe2": "thermal:flux_saw"
    },
    {
      "type": "text",
      "title": "兼容增强",
      "text": "$(li)$(l:thermal:technology/augments/integral_components)整合组件$(/l)$(li)$(l:thermal:technology/augments/rf_coil)扩展通量线圈$(/l)$(li)$(l:thermal:technology/augments/rf_coil_storage)稳态通量线圈$(/l)$(li)$(l:thermal:technology/augments/rf_coil_xfer)强导通量线圈$(/l)$(li)$(l:thermal:technology/augments/area_radius)径向范围拓展$(/l)"
    }
  ]
}