{
  "name": "药水箭袋",
  "icon": "thermal:potion_quiver",
  "category": "thermal:tools",

  "read_by_default": true,
  "flag": "mod:thermal_innovation",
  "pages": [
    {
      "type": "text",
      "text": "可在存储箭矢的同时为其淬上药水。持握箭袋右击即可将物品栏中的箭矢存入其中。点按 '$(k:cofh.mode_change_increment)' 键来开关药水灌注功能，每支箭矢将消耗 50mB 的$(l:thermal:technology/potion_fluid)药水流体$(/l)。在工匠工作台中可对箭袋进行充能与增强。"
    },
    {
      "type": "crafting",
      "recipe": "thermal:potion_quiver",
      "title": "药水箭袋",
      "text": "$(l:thermal:world/holding)扩容$(/l)附魔可用以提升其流体储量。"
    },
    {
      "type": "text",
      "title": "兼容增强",
      "text": "$(li)$(l:thermal:technology/augments/integral_components)整合组件$(/l)$(li)$(l:thermal:technology/augments/fluid_tank)液槽扩容升级$(/l)$(li)$(l:thermal:technology/augments/potion_amplifier)强效炼药升级$(/l)$(li)$(l:thermal:technology/augments/potion_duration)长效炼药升级$(/l)"
    }
  ]
}