{
  "name": "药水注射器",
  "icon": "thermal:potion_infuser",
  "category": "thermal:tools",

  "read_by_default": true,
  "flag": "mod:thermal_innovation",
  "pages": [
    {
      "type": "text",
      "text": "为你自己、别的玩家及其它生物注射药水以施加相应的药水效果。点按 '$(k:cofh.mode_change_increment)' 键以开关自动注射功能，每隔一段时间自动为自身注入一小剂药水。可使用工匠工作台为其填装$(l:thermal:technology/potion_fluid)药水流体$(/l)及加装增强。"
    },
    {
      "type": "crafting",
      "recipe": "thermal:potion_infuser",
      "title": "药水注射器",
      "text": "$(l:thermal:world/holding)扩容$(/l)附魔可用以提升其流体储量。"
    },
    {
      "type": "text",
      "title": "兼容增强",
      "text": "$(li)$(l:thermal:technology/augments/integral_components)整合组件$(/l)$(li)$(l:thermal:technology/augments/fluid_tank)液槽扩容升级$(/l)$(li)$(l:thermal:technology/augments/potion_amplifier)强效炼药升级$(/l)$(li)$(l:thermal:technology/augments/potion_duration)长效炼药升级$(/l)"
    }
  ]
}