{
  "title": "更进一步",
  "text": [
    {
      "text": "在我研究如何制作工具的过程中，我注意到有几位作者分别整理了部分材料的列表，但是还没有人整理一张完整的列表出来。这意味着如果需要比对所有材料性质的话，就得拿着好几本书翻来翻去。本书为了解决这个问题，列出了几本书中已知的材料并且整合到一起。"
    },
    {
      "text": "单靠我自己是不可能完成这样一本大百科的。 这本书也囊括了Thruul M'Gon和Nemea所整理的材料列表。我和两个人 都进行过交流，不过这事还是别跟他们说了 吧。",
      "paragraph": true
    }
  ]
}
