{
	"name": "摄像机和监视器",
	"icon": "warpdrive:monitor",
	"category": "3_advanced_machines",
	"pages": [
		{
			"type": "text",
			"text": "想要检查飞船的外部，但又不想穿太空服？想要从后方观察反应室？使用连接到$(item)监视器$()的$(item)摄像机$()！$(br2)摄像机和监视器需要通过$(l:0_basics/tuning_tools)视频频道$()连接。"
		},
		{
			"type": "crafting",
			"recipe": "warpdrive:camera@0",
			"title": "摄像机",
			"text": "将你的$(item)摄像机$()方块放在你想观察周围的位置。$(br2)使用$(l:0_basics/tuning_tools)调频工具$()或电脑设置其视频频道。$(br2)每个所在区块被载入的$(item)摄像机$()都会在其调好的频道上进行发信。"
		},
		{
			"type": "crafting",
			"recipe": "warpdrive:monitor@0",
			"title": "监视器",
			"text": "随意放置$(item)监视器$()，这个方块可以用于查看你的$(item)摄像机$()。$(br2)使用$(l:0_basics/tuning_tools)调频工具$()或电脑设置其视频频道。$(br2)$(item)监视器$()会从调好的频道上读取内容。"
		},
		{
			"type": "text",
			"title": "Control",
			"text": "空手右击$(item)监视器$()可查看与其链接的$(item)摄像机$()。$(br2)这时你的游戏内 GUI 会变成从摄像机出发的视角。可用的操作有：$(li)移动鼠标改变视角朝向$(li)按下左键循环改变缩放倍率$(li)按下右键退出监视器"
		},
		{
			"type": "text",
			"title": "提示",
			"text": "在加载新区域时，你的$(item)监视器$()可能需要数秒来和$(item)摄像机$()重新同步。在这期间，监视器可能会通知$(item)视频频道$()“无效”。$(br2)多个监视器可以从同一个$(item)视频频道$()读取信号，所以你可以自愿分享，或者非自愿地被监听……"
		},
		{
			"type": "text",
			"text": "调频到同一个$(item)视频频道$()的摄像机会互相干扰：如果你运气好，监视器只会接收到该$(item)视频频道$()上距离最近的$(item)摄像机$()的信号……$(br2)在与$(l:something)激光加农炮$()组合后，摄像机能让你瞄准想射击的目标，然后对它开火！"
		}
	],
	"sortnum": 1
}
