{
    "name": "灵气缓存",
    "icon": "naturesaura:aura_cache",
    "category": "items",
    "advancement": "naturesaura:infused_materials",
    "priority": true,
    "pages": [
        {
            "type": "text",
            "text": "在附近有一个能存储$(#419600)灵气$()的$(l:collecting/altar)自然祭坛$()固然很好，但如果能带着$(#419600)灵气$()到处跑就更方便了。这种情况下，$(item)灵气缓存$()会显得十分有用：它能在内部存储大量的$(#419600)灵气$()，以供人们随时随地使用。$(br)要填充$(item)灵气缓存$()，只需要将其放在$(item)自然祭坛$()上并等待$(#419600)灵气$()被吸入其中。"
        },
        {
            "type": "crafting",
            "text": "制作$(item)灵气缓存$()",
            "recipe": "naturesaura:aura_cache"
        }
    ]
}
