{
    "name": "巴德尔之杖",
    "icon": "naturesaura:light_staff",
    "category": "items",
    "advancement": "naturesaura:sky_ingot",
    "pages": [
        {
            "type": "text",
            "text": "更高世界的神祇们长久以来持有这许多特殊能力，包括向世界照下$(thing)光$()的能力。将神圣的材料以下页描绘的方式组合，就能制造出一把能射出$(thing)光之射线$()的法杖。当射线击中方块后，会使得附近区域被照亮，就好像那里放了$(item)荧石$()一样。"
        },
        {
            "type": "text",
            "text": "此外，当射线击中了任何种类的生物，还会使其$(thing)着火$()。$(p)要射出这种射线，使用者身上必须携带少量的$(#419600)灵气$()。"
        },
        {
            "type": "crafting",
            "text": "制作$(item)巴德尔之杖$()",
            "recipe": "naturesaura:light_staff"
        }
    ]
}
