{
    "name": "不朽友情之证明",
    "icon": "naturesaura:pet_reviver",
    "category": "items",
    "advancement": "naturesaura:sky_ingot",
    "pages": [
        {
            "type": "text",
            "text": "拥有$(thing)宠物$()是一情绪上的重担，因为它们死于怪物或者热熔岩的机率高得惊人。魔法植物学家们在很长时间里也不得不直面这个问题，直到它们发现了$(item)不朽友情之证明$()的力量。在对任何$(thing)已驯服动物$()使用后，该动物便永远不会死亡。"
        },
        {
            "type": "text",
            "text": "与死亡相反，当动物的生命低到达了危险的地步，它就会被$(thing)送回家$()，回到主人通常复活的地方。这个过程会消耗家周围相当大量的$(#419600)灵气$()。$(br)在给予了这个特殊证明后，动物还会经常冒出爱心，来表达它们的快乐。"
        },
        {
            "type": "crafting",
            "text": "制作$(item)不朽友情之证明$()",
            "recipe": "naturesaura:pet_reviver"
        }
    ]
}
