{
  "name": "巴迪钢",
  "icon": "buddycards:buddysteel_ingot",
  "category": "buddycards:buddysteel",
  "sortnum": 0,
  "pages": [
    {
      "type": "text",
      "text": "巴迪钢是一种相当有用的材料，你可以通过将青金石块中的魔法精华、巴迪卡牌的力量注入进铁块中来创造出它，巴迪钢随着卡牌的收集会越变越强。一旦你完成了全部的卡牌收集，它将变得非常有用甚至比下界合金还要强力。"
    },
    {
      "type": "crafting",
      "recipe": "buddycards:buddysteel_blend",
      "text": "为了获得巴迪钢，首先你需要先制作巴迪钢粉。这需要大量青金石和铁以及3个任意巴迪卡牌或『粉碎的巴迪卡牌』制作。"
    },
    {
      "type": "smelting",
      "recipe": "buddycards:buddysteel_ingot",
      "text": "要锻造巴迪钢锭，巴迪钢粉必须经过相当长时间的熔炼。如果你打算大量生产，建议多放几个熔炉。"
    },
    {
      "type": "crafting",
      "recipe": "buddycards:buddysteel_nugget",
      "recipe2": "buddycards:buddysteel_block"
    }
  ]
}