{
    "name": "开锁器",
    "icon": "theaurorian:lockpicks",
    "category": "2modprogression",
    "sortnum": "1",
    "readbydefault": true,
    "pages": [
        {
            "type": "crafting",
            "name": "Lockpicks",
            "recipe": "theaurorian:items/tools/lockpicks",
            "text": "$(#008cff)符石地牢$()将会是你开启的第一个地牢，$(#008cff)开锁器$()是你进入这个地牢的小帮手。"
        },
        {
            "type": "text",
            "text": "$(#008cff)开锁器$()的耐久度并不高，它们的主要用途为开启$(#008cff)符文地牢大门$()，这扇大门深藏于$(#008cff)符文地牢$()的底端。$(br2)在这之后，你会找到$(#008cff)符石钥匙$()，这一钥匙可以代替开锁器。"
        }
    ]
}