{
    "name": "暗石地牢中的生物",
    "icon": "theaurorian:bossspawnerkeeper",
    "category": "2modprogression",
    "sortnum": "5",
    "readbydefault": true,
    "pages": [
        {
            "type": "entity",
            "entity": "theaurorian:spiderling",
            "text": "$(#008cff)幼蛛$()是较小的蜘蛛，它会掉下来并攻击你！"
        },
        {
            "type": "entity",
            "entity": "theaurorian:spider",
            "text": "$(#8800ff)蛛母$()是$(#008cff)暗石地牢$()的 Boss。它会向你吐丝，又或者悬挂在高处并生成幼蛛！"
        }
    ]
}