{
    "name": "月宫中的生物",
    "icon": "theaurorian:bossspawnerkeeper",
    "category": "2modprogression",
    "sortnum": "7",
    "readbydefault": true,
    "pages": [
        {
            "type": "entity",
            "entity": "theaurorian:moonacolyte",
            "text": "$(#008cff)皎月侍从$()会击退你并在攻击到你时让你漂浮起来。"
        },
        {
            "type": "entity",
            "entity": "theaurorian:crystallinesprite",
            "text": "$(#008cff)月凝晶魂$()会在空中向玩家发射火焰。"
        },
        {
            "type": "text",
            "text": "$(#8800ff)皎月女王$()是$(#008cff)月宫$()的 Boss。她会使用自己的护盾将你围起来并充能以将你击飞至空中！"
        },
        {
            "type": "entity",
            "entity": "theaurorian:moonqueen"
        }
    ]
}
