{
	"name": "item.roots.roots_guide.name",
	"advancement_namespaces": [
		"roots"
	],
	"creative_tab": "roots",
	"advancements_tab": "roots",
	"landing_text": "info.roots.roots_guide.landing",
	"book_texture": "roots:textures/gui/book.png",
	"filler_texture": "roots:textures/gui/patchouli/book_filler.png",
	"model": "roots:roots_guide",
	"version": 3,
	"show_progress": false,
	"dont_generate_book": true,
	"custom_book_item": "roots:roots_guide",
	"macros": {
		"$(info)": "$(thing)$(bold)$(t:Important Detail)[!]$()",
		"$(warning)": "$(#f00)$(bold)$(t:Warning)[!]$()",
		"$(standing_stones)": "$(#aa0)$(bold)$(t:Standing Stones Required!)[!]$()"
	}
}
