{
    "name": "装饰物",
    "icon": "minecraft:totem_of_undying",
    "category": "intro",
    "read_by_default": true,
    "flag": "mod:baubles",
    "pages": [
        {
            "type": "text",
            "text": "有时候你可能会发现自己迷失在自己的$(thing)物品栏$()空间里，里面大量堆叠的方块和物品搅乱你的背包并使你找东西很慢。$(br)一些$(thing)自然物体$()可以作为$(item)饰品$()直接被放置在手臂，腰部与胸部。如果一个物品有这个功能，它会在提示里显示能放置的部位。"
        }
    ]
}
