{
	"name": "陶瓷",
	"icon": "warpdrive:component:30",
	"category": "0_basics",
	"pages": [
		{
			"type": "text",
			"text": "$(item)陶瓷$()是一种具有极高耐热性的固体材料。$(br2)这种材料是利用$(l:0_basics/warp_armor)太空服$()或$(l:5_combat/hull)飞船$()在再入大气中生存的重要一环。"
		},
		{
			"type": "crafting",
			"recipe": "warpdrive:component@29x4",
			"title": "未加工陶瓷",
			"text": "由于沙子和粘土在大多数行星上都很容易获得，因此制作未加工陶瓷应该永远不是个问题……"
		},
		{
			"type": "smelting",
			"recipe": "warpdrive:component:29",
			"title": "陶瓷",
			"text": "$(item)陶瓷$()由熔炼$(item)未加工陶瓷$()得到。"
		}
	],
	"sortnum": 3
}
