{
	"name": "区块加载器",
	"icon": "warpdrive:chunk_loader.advanced",
	"category": "0_basics",
	"pages": [
		{
			"type": "text",
			"text": "$(item)区块加载器$()是消耗能量的区块加载器。$(br2)默认情况下无法合成。"
		},
		{
			"type": "text",
			"title": "Upgrades",
			"text": "安装$(item)绿宝石调谐水晶$()会在所有方向上增加工作范围。使用 LUA 函数可调节具体形状。$(br2)安装$(item)超导体$()会急剧减少能量消耗。"
		}
	],
	"sortnum": 16
}
