{
	"name": "灯",
	"icon": "warpdrive:lamp_long",
	"category": "0_basics",
	"pages": [
		{
			"type": "text",
			"text": "$(item)灯$()可用于装饰和照明。$(br2)右击以打开或关闭。"
		},
		{
			"type": "crafting",
			"recipe": "warpdrive:lamp_bubble@0",
			"title": "泡泡灯",
			"text": ""
		},
		{
			"type": "crafting",
			"recipe": "warpdrive:lamp_flat@0",
			"title": "平板灯",
			"text": ""
		},
		{
			"type": "crafting",
			"recipe": "warpdrive:lamp_long@0",
			"title": "长条灯",
			"text": ""
		}
	],
	"sortnum": 15
}
