{
	"name": "激光介质",
	"icon": "warpdrive:laser_medium.basic",
	"category": "0_basics",
	"pages": [
		{
			"type": "text",
			"text": "$(item)激光介质$()是任何激光系统的关键部分，它们能放大穿过它们的光。每个激光介质需要从任意面使用标准能源供能，例如 $(item)FE$()、$(item)RF$() 或者 $(item)EU$()。$(br2)$(item)激光介质$()有 3 个等级，能量储量依次提高。高级激光介质可以在激光系统引出的同一条轴上连续摆放，增加相邻激光系统的强度或距离。"
		},
		{
			"type": "crafting",
			"recipe": "warpdrive:laser_medium.basic@0",
			"title": "基础激光介质",
			"text": "基础激光介质相当廉价，而且足以应付大多数简单的任务。然而不能通过连续摆放来升级激光系统。"
		},
		{
			"type": "crafting",
			"recipe": "warpdrive:laser_medium.advanced@0",
			"title": "高级激光介质",
			"text": "高级激光介质可以通过连续摆放来升级相邻激光系统。效率和最大工作范围取决于后者。"
		},
		{
			"type": "crafting",
			"recipe": "warpdrive:component@22",
			"recipe2": "warpdrive:laser_medium.superior@0",
			"title": "卓越激光介质",
			"text": "主要用于重活。"
		},
		{
			"type": "text",
			"title": "提示",
			"text": "虽然可以将其视为光子转换器，但不应将激光介质视为电池：你只能向其添加 FE/RF/EU 能量，或通过与其连接的激光系统提取激光光子。"
		}
	],
	"sortnum": 7
}
