{
	"name": "激光采矿器",
	"icon": "warpdrive:mining_laser",
	"category": "0_basics",
	"pages": [
		{
			"type": "text",
			"text": "飞船的$(item)激光采矿器$()能完成很多人份的挖矿工作，具体方式是使用高能激光精确切割方块，并将其牵引至飞船内。$(br2)第一个$(item)激光采矿器$()是由我们的一位（懒惰的）地质研究实习生制作的，他认为用镐从小行星上收集样品太繁琐了。"
		},
		{
			"type": "text",
			"text": "从那之后又制作了很多版本的，$(item)激光采矿器$()，一直到我们船上现在安装的这个。尽管其他版本仍在民间存在，但它们被认为相当不稳定的，而且不能装在飞船上，因此我们接下来不再讨论它们\u22EF\u22EF$(br2)激光本身是通过紧贴采矿器的$(l:0_basics/laser_medium)激光介质$()产生的。在挖掘前，采矿器会先进行一层扫描。"
		},
		{
			"type": "text",
			"text": "由于它内部充满了光学系统和算力，因此你需要放置一个外部容器来保存挖掘的物品。紧贴放置的任何箱子和类似的容器都行。$(br2)由于$(item)银河系能源节约法案$()的命令，当容器被充满后，采矿就会停止进行。溢出的物品会掉落在地上，所以要记得在大自然完成它的工作前清理干净。"
		},
		{
			"type": "crafting",
			"recipe": "warpdrive:mining_laser@0",
			"title": "激光采矿器",
			"text": "将$(item)激光采矿器$()放置在你飞船的底部。$(br2)你需要至少一个$(l:0_basics/laser_medium)激光介质$()来输出激光。将介质放在$(item)激光采矿器$()的任何水平侧面，或者放在其上方。"
		},
		{
			"type": "text",
			"text": "每个$(l:0_basics/laser_medium)激光介质$()都需要 $(item)FE$()、$(item)RF$() 或者 $(item)EU$() 形式的供能。为了维持持续种植，你需要定期给介质供能。$(br2)被挖掘的物品能在$(item)激光采矿器$()旁的存储容器中找到。箱子（或类似容器）可以放在$(item)激光采矿器$()的水平侧面或者上方。"
		},
		{
			"type": "text",
			"title": "控制",
			"text": "手持红石火把时右击$(item)激光采矿器$()可启用/关闭机器。$(br2)要进行精细控制，需要紧贴采矿器放置一台高级电脑，电脑可以放在水平侧面或下方。$(br)参考$(l:0_basics/programmable_blocks)可编程方块$()条目进行初始化，然后输入 $(item)mine help$()。$(br)一旦启动，采矿器会自行继续工作，脚本只会显示当前状态。$(br)要停止工作，只需重置电脑并输入 $(item)stop$()。"
		},
		{
			"type": "text",
			"title": "升级",
			"text": "添加更多$(l:0_basics/laser_medium)激光介质$()会增加工作范围。$(br2)多个采矿器可以使用单个电脑控制，只需要通过网络电缆和有线调制解调器（ComputerCraft）或者线缆（OpenComputers）进行连接。采矿器自带的脚本会自带检测所有连接的$(item)激光采矿器$()并对它们进行控制。"
		},
		{
			"type": "text",
			"title": "提示",
			"text": "尽管用$(item)激光采矿器$()挖矿时开头可以有一定的偏移，但你还是需要无遮挡的激光视线，因为激光无法穿过力场或者玻璃$(br2)电脑可以控制是收集所有方块还是只收集矿物。这能够节省一点存储空间，而且工作速度不变。$(br)你可以消耗额外能量启用精准采集，使得矿物产出能够最大化。"
		}
	],
	"sortnum": 10
}
