{
	"name": "橡胶",
	"icon": "warpdrive:component:26",
	"category": "0_basics",
	"pages": [
		{
			"type": "text",
			"text": "橡胶是许多配方中使用的一种柔软、绝缘且天然的材料。$(br2)由于其广泛的应用，这是你进入太空之前要收集的第一种资源。"
		},
		{
			"type": "spotlight",
			"item": "warpdrive:component:25",
			"link_recipe": "true",
			"text": "使用$(l:0_basics/laser_tree_farm)激光树场$()采集$(item)丛林木$()可产出$(item)生橡胶团$()。"
		},
		{
			"type": "smelting",
			"recipe": "warpdrive:component:25",
			"title": "橡胶",
			"text": "$(item)橡胶$()可通过熔炼$(item)生橡胶$()获得。"
		}
	],
	"sortnum": 1
}
