{
	"name": "太空服",
	"icon": "warpdrive:warp_armor.advanced.chestplate",
	"category": "0_basics",
	"pages": [
		{
			"type": "text",
			"text": "$(item)翘曲盔甲$()是能从怪物等手中保护你的保护性服装，只要你还在地球上就没什么新鲜的。$(br2)但是当来到$(l:2_exploration/exploration)太空$()，它们就是你在虚空中生存的必须装备，好吧，只要你想要保持$(l:2_exploration/breathing)呼吸$()的话。"
		},
		{
			"type": "text",
			"text": "有 3 个等级的太空服，每个都有其特点：$(li)$(item)应急$(0)盔甲比较廉价，只够让你呼吸，$(li)$(item)再入$(0)盔甲可以承受大气层燃烧和掉落伤害，当你从宇宙中“掉落”的时候很有用$()$(li)$(item)翘曲$()盔甲添加了一个冰电解器，能进行压缩空气存储。"
		},
		{
			"type": "crafting",
			"recipe": "warpdrive:warp_armor.basic.helmet@0",
			"recipe2": "warpdrive:warp_armor.basic.chestplate@0",
			"title": "应急盔甲",
			"text": ""
		},
		{
			"type": "crafting",
			"recipe": "warpdrive:warp_armor.basic.leggings@0",
			"recipe2": "warpdrive:warp_armor.basic.boots@0",
			"title": " ",
			"text": ""
		},
		{
			"type": "crafting",
			"recipe": "warpdrive:warp_armor.advanced.helmet@0",
			"recipe2": "warpdrive:warp_armor.advanced.chestplate@0",
			"title": "再入盔甲",
			"text": ""
		},
		{
			"type": "crafting",
			"recipe": "warpdrive:warp_armor.advanced.leggings@0",
			"recipe2": "warpdrive:warp_armor.advanced.boots@0",
			"title": " ",
			"text": ""
		},
		{
			"type": "crafting",
			"recipe": "warpdrive:warp_armor.superior.helmet@0",
			"recipe2": "warpdrive:warp_armor.superior.chestplate@0",
			"title": "翘曲盔甲",
			"text": ""
		},
		{
			"type": "crafting",
			"recipe": "warpdrive:warp_armor.superior.leggings@0",
			"recipe2": "warpdrive:warp_armor.superior.boots@0",
			"title": " ",
			"text": ""
		},
		{
			"type": "text",
			"title": "冰电解器",
			"text": "只要你物品栏里有$(item)冰$()和$(item)能量存储物品$()，$(item)翘曲盔甲$()就会自动充满你的空气罐。每次操作需要 2000 $(item)EU$() 或者等量的 $(item)FE$() 和 $(item)RF$() 。"
		}
	],
	"sortnum": 14
}
