{
	"name": "子空间电容",
	"icon": "warpdrive:capacitor.superior",
	"category": "0_basics",
	"pages": [
		{
			"type": "text",
			"text": "甚至在发明太空旅行之前，能量存储就一直是长久以来的难题。尽管许多研究人员对此进行了研究，但很难为最雄心勃勃的公司筹集资金，有时，钱不是正确的答案。"
		},
		{
			"type": "text",
			"text": "真正的解决方案来自 Parsylonia IV 行星的一个小型研究团队，当时他们正在研究基于锂石英的原子钟。$(br2)由于他们的预算很低，因此他们经常使用餐具代替试管。直到他们的团队负责人将他最喜欢的浓薄荷茶倒入装有锂石英粉尘残留的杯子里……"
		},
		{
			"type": "text",
			"text": "几秒后，这个不寻常的混合物中出现了一个$(item)子空间抽取$()现象，并开始所有周围的能源中吸取能量，不管是化学的、电的还是机械的。$(br2)尽管当时研究团队只花了几分钟就搞明白发生了什么，但成功从抽取现象中把能量提取回来，制造第一个$(item)子空间电容$()已经是几个月之后的事了。"
		},
		{
			"type": "text",
			"text": "他们发布这一结果时，许多业余爱好者想要在地下室重现原始的实验，导致薄荷达到了被称为$(item)绿色黄金$()的状态（或者叫$(item)矮妖黄金$()，取决于你问的是谁，因为实在很容易重现）。$(br2)尽管在今天绿色黄金已经不算什么流行事了，$(item)子空间电容$()仍然相当普遍，Parsylonia 星系仍然在生产最高效的那些电容。"
		},
		{
			"type": "text",
			"title": "General principles",
			"text": "$(item)子空间电容$()是你的终极通用能量存储。它们有多种存储容量，还可升级传输速度。$(br2)电容的每一面都可使用$(l:0_basics/tuning_tools)调频工具$()配置为$(#4680E8)$(l)输入$()、$(#E88018)$(l)输出$()或者$(l)禁用$()模式。"
		},
		{
			"type": "image",
			"border": true,
			"images": [ "warpdrive:textures/book/subspace_capacitors.png" ],
			"text": "它们可以接受并提供多种能源，比如 $(item)FE$()、$(item)RF$() 或 $(item)EU$()。"
		},
		{
			"type": "text",
			"text": "由于其内部特性，$(item)EU$() 的传输速度是按照方块定义的，而 $(item)FE$() 和 $(item)RF$() 则是按照面定义的，因此通常后者快得多。$(br2)虽然原始设计这么多年来已经有了极大改进，但是能量与其子空间形态的转换还是会有少量损耗。"
		},
		{
			"type": "crafting",
			"recipe": "warpdrive:capacitor.basic@0",
			"title": "基础子空间电容",
			"text": ""
		},
		{
			"type": "crafting",
			"recipe": "warpdrive:capacitor.advanced@0_direct",
			"recipe2": "warpdrive:capacitor.advanced@0_upgrade",
			"title": "高级子空间电容",
			"text": ""
		},
		{
			"type": "crafting",
			"recipe": "warpdrive:capacitor.superior@0_direct",
			"recipe2": "warpdrive:capacitor.superior@0_upgrade",
			"title": "卓越子空间电容",
			"text": ""
		},
		{
			"type": "crafting",
			"recipe": "warpdrive:component@21_direct",
			"title": "超导体",
			"text": "一个典型的电容会根据能量类型和传输速度损失 5% 到 7% 的能量。$(br)在转换电路添加$(item)超导体$()能将其大幅降低至 2%，极端案例中还能降低到 0%。"
		},
		{
			"type": "text",
			"title": "零点模块",
			"text": "多年过去了，研究人员仍在梦想能够存储接近无限能量的终极子空间电容。他们对其的称呼来自古老的神话，可追溯到伟大的埃及时代：$(item)零点模块$()或者其缩写$(item)ZPM$()。到目前为止，看到过的人寥寥无几，因为只有富有创造力的人才能得到它……目前……"
		}
	],
	"sortnum": 9
}
