{
  "name": "Hekera",
  "icon": "minecraft:oxeye_daisy",
  "category": "thermal:contributors",
  "read_by_default": true,
  "sortnum": 2,
  "pages": [
    {
      "type": "spotlight",
      "title": "Hekera",
      "item": "minecraft:player_head{SkullOwner:'Hekera'}",
      "text": "联合作者，帮助大幅重写了这本指南，为其制作了更精美的图层，并排查了许多错误。喜欢拿 Shiny 开玩笑。"
    },
    {
      "type": "text",
      "text": ""
    },
    {
      "type": "text",
      "text": "5 more minutes, please..."
    }
  ]

}