{
  "name": "无人机平台",
  "category": "delivery:drone_delivery",
  "icon": "delivery:drone_pad",
  "sortnum": 1,
  "pages": [
    {
      "type": "spotlight",
      "item": "delivery:drone_pad",
      "text": "无人机平台为无人机提供了安全降落及补充能量的环境，同时可接受漏斗及管道等外部物流设备。$(br)物品与能量仅可从背面及底面输入。"
    },
    {
      "type": "text",
      "text": "放置无人机平台片刻后，一台无人机将在此处降落。但请注意，为使无人机能够降落，平台与天空间不可存在任何阻隔。"
    },
    {
      "type": "spotlight",
      "item": "delivery:upgrade_tier_6",
      "title": "升级",
      "text": "无人机平台的界面中有一个升级卡插槽，此处的升级卡等级越高，无人机的运行速度也会越快。无人机所运载的物资容器等级若高于无人机平台所安装的升级卡等级，运行速度将被削减，故升级卡等级最好至少与容器等级相同。"
    }
  ]
}