{
  "name": "无人机",
  "category": "delivery:drone_delivery",
  "icon": "delivery:drone_pad",
  "sortnum": 2,
  "pages": [
    {
      "type": "entity",
      "entity": "delivery:drone",
      "offset": -0.5,
      "text": "无人机将在无人机平台被放置后自动降落待命。无人机必须被满充能方可正常起飞。"
    },
    {
      "type": "text",
      "text": "无人机可运载纸板盒与储液桶。无人机平台上停有无人机时，打开平台界面并放入物资即可将其装载入无人机。注意：无人机必须被满充能且载有物资方可起飞。$(br)无人机的往返需要耗费一定时间。"
    },
    {
      "type": "text",
      "text": "无人机非常脆弱，与任何方块、实体或流体发生接触碰撞都将会使其坠毁。$(br)载荷的无人机坠毁后将掉落其装载的物资，所以在无人机起飞时请确保净空。"
    },
    {
      "type": "text",
      "text": "无人机坠毁后片刻，一架新的无人机将出现在无人机平台上，若并未出现，请再次检查平台上方是否有阻隔物。可以通过右击平台看界面是否能够正常打开的方式来确认其是否正常运作。"
    }
  ]
}