{
	"name": "能量",
	"icon": "rs_ctr2:power_cable",
	"category": "rs_ctr2:automation",
	"pages": [
		{
			"type": "patchouli:text",
			"text": "能在世界中进行操作的设备通常需要能量运行。\\p但是红石控制的机器本身不能存储能量。作为代替，在设备需要能量进行操作时，它会尝试从$(l:connecting)相连$(/l)的能量存储设备中抽取能量。如果能量不能立即提供，这个操作就会失败。"
		}, {
			"type": "patchouli:text",
			"text": "同样的规则也适用于发电设备。这意味着，你不能直接将用电器连接到发电机，中间必须有某种存储设备！\\p由于存储设备是被动的从设备，它们之间也不能直接相连。不过，你可以使用\\i变压器\\d来在电池间持续转移能量。"
		}, {
			"type": "patchouli:text",
			"title": "存储",
			"text": "\\i电池单元\\d在同一方块内相邻放置时会组成一个相连的结构，这个结构暴露在外的任何表面都能通过手持\\i能量线缆\\d右击转化成能量端口。类似地，使用数据线缆能创造出一个数据端口，能用于读取存储的能量读数。\\p你也可以使用兼容FE的外部方块进行存储，只需要$(l:io#resource)使用\\i能量端口\\d连接它们$(/l)。"
		}, {
			"type": "patchouli:text",
			"title": "发电机",
			"text": "当前只有用阳光发电的\\i太阳能单元\\d这一种发电机。它们工作时需要能对天空一览无余，其输出取决于太阳的角度。\\n太阳能单元也能组成相连的结构，但只能有一个能量端口。"
		}
	]
}
