{
	"name": "物品与流体传输",
	"icon": "rs_ctr2:item_cable",
	"category": "rs_ctr2:automation",
	"pages": [
		{
			"type": "patchouli:text",
			"text": "除了使用的元件不同外，进行物品和流体传输大体相同。促使物品移动的主要$(l:connecting)主动$(/l)设备是\\i物品转运器\\d和\\i流体泵\\d。\\p接收到一个$(l:signals#clock)时钟脉冲$(/l)后，它们会从输入端提取信号指定数量的物品/流体，将其送到输出端。"
		}, {
			"type": "patchouli:text",
			"text": "整个传输过程发生在1个tick内，物品或流体不会有任何一刻存储于线缆或其他元件中（当然，除了$(l:transport#buffer)缓存$(/l)）。传输完成后，设备会发出信号，指示实际上移动的物品/流体数量。可以请求传输负数个物品/流体，这样做会将输入和输出反转过来。\\p如果没有足够的能量供给，设备不会执行任何操作，而且输出信号为0。"
		}, {
			"type": "patchouli:text",
			"title": "传输端点",
			"text": "传输端点指的是某些元件，它们实际接收或提供了转运器/泵移动的物品/流体。它们包括负责与外部世界交互的$(l:io#resource)外部连接器$(/l)、单纯进行存储的\\i缓存\\d，以及少量有被动物品/流体端口的机器。"
		}, {
			"anchor": "buffer",
			"type": "rs_ctr2:spotlight2",
			"a.item": "rs_ctr2:item_buffer",
			"b.item": "rs_ctr2:fluid_buffer",
			"_.title": "缓存",
			"_.text": "这种元件能在同一个方块内组成相连结构，任何暴露在外的表面都能通过手持\\i流体/物品线缆\\d变成相应端口。\\n与箱子不同，\\i物品缓存\\d有一个“全局”堆叠上限，该上限在存储的所有类型物品间共享，能够让物品堆叠超过普通的上限。"
		}, {
			"type": "rs_ctr2:spotlight2",
			"a.item": "rs_ctr2:item_filter",
			"b.item": "rs_ctr2:fluid_filter",
			"_.title": "过滤器",
			"_.text": "过滤器能放在一个转运器/泵和它们的\\o传输端点\\d间来进行更多传输控制。它们有两种工作方式，取决于物品/流体是插入还是提取：\\p对于插入它们的物品/流体，过滤器会简单地根据匹配规则决定其去向。"
		}, {
			"type": "patchouli:text",
			"text": "对于从过滤器处提取物品/流体，则有一个信号控制着过滤器是黑名单、白名单还是“穿透”模式。\\i物品过滤器\\d还有额外功能，允许选择单个物品作为过滤（详见其提示文本）。\\p你可以在转运器/泵的两边都放置过滤器，甚至能连接多个过滤器组成链路（需要连接上个过滤器的“其他路径”），链路深度和$(t:参见物品/流体分离器工作数据提示)分离器链路限制$(/t)一样。"
		}, {
			"type": "rs_ctr2:spotlight2",
			"a.item": "rs_ctr2:item_counter",
			"b.item": "rs_ctr2:fluid_counter",
			"_.title": "计数器",
			"_.text": "计数器能让你将\\o传输端点\\d处存储的物品/流体数读取为数字信号并用于控制电路。在二者中间放置过滤器会让计数根据过滤器的提取模式进行，能让你统计特定种类物品或流体的数量。"
		}
	]
}
