{
  "name": "神酒",
  "icon": "elementaristics:phial_nectar",
  "category": "alchemy",
  "advancement": "elementaristics:progress_ascension_5",
  "pages": [
    {
      "type": "text",
      "text": "$(item)神酒$()是一种可以取悦（或者刺激）神的东西，是盛宴之王给予我们的第一份礼物。它尝起来像是\u22EF\u22EF不能再甜的蜂蜜？它入口的感觉让人兴奋到战栗，然而你应该庆幸它尝起来不像是足足十盎司的糖那样甜的让人发慌。让品尝者最战栗的部分，无疑是其入口之后那剧烈无比的痛楚。"
    },
    {
      "type": "crafting",
      "recipe": "elementaristics:recipe_phial_nectar",
      "text": "尽管服用神酒可以获得非常多的增益效果，你还是得尽量克制自己不要过度饮用，因为它同时也会给你造成$(o)非常多$()的伤害。"
    }
  ]
}