{
  "name": "基础仪式材料",
  "icon": "elementaristics:water_purest",
  "category": "alchemy",
  "pages": [
    {
      "type": "text",
      "text": "$(marked)基础仪式材料$()被用于制造和仪式中，一共有五种，对应于五种基础元素。$(br)你可以在世界的每个角落找到这些材料，其他的仪式材料也是如此。"
    },
    {
      "type": "purifier_recipe",
      "recipe": "elementaristics:water_purest",
      "text": "$(item)至纯之水$()是非常纯粹的水。喝下它将会洗去你身上的负面药水效果。"
    },
    {
      "type": "reactor_recipe",
      "recipe": "elementaristics:sparks_living",
      "text": "$(item)跃动火花$()释放着火焰的激情。$(br)它们可能不会恒久发光，但它们的热情永不停息。"
    },
    {
      "type": "crafting",
      "recipe": "elementaristics:earth_purest",
      "text": "$(item)精粹土壤$()拿在手上很好辨认，在地上就很难将其辨认出来。皮肤接触它后不会变脏，而且也不会留下气味。"
    },
    {
      "type": "tunneler_recipe",
      "recipe": "elementaristics:motion_captured",
      "text": "$(item)运动剪影$()是被冻结在了空间当中的运动，而不是在时间当中的运动。碰到它就像碰到了一团风，手持它似乎会走得更快。"
    },
    {
      "type": "spotlight",
      "item": "elementaristics:stardust",
      "text": "$(item)星尘$()就是星尘。它是太阳的血液 —— 腐烂后的。$(br)这就是我们。一个名字，一个占据着一部分空间的身体，就我们能看到的而言，外在的表现与其内在总是有着联系。$(br)它几乎就是$(item)荧石粉$()的倒转版本\u22EF\u22EF又来了，神秘学的悖论诡计，不是么。"
    }
  ],
  "advancement": "elementaristics:progress_ascension_2"
}