{
    "name": "矿物质聚合",
    "icon": "minecraft:diamond_ore",
    "category": "effects",
    "advancement": "naturesaura:positive_imbalance",
    "pages": [
        {
            "type": "text",
            "text": "使用$(l:creating/generator_limit_remover)制造催化器$()，$(#419600)灵气$()可以超过$(l:items/eye)环境之眼$()的显示限度。这种等级的$(#419600)灵气$()可以让更高阶的灵气失衡效果$(item)矿物质聚合$()在$(l:effects/effect_powder)慷慨之粉$()的作用下发生。"
        },
        {
            "type": "text",
            "text": "各种稀有度的$(thing)矿物$()会出现在主世界的$(item)石头$()方块或下界的$(item)下界岩$()方块中。可以预料的，聚合矿物时会消耗相当数量的$(#419600)灵气$()。$(p)当然，这种创造能力可以用于某种自动化，或许需要利用$(l:using/field_creator)灵气领域制造器$()这样的方块。"
        },
        {
            "type": "naturesaura:tree_ritual",
            "recipe": "naturesaura:ore_spawn_powder",
            "text": "制作$(l:effects/effect_powder)慷慨之粉$()。"
        }
    ]
}
