{
  "name": "作物",
  "icon": "thermal:barley",
  "read_by_default": true,
  "flag": "mod:thermal_cultivation",
  "category": "thermal:plants",
  "pages": [
    {
      "type": "text",
      "text": "“热力农业”分包新增了多种作物，部分作物的种子需从农民手上购买。空手右击即可收割已经成熟的作物。菌类植物可种植于$(l:thermal:world/plants/phytogro)植育土$(/l)、菌丝或灰化土。虽然它们无法被骨粉或植育一号催熟，但植育土和$(l:thermal:equipment/tools/watering_can)洒水壶$(/l)仍可增益其生长进程。"
    },
    {
      "type": "2-2_item_page",

      "A.title": "大麦",
      "A.item1": "thermal:barley",
      "A.item2": "thermal:barley_seeds",
      "A.text": "一种谷类植物，能碾制成面粉，也能用来酿造麦芽啤酒和威士忌。",

      "B.title": "Corn",
      "B.item1": "thermal:corn",
      "B.item2": "thermal:corn_seeds",
      "B.text": "可作为主食的谷物，用处颇多，弥足珍贵。"
    },
    {
      "type": "2-2_item_page",

      "A.title": "亚麻",
      "A.item1": "thermal:flax",
      "A.item2": "thermal:flax_seeds",
      "A.text": "一种纤维植物，只需简单处理即可制得丝线。",

      "B.title": "洋葱",
      "B.item1": "thermal:onion",
      "B.item2": "thermal:onion_seeds",
      "B.text": "一种鳞茎蔬菜，通常作为菜肴的增味辅料使用。嗅者无不潸然泪下。"
      
    },
    {
      "type": "2-2_item_page",

      "A.title": "小萝卜",
      "A.item1": "thermal:radish",
      "A.item2": "thermal:radish_seeds",
      "A.text": "一种块茎蔬菜，气味直冲脑门，通常直接生食或蒸熟后食用。",

      "B.title": "Rice",
      "B.item1": "thermal:rice",
      "B.item2": "thermal:rice_seeds",
      "B.text": "全世界消耗量最大的主食谷物。收割工作相当费力。"
    },
    {
      "type": "2-2_item_page",

      "A.title": "萨蒂根茎",
      "A.item1": "thermal:sadiroot",
      "A.item2": "thermal:sadiroot_seeds",
      "A.text": "一种散发着独特香气的药用香料，以其净化特性而闻名。",

      "B.title": "菠菜",
      "B.item1": "thermal:spinach",
      "B.item2": "thermal:spinach_seeds",
      "B.text": "一片菠菜叶。大力水手的增肌良方。"
    },
    {
      "type": "2-2_item_page",

      "A.title": "甜椒",
      "A.item1": "thermal:bell_pepper",
      "A.item2": "thermal:bell_pepper_seeds",
      "A.text": "这个品种的椒并没有太强烈的辣味。改刀成片下入菜肴，既增香又增色。",

      "B.title": "茄子",
      "B.item1": "thermal:eggplant",
      "B.item2": "thermal:eggplant_seeds",
      "B.text": "一种口感绵软的紫色$(l)水果$()，常见于各色菜式之中。本身风味不明显，但很能吸收汤汁。"
    },
    {
      "type": "2-2_item_page",

      "A.title": "四季豆",
      "A.item1": "thermal:green_bean",
      "A.item2": "thermal:green_bean_seeds",
      "A.text": "一种豆类植物的幼嫩种荚，单独成菜或烩入其他菜色中皆可。",

      "B.title": "花生",
      "B.item1": "thermal:peanut",
      "B.item2": "thermal:peanut_seeds",
      "B.text": "花生茎的果实。可做炒货，可榨油，也可磨制成花生酱。"
    },
    {
      "type": "2-2_item_page",

      "A.title": "草莓",
      "A.item1": "thermal:strawberry",
      "A.item2": "thermal:strawberry_seeds",
      "A.text": "一种浆果，色红，味甘，是果酱和甜品中的常客。",

      "B.title": "番茄",
      "B.item1": "thermal:tomato",
      "B.item2": "thermal:tomato_seeds",
      "B.text": "一种可口的红色$(l)水果$()，通常改刀成块作为一味食材，也可挤酱或煮汤。"
    },
    {
      "type": "2-2_item_page",

      "A.title": "咖啡",
      "A.item1": "thermal:coffee",
      "A.item2": "thermal:coffee_seeds",
      "A.text": "咖啡果即咖啡树的果实，咖啡果的籽，咖啡豆，经过烘焙、研磨、萃取后所得到的黑色精华，吊着的是每个模组开发者的老命。",

      "B.title": "茶",
      "B.item1": "thermal:tea",
      "B.item2": "thermal:tea_seeds",
      "B.text": "茶树的叶片就叫茶叶。通常会在茶会上被倒进湾里。"
    },
    {
      "type": "2-2_item_page",

      "A.title": "啤酒花",
      "A.item1": "thermal:hops",
      "A.item2": "thermal:hops_seeds",
      "A.text": "开花啤酒花藤的种果，可为啤酒增添风味。",

      "title": "霜冻西瓜",
      "item1": "thermal:frost_melon",
      "item2": "thermal:frost_melon_slice",
      "item3": "thermal:frost_melon_seeds",
      "text": "蓝色品种的西瓜。吃下去之后，摸着火炉都感觉是冰冷的。"
    },
    {
      "type": "2-2_item_page",

      "A.title": "通量菌",
      "A.item1": "minecraft:redstone",
      "A.item2": "thermal:redstone_mushroom_spores",
      "A.text": "一种灰白色的菌菇，成熟时会渗出一种黏稠的，与红石相仿的乳浊液。",

      "B.title": "光帽菇",
      "B.item1": "minecraft:glowstone_dust",
      "B.item2": "thermal:glowstone_mushroom_spores",
      "B.text": "一种发光真菌，成熟时会在菌盖表面结上一层薄薄的，散发微光的金色粉末。"
    },
    {
      "type": "2-2_item_page",

      "A.title": "爆爆菇",
      "A.item1": "minecraft:gunpowder",
      "A.item2": "thermal:gunpowder_mushroom_spores",
      "A.text": "这种喜怒无常的菌菇会随着成熟在菌褶处长出一层易爆物质。",

      "B.title": "史莱蘑",
      "B.item1": "minecraft:slime_ball",
      "B.item2": "thermal:slime_mushroom_spores",
      "B.text": "这种质地软黏的真菌会分泌一种可凝结成球状的黏液来保护自己。"
    }
  ]
}