{
  "name": "茄子",
  "icon": "mysticalworld:aubergine",
  "category": "cuisine",
  "pages": [
    {
      "type": "spotlight",
      "link_recipe": true,
      "item": "mysticalworld:cooked_aubergine",
      "text": "茄子可以从$(l:crops/aubergine)成熟的茄子作物$()处收获，而且有多种用途。"
    },
    {
      "type": "smelting",
      "recipe": "mysticalworld:aubergine",
      "title": "烤茄子",
      "text": "烤熟并去掉种子后，还能对茄子进一步烹饪，让它变得更加好吃！"
    },
    {
      "type": "crafting",
      "recipe": "mysticalworld:stuffed_aubergine",
      "title": "酿茄子",
      "text": "茄子和甜菜、胡萝卜、土豆的结合带来了这一上好的素食佳肴，能让人饱餐一顿！"
    }
  ]
}
