{
  "name": "沙拉",
  "icon": "mysticalworld:aubergine_salad",
  "category": "cuisine",
  "pages": [
    {
      "type": "crafting",
      "recipe": "mysticalworld:aubergine_salad",
      "text": "沙拉能填满你的碗，更能填满你的胃！"
    },
    {
      "type": "crafting",
      "recipe": "mysticalworld:beetroot_salad",
      "recipe2": "mysticalworld:cactus_dandelion_salad"
    },
    {
      "type": "crafting",
      "recipe": "mysticalworld:stewed_eggplant"
    }
  ]
}
