{
  "name": "鹿肉",
  "icon": "mysticalworld:cooked_venison",
  "category": "cuisine",
  "pages": [
    {
      "type": "spotlight",
      "link_recipe": true,
      "item": "mysticalworld:venison",
      "text": "鹿肉能从$(l:creatures/deer)鹿$()处得到，而且能被做成丰盛的一餐。"
    },
    {
      "type": "smelting",
      "recipe": "mysticalworld:venison",
      "title": "熟鹿肉",
      "text": "也可以通过杀死正在燃烧的鹿获得。"
    }
  ]
}
