{
  "name": "一组 65 个物品？！",
  "icon": "thermal:gold_gear",
  "category": "thermal:technology",
  "flag": "mod:thermal_expansion",
  "sortnum": -2,
  "read_by_default": true,
  "pages": [
    {
      "type": "text",
      "text": "部分特定机器，特别是接受催化剂的机器，其配方中会包含某些几率性产出物。举个例子，一个配方中，对于单个输入物会有 2.5 个物品产出：两个固定产出物和一个仅 50% 几率产出的物品，所以可以想见，这件产出物可能会因为被固定产出物占据了槽位而出现输出问题。"
    },
    {
      "type": "text",
      "title": "别把它当成 BUG 了！",
      "text": "相当一部分模组对于这种情况的处理方式是为了保全尚能被输出的物品而直接牺牲（销毁）掉无法容身的物品，而 Thermal Expansion 则直接采取了扩大输出槽物品堆叠数量的方法来为超限的物品提供容身之地。"
    }
  ]
}