{
	"name": "天体图",
	"icon": "minecraft:filled_map",
	"category": "7_about_the_mod",
	"pages": [
		{
			"type": "text",
			"text": "任何模组添加的新维度都可以在$(item)天体图$()里添加成行星。你只需通过编辑 $(item)celestialObjects-*.xml$() 文件，并按照喜好来修改天体图。$(br2)默认文件有大量注释，能够教你如何阅读并修改这个文件。"
		},
		{
			"type": "text",
			"text": "可以创建任意多的 $(item)celestialObjects-*.xml$() 文件。如果一个文件都没有，游戏会创建一个默认文件。$(br2)记得重命名默认文件来防止混淆。$(br2)不同的游戏方式是可能的，可以创造从只有单个行星的简单天体图到有上千个行星的高级天体图。"
		},
		{
			"type": "text",
			"title": "XML 101",
			"text": "开始之前，请考虑学一点 $(item)XML$()，这是一种文本格式，设计用于存储、传输人类和机器都能阅读的数据。$(br)你可以找到许多教程，但我们建议使用 $(l:https://www.w3schools.com/xml)W3C schools$(/l) 的教程。$(br2)XML 文件可以用文本编辑器编辑，但是，使用能对 XML 进行格式检测的编辑器能帮你在开游戏前避免大量常见语法错误带来的痛苦。"
		},
		{
			"type": "text",
			"text": "你可以看看 $(item)XML Notepad$()、$(item)XMLCopy editor$() 或者 $(item)emacs$()，等等。大多数用于开发的编辑器也支持 XML 格式检测，我们推荐 $(item)IntelliJ IDEA$() 的免费社区版。$(br2)经验丰富的开发者也可以通过脚本生成天体图，也可以简单地将 XML 转换为网页，有无穷无尽的程序能使用……"
		},
		{
			"type": "text",
			"title": "只有主世界",
			"text": "如果你大部分时候都在主世界游玩，请考虑将其作为一个和太空维度一样大的巨大行星，没有太阳和月亮。这会带来巨大的世界边界，但没有之前说的行星间移动。$(br2)尽管这感觉会更简单，但记住，没有其他行星供探索，你会遗漏本模组更高级的游戏内容。"
		},
		{
			"type": "text",
			"text": "要实现这点，编辑 $(item)celestialObjects-default.xml$() 文件，移除末地、太阳和下界，将主世界和太空的偏移改成 0;0，然后将太空、超空间和主世界的边界设置成 400000。$(br2)不要前往半径 200k 之外的地方，否则你会遇到游戏本身的 bug。你应该观看 $(l:https://youtu.be/v6-IAntqg5w)AntVenom 的讲解$(/l)来了解更多相关内容。"
		},
		{
			"type": "text",
			"title": "高级天体图",
			"text": "要想得到更加“探索的太空生活”的体验，请考虑选择更小的行星(直径 2000 到 6000 m），同时将太空保持在中等大小（直径 20 km），而这些都位于最大化的超空间中（直径 400 km）。$(br2)这会让存档的硬盘占用维持在合理的水平（50 GB 左右），同时又能最大化星球的数量。"
		},
		{
			"type": "text",
			"text": "实践中，你会想在纸上或电子表格中显示行星位置和大小。这里是一个虚无世界的例子：$(l:https://docs.google.com/spreadsheets/d/11JG4dTQOPe95q5DGIgLOdS9PK6qNxMMJEamXtDwdFfQ)图像模板$()。$(br2)使用图像表示，你能轻松地实现不互相重叠的行星座标。"
		},
		{
			"type": "text",
			"title": "提示",
			"text": "$(item)天体图$()只需要在服务端定义。客户端只需要在启动时知道添加了哪些维度。在需要时，客户端会按需接收天体图的相关部分。$(br2)请考虑使用 $(item)JustEnoughDimensions$() 这样的模组来容易地添加许多新维度。"
		},
		{
			"type": "text",
			"text": "你可以使用 $(item)/wreload$() 在任何时候重载$(item)天体图$()，不过新添加的太空和超空间维度需要重启才能生效。$(br2)如果游戏在启动时崩溃，请检查 debug.log 文件查看细节，因为你天体间很可能有重叠的部分。"
		}
	],
	"sortnum": 1
}
