{
	"name": "命令",
	"icon": "minecraft:command_block",
	"category": "7_about_the_mod",
	"pages": [
		{
			"type": "text",
			"text": "除非额外声明，所有命令都需要由 $(item)OP$() 执行。根据你的游戏风格，可以使用权限插件赋予员工或玩家这些命令的权限。$(br2)大多数命令可从后台终端或命令方块使用。"
		},
		{
			"type": "text",
			"title": "失物招领",
			"text": "$(item)/wfind <部分船名>$() 命令能导出所有名字匹配的飞船的座标。$(br2)这个搜索区分大小写，而且范围能包括所有维度的离线船只和未加载区块。"
		},
		{
			"type": "text",
			"title": "直到无限……",
			"text": "$(item)/space (<玩家选择器>) (<目标维度>)$() 命令能将选中玩家送去目标维度。$(br2)默认情况下（未指定目标），玩家会从行星或超空间被送到太空，或者从太空送到最近的行星。$(br2)目标维度可以是维度 id 或者关键词，比如“overworld”、“nether”、“end”、“theend”、“space”、“hyper”、“hyperspace”或者“space”。"
		},
		{
			"type": "text",
			"text": "$(br2)当进入一个非在轨行星时，玩家会被传送到天体的中央。$(br2)有必要的话还会调整海拔以防止玩家窒息或受到掉落伤害，所以玩家会在建筑物顶层或者屋顶。$(br2)这个命令和命令方块配合可以制作太空电梯。"
		},
		{
			"type": "text",
			"title": "回床上去！",
			"text": "$(item)/wbed (<玩家选择器>)$() 命令会将目标在线玩家传送到他们当前维度床的位置。$(br2)传送其他玩家需要由后台终端、命令方块或者创造模式玩家执行。$(br2)如果找不到玩家，则会把你传送到你的床。"
		},
		{
			"type": "text",
			"title": "重载配置",
			"text": "$(item)/wreload$() 命令会重载模组的配置文件并相应地刷新所有玩家。$(br2)显著的用途是更新字典标签、天体图渲染或者那些不需要重启服务器的事情。$(br2)大多数情况下，重载天体图不会让服务器崩溃，能让你快速测试你的更正。"
		},
		{
			"type": "text",
			"title": "世界生成",
			"text": "$(item)/generate (<x> <y> <z>) <结构组> (<结构名>)$() 命令可以玩家为中心生成一个新结构。$(br2)以 ~ 开始的座标是相对座标，和原版命令一样。$(br2)不提供名字时会随机选择一个结构。$(br2)不支持在后台终端使用。"
		},
		{
			"type": "text",
			"text": "$(br2)使用一个无效的结构组或结构名可以得到你配置支持的值的列表。$(br2)除了飞船之外的结构都只会在太空中生成。$(br2)为了避免窒息，你最好在创造模式使用这个命令。"
		},
		{
			"type": "text",
			"title": "害虫防治",
			"text": "$(item)/wentity <半径> (<过滤器>) (<kill?>)$() 命令会列出给定区域内的实体，然后可选地，杀死他们。$(br2)半径决定了选择的是玩家所在维度已加载区块中的哪些区域。正数指定了一个以玩家为中心的圆的半径。类似“-”、“world”、“global”或者负数这样的无效半径则会选中当前维度所有已加载的区块。"
		},
		{
			"type": "text",
			"text": "$(br2)使用“*”过滤符可以选中所有实体种类，也可以输入字符串进行首部匹配（区分大小写）。$(br)如果选择列出单个实体类型，则会显示这个类型所有个体的座标。$(br2)使用“yes”、“y”或者“1”可确认 kill 命令。"
		},
		{
			"type": "text",
			"title": "导出战利品！",
			"text": "$(item)/wdump (<物品栏类型>) (<玩家选择器>)$() 命令会向选中玩家的指定物品栏写入战利品表的物品。$(br2)物品栏类型有：$(li)container：玩家脚下或旁边的任意物品容器$(li)enderchest：玩家的末影箱$(li)hand：玩家主手$(li)player：玩家物品栏。"
		},
		{
			"type": "text",
			"text": "$(br2)使用这个命令来更新你的战利品配置文件，调查可能的损坏方块或作弊者。"
		},
		{
			"type": "text",
			"title": "隐形",
			"text": "$(item)/invisible <玩家名>$() 命令可开关指定玩家的原版隐形标记。玩家名区分大小写。$(br2)没有插件时，可将这个命令用作廉价简单的“消失”手段。"
		},
		{
			"type": "text",
			"title": "渲染属性",
			"text": "$(item)/wrender$() 命令会导出玩家脚下方块所有渲染相关的属性。$(br2)显然，不支持后台终端。"
		}
	],
	"sortnum": 1
}
