{
	"name": "蓝图",
	"icon": "minecraft:filled_map",
	"category": "7_about_the_mod",
	"pages": [
		{
			"type": "text",
			"text": "本$(item)模组$()使用一种自定义蓝图格式保存飞船。这种自定义格式能支持容器（方块实体）和不在世界中的数据，比如线缆和模拟空气。$(br2)这种格式是独立于整合包的：你可以将蓝图在世界或整合包间转移。游戏版本更新时也一样。"
		},
		{
			"type": "text",
			"text": "恢复蓝图时。本模组也支持 $(item)WorldEdit$() 区域格式（不是世界蓝图，只有一个区域）和$(item)海绵$()格式。不过，由于这些格式的限制，类似箱子和电脑这样的容器会是空的。"
		},
		{
			"type": "text",
			"title": "Data fixer",
			"text": "当恢复蓝图时，无效的或者缺少的方块 id 会被空气代替。要防止这种现象，你可以更新 $(item)DataFixer.yml$() 配置文件来转换这些方块。你甚至可以用另一个模组来代替缺失的模组。这个过程不会转换物品或者内部数据，但仍然会给你飞船的大概形状。"
		}
	],
	"sortnum": 1
}
