{
  "name": "木质燃料发电机",
  "icon": "industrialforegoing:pitiful_generator",
  "category": "industrialforegoing:generators",
  "sortnum": 0,
  "read_by_default": true,
  "pages": [
    {
      "type": "text",
      "text": "一台非常低效的发电机，消耗燃料例如煤。$(br2)它是如此的低效，以至于在机器能量满了以后，燃料的消耗仍不会停下。"
    },
    {
      "type": "crafting",
      "recipe": "industrialforegoing:pitiful_generator"
    }
  ]
}