{
  "name": "附魔提取机",
  "icon": "industrialforegoing:enchantment_extractor",
  "category": "industrialforegoing:misc",
  "sortnum": 4,
  "read_by_default": true,
  "pages": [
    {
      "type": "text",
      "text": "提供一本书，这台机器就能提取物品上的附魔。$(br2)它有两种工作方式，将附魔提取到一本书上，或是将附魔提取出来并转化为$(l:agr_hus/essence)精华液$()。"
    },
    {
      "type": "crafting",
      "recipe": "industrialforegoing:enchantment_extractor"
    }
  ]
}