{
  "name": "巨狼",
  "icon": "mythicmounts:textures/gui/book/dash.png",
  "category": "mythicmounts:creatures",
  "read_by_default": true,
  "pages": [
    {
      "type": "patchouli:text",
      "text": "它们据说是现代狼的祖先，这种传说中的动物像野马一样大，潜伏在森林深处。$(br2)在古代，他们会出现在迷路的旅行者面前，并陪伴他们回到安全的地方。$(br2)尽管据称已经灭绝，但特别偏远地区的牧羊人有时会在牧场附近的森林地区发现巨大的爪印……"
    },
    {
      "type": "patchouli:entity",
      "entity": "mythicmounts:direwolf",
      "title": "巨狼",
      "text": "$(br)一只巨狼。",
      "scale": 0.75,
      "offset": 0.25,
      "rotate": true,
      "border": true
    },
    {
      "type": "mythicmounts:server_page",
      "page_title": "栖息地",
      "entity_id": "mythicmounts:direwolf"
    },
    {
      "type": "mythicmounts:server_page",
      "page_title": "驯服物品",
      "entity_id": "mythicmounts:direwolf"
    },
    {
      "type": "mythicmounts:server_page",
      "page_title": "食物",
      "entity_id": "mythicmounts:direwolf"
    },
    {
      "type": "mythicmounts:server_page",
      "page_title": "繁殖物品",
      "entity_id": "mythicmounts:direwolf"
    },
    {
      "type": "mythicmounts:server_page",
      "page_title": "基本状态",
      "entity_id": "mythicmounts:direwolf"
    }
  ]
}