{
    "name": "植物增生",
    "icon": "minecraft:wheat_seeds",
    "category": "effects",
    "advancement": "naturesaura:positive_imbalance",
    "pages": [
        {
            "type": "text",
            "text": "当某区域内的$(#419600)灵气$()水平高到变得不稳定，$(#419600)灵气$()就会开始转移到附近的草木中，特别是$(item)小麦$()、$(item)马铃薯$()之类的植物。这会使得它们获得$(thing)快速生长$()的效果，同时，作为结果，会略微减少周围的$(#419600)灵气$()。"
        },
        {
            "type": "text",
            "text": "这样的效果将在灵气充满$(l:items/eye)环境之眼$()量表四分之三及以上的时候变得明显。$(br)就目前所知，这个效果只会在$(thing)主世界$()中发生。"
        },
        {
            "type": "naturesaura:tree_ritual",
            "recipe": "naturesaura:plant_powder",
            "text": "可以使用$(l:effects/effect_powder)稳生之粉$()来抑制效果。"
        }
    ]
}
