{
  "name": "辰时 15",
  "icon": "elementaristics:symbol_goat",
  "category": "glory",
  "advancement": "elementaristics:progress_glory",
  "sortnum": 15,
  "pages": [
    {
      "type": "text",
      "text": "$(o)\"你听到她了？森林之中，山羊静立着。山羊了孕育这片森林，就像是神所能给予凡人的爱与奉献那样那样哺育了它，所以她几无所剩。森林之中，你也许能找到热恋中的人的书信，亦或者一顿静候享用的盛宴\u22EF\u22EF或者，你会发现一只死去的羔羊。\"$()"
    },
    {
      "type": "spotlight",
      "title": "Symbol",
      "item": "elementaristics:symbol_goat",
      "text": "这一印记的制作需要将$(l:lessons/lesson_collection)森林源质$()放入$(l:glory/entry_rite_glorious)神耀仪式$()。$(br)激活后，神性将会促进附近的作物生长。",
      "link_recipe": true
    }
  ]
}