{
    "title": "属性",
    "text": [{
            "text": "属性是工具先天自带的能力。在改良做工，调和魔力或注入足够能量后，工具就开始展现它不寻常的一面。"
        },
        {
            "text": "有两种基本属性：材料属性来自于工具中每个部件所选材料，而工具属性源于所制作的工具类型。",
            "paragraph": true
        },
        {
            "text": "这本书，连同Thruul M'Gon所著的《入门熔炼 术》、《大师熔炼术》和Nemea所著的《奇异 熔铸术》都介绍了一系列材料属性。而本书和 《大师熔炼术》都介绍了工具属性。",
            "paragraph": true
        }
    ]
}