{
	"name": "长尾鲨皮",
	"category": "upgrades",
	"icon": "craftandhunt:thrasher_skin",
	"pages": [{
			"type": "spotlight",
			"item": "craftandhunt:thrasher_skin",
			"text": "来自长尾鲨的粗糙皮肤。它可以用来升级鲨鱼装备，使其更加耐用，并提供更多的保护。游泳时，能提供水下呼吸和力量。"
		},
		{
			"type": "smithing",
			"recipe": "craftandhunt:shark_upgraded_to_thrasher_helmet",
			"recipe2": "craftandhunt:shark_upgraded_to_thrasher_chestplate"
		},
		{
			"type": "smithing",
			"recipe": "craftandhunt:shark_upgraded_to_thrasher_leggings",
			"recipe2": "craftandhunt:shark_upgraded_to_thrasher_boots"
		},
		{
			"type": "spotlight",
			"item": "craftandhunt:thrasher_great_skin",
			"text": "来自精英怪物的皮肤非常可怕。它可以用来升级长尾鲨装备以提供更多的防御，并且具有更高的耐久。"
		},
		{
			"type": "smithing",
			"recipe": "craftandhunt:thrasher_upgraded_to_thrasher_great_helmet",
			"recipe2": "craftandhunt:thrasher_upgraded_to_thrasher_great_chestplate"
		},
		{
			"type": "smithing",
			"recipe": "craftandhunt:thrasher_upgraded_to_thrasher_great_leggings",
			"recipe2": "craftandhunt:thrasher_upgraded_to_thrasher_great_boots"
		}
	]
}