{
	"name": "发酵蜘蛛甲壳质",
	"category": "upgrades",
	"icon": "craftandhunt:spider_fermented_chitin",
	"pages": [
		{
			"type": "spotlight",
			"item": "craftandhunt:spider_fermented_chitin",
			"text": "采用与制造发酵蜘蛛眼相同的过程，可以制作发酵蜘蛛甲壳质。然后，人们可以用它来升级蜘蛛装备，使其具有更强的防御力，并使攻击穿戴者的目标虚弱。"
		},
		{
			"type": "crafting",
			"recipe": "craftandhunt:spider_fermented_chitin",
			"text": "发酵蜘蛛甲壳质的制作方法与发酵蜘蛛眼相同。"
		},
		{
			"type": "smithing",
			"recipe": "craftandhunt:spider_upgraded_to_spider_fermented_helmet",
			"recipe2": "craftandhunt:spider_upgraded_to_spider_fermented_chestplate"
		},
		{
			"type": "smithing",
			"recipe": "craftandhunt:spider_upgraded_to_spider_fermented_leggings",
			"recipe2": "craftandhunt:spider_upgraded_to_spider_fermented_boots"
		}
	]
}