{
  "name": "通货能源炉",
  "icon": "thermal:dynamo_numismatic",
  "category": "thermal:dynamos",
  "read_by_default": true,
  "flag": "mod:thermal_expansion",
  "pages": [
    {
      "type": "text",
      "text": "通货能源炉通过消耗$(l:thermal:technology/machines/press)币类物品$(/l)来产能。"
    },
    {
      "type": "crafting",
      "recipe": "thermal:dynamo_numismatic",
      "title": "通货能源炉"
    },
    {
      "type": "text",
      "title": "兼容增强",
      "text": "$(li)$(l:thermal:technology/augments/integral_components)整合组件$(/l)$(li)$(l:thermal:technology/augments/dynamo_output)辅助反应升级$(/l)$(li)$(l:thermal:technology/augments/dynamo_fuel)多环泵注升级$(/l)"
    }
  ]
}