{
    "name": "瞭望台",
    "icon": "endreborn:tool_sword_wolframium",
    "category": "world",
    "priority": true,
    "pages": [
        {
            "type": "text",
            "text": "在地下挖开另一条隧道时，我偶然发现一个几乎完全被破坏的建筑\u22EF\u22EF唔\u22EF\u22EF到底是谁遗留下了这些建筑，相比起来，末地的城堡看起来要会更新一点。不过这也并不重要了，因为这地方看起来实在太危险了。"
        }
    ]
}