{
	"name": "其他“机器”",
	"icon": "nuclearcraft:bin",
	"category": "nuclearcraft:machines",
	"sortnum": 3,
	"pages": [
		{
			"anchor": "intro",
			"type": "text",
			"text": "这些长得像机器的方块有助于建立起一个整洁且高效的核工厂。"
		},
		{
			"anchor": "machine_interface",
			"type": "blocks/1",
			"header": "机器控制界面",
			"block": "nuclearcraft:machine_interface",
			"text": "$(item)机器控制界面$()与机器的某面接触时可拓展这个机器的交互范围。在没有足够空间放下管道和线缆时使用。"
		},
		{
			"anchor": "bin",
			"type": "blocks/1",
			"header": "通用垃圾桶",
			"block": "nuclearcraft:bin",
			"text": "$(item)通用垃圾桶$()乃盒中黑洞，摧毁一切导入之物，包括但不限于：物品、流体、能量\ue908\ue909"
		}
	]
}
