{
  "name": "采石包",
  "icon": "pyrotech:bag_simple",
  "category": "gather",
  "pages": [
    {
      "type": "crafting",
      "recipe": "pyrotech:storage/bag_simple",
      "recipe2": "pyrotech:storage/bag_durable"
    },
    {
      "type": "text",
      "text": "$(item)采石包$()可以存储大量的$(thing)石块$()。$(p)$(item)耐用采石包$()可以存储大量的$(thing)碎石头$()。"
    },
    {
      "type": "image",
      "images": [
        "pyrotech:textures/gui/book/illustration/rock_bag_00.png"
      ]
    },
    {
      "type": "text",
      "title": "世界交互",
      "text": "$(info_cn) 当放置在世界中时，背包可以使用$(use)来打开和关闭。$(p)$(info_cn) 背包打开时，你可以手动取出和存放物品。$(p)$(info_cn) 物品可以在底部被提取（如漏斗）。"
    },
    {
      "type": "text",
      "title": "物品栏交互",
      "text": "$(info_cn) 手持采石包，对着空气$(sneak) + $(use)可以打开或关闭它。$(p)$(info_cn) 如果你的物品栏中有开启的采石包，它会自动收集捡起的物品。$(p)$(info_cn) 自动收集物品前会首先尝试与物品栏中已经存在的相同物品合并。"
    },
    {
      "type": "text",
      "text": "$(info_cn) 采石包中的物品可通过$(sneak) + $(use)直接转移到物品容器中（如箱子）。$(p)$(info_cn) 如果你对着没有物品容器功能的方块使用$(sneak) + $(use)，采石包里的物品会被直接抛出来。"
    },
    {
      "type": "relations",
      "entries": [
        "adapt/twine",
        "gather/storage",
        "innovate/twine_durable",
        "innovate/storage_durable",
        "survive/rocks",
        "gather/stone_cobbled"
      ]
    }
  ]
}
