{
  "name": "破碎的石头",
  "icon": "minecraft:cobblestone",
  "category": "gather",
  "pages": [
    {
      "type": "text",
      "text": "$(item)碎石头$()在挖矿时很常见，但你至少得用铁镐挖掘。$(p)$(info_cn) $(item)碎石头$()偶尔会在使用燧石镐和骨镐时掉落。$(p)$(info_cn) $(item)碎石头$()也可以用$(item)石块$()制作。"
    },
    {
      "type": "image",
      "images": [
        "pyrotech:textures/gui/book/illustration/cobbled_stone_00.png"
      ]
    },
    {
      "type": "crafting",
      "recipe": "pyrotech:cobbled_andesite",
      "recipe2": "pyrotech:cobbled_diorite"
    },
    {
      "type": "crafting",
      "recipe": "pyrotech:cobbled_granite",
      "recipe2": "pyrotech:cobbled_limestone"
    },
    {
      "type": "relations",
      "entries": [
        "survive/rocks"
      ]
    }
  ]
}
