{
  "name": "存储",
  "icon": "pyrotech:crate",
  "category": "gather",
  "pages": [
    {
      "type": "crafting",
      "recipe": "pyrotech:storage/crate",
      "text": "$(item)储物箱$()能够储存一小部分的物品。"
    },
    {
      "type": "crafting",
      "recipe": "pyrotech:storage/shelf",
      "text": "$(item)架子$()可以储存一小部分的物品。$(p)$(info_cn) $(item)架子$()可以放得靠前一点，也可以靠后一点。"
    },
    {
      "type": "crafting",
      "recipe": "pyrotech:storage/stash",
      "text": "$(item)储物盒$()可以储存大量的同种物品。"
    },
    {
      "type": "crafting",
      "recipe": "pyrotech:storage/wood_rack",
      "text": "$(item)储木架$()可以储存一小部分的$(thing)原木$()。$(p)$(info_cn) 同种$(thing)原木$()会放被集中存放在一起。"
    },
    {
      "type": "relations",
      "entries": [
        "survive/chopping_block"
      ]
    }
  ]
}
