{
    "name": "植物学家的盔甲",
    "icon": "naturesaura:infused_iron_chest",
    "category": "items",
    "advancement": "naturesaura:infused_materials",
    "pages": [
        {
            "type": "text",
            "text": "在他们的$(l:items/infused_iron_tools)工具$()之外，植物学家也能从盔甲中得到保护，特别是$(item)植物学家的盔甲$()。除了拥有铁盔甲级别的保护力外，盔甲还能通过持有$(l:items/aura_cache)灵气缓存$()时潜行来恢复耐久，类似对应的工具。除此之外，穿齐整套盔甲还有$(thing)套装奖励$()。"
        },
        {
            "type": "text",
            "text": "当生物攻击穿戴者时，它会短暂得到$(item)凋零$()效果，以类似荆棘附魔的方式伤害它。$(br)除此之外，穿整套时使用$(l:items/shockwave_creator)愤怒护身符$()也会使得被冲击到的生物短暂得到凋零效果。"
        },
        {
            "type": "crafting",
            "recipe": "naturesaura:infused_helmet",
            "recipe2": "naturesaura:infused_chest"
        },
        {
            "type": "crafting",
            "recipe": "naturesaura:infused_pants",
            "recipe2": "naturesaura:infused_shoes"
        }
    ]
}
