{
    "name": "愤怒护身符",
    "icon": "naturesaura:shockwave_creator",
    "category": "items",
    "advancement": "naturesaura:infused_tools",
    "pages": [
        {
            "type": "text",
            "text": "当$(item)愤怒护身符$()被放置在背包的任何位置，穿戴者可以集中自身能量，在$(thing)跳跃$()中按下$(thing)潜行$()键，砸在地上并产生$(item)冲击波$()，冲击波可以伤害附近的所有生物。$(br)这当然会消耗一些储存在$(l:items/aura_cache)灵气缓存$()中的$(#419600)灵气$()。"
        },
        {
            "type": "crafting",
            "text": "合成$(item)愤怒护身符$()",
            "recipe": "naturesaura:shockwave_creator"
        }
    ]
}
