{
    "name": "工匠锤",
    "icon": "tinkersforging:hammer/iron",
    "category": "items",
    "pages": [
        {
            "type": "text",
            "text": "工匠锤是一种能够锻造物品的多功能工具。能够通过大部分材料合成得到，囊括了木头，石头，铁，钻石以及很多其他材料。谨记高于石头等级的锤子需要工匠砧锻造出工具头。此工具还可作为弱化版本的镐子。"
        },
        {
            "type": "crafting",
            "recipe": "tinkersforging:wood_hammer",
            "recipe2": "tinkersforging:stone_hammer"
        },
        {
            "type": "crafting",
            "recipe": "tinkersforging:hammer_iron",
            "recipe2": "tinkersforging:hammer_gold"
        },
        {
            "type": "crafting",
            "recipe": "tinkersforging:hammer_diamond",
            "text": "这个锤头需要五个金属锭在工匠砧中锻造得到。"
        }
    ]
}
