{
  "name": "插件",
  "icon": "industrialforegoing:range_addon11",
  "category": "industrialforegoing:basics",
  "sortnum": 5,
  "read_by_default": true,
  "pages": [
    {
      "type": "spotlight",
      "item": "industrialforegoing:range_addon11",
      "title": "范围升级",
      "text": "扩大机器的工作范围，但并不是所有的机器都能使用范围升级插件。每个等级增加一格范围。"
    },
    {
      "type": "spotlight",
      "item": "industrialforegoing:speed_addon_2",
      "title": "速度升级",
      "text": "提升进度条每 tick 前进的进度。$(br2)Tier 1 -> +1$(br)Tier 2 -> +2"
    },
    {
      "type": "spotlight",
      "item": "industrialforegoing:efficiency_addon_2",
      "title": "效率升级",
      "text": "减少完成操作所需的 tick 数。 $(br2)Tier 1 -> -10%$(br)Tier 2 -> -20%"
    },
    {
      "type": "spotlight",
      "item": "industrialforegoing:processing_addon_2",
      "title": "处理升级",
      "text": "当机器完成一次处理时，增加操作完成的数量。$(br2)Tier 1 -> +1 操作 $(br)Tier 2 -> +2 操作"
    }
  ]
}