{
  "modifier_id": "tconstruct:projectile_protection",
  "text": [
    {
      "text": "提供+8%的弹射物伤害抗性，比如箭矢伤害和骷髅的攻击。所有盔甲的总上限为80%，也就是 10级强化。"
    },
    {
      "text": "减少被所有生物的可见程度，每级减少5%，等级数量由强化等级最高的盔甲决定。", "paragraph": true
    }
  ],
  "more_text_space": true,
  "effects": [
    "可以逐级强化",
    "需要1个防御槽"
  ]
}
