{
  "name": "Radiance",
  "icon": "roots:spell_icon{spell_storage:{s:\"roots:spell_radiance\"}}",
  "category": "spells",
  "read_by_default": true,
  "flag": "roots:spell_radiance",
  "pages": [
    {
      "type": "text",
      "text": "A powerful beam of radiant light shoots forth from your location in the direction you're looking, damaging entities that it hits and bouncing off any block that it comes into contact with.$(br2)Modifiers can prevent passive creatures from being damaged, cause any items dropped by slain enemies to be teleported to you, and more!"
    },
    {
      "type": "spell_template",
      "spell": "spell_radiance"
    },
    {
      "type": "spell_modifier_template",
      "spell": "spell_radiance",
      "modifier": "roots:peaceful_radiance",
      "anchor": "peaceful_radiance"
    },
    {
      "type": "spell_modifier_template",
      "spell": "spell_radiance",
      "modifier": "roots:magnetic_radiance",
      "anchor": "magnetic_radiance"
    },
    {
      "type": "spell_modifier_template",
      "spell": "spell_radiance",
      "modifier": "roots:withering_ray",
      "anchor": "withering_ray"
    },
    {
      "type": "spell_modifier_template",
      "spell": "spell_radiance",
      "modifier": "roots:glowing_ray",
      "anchor": "glowing_ray"
    },
    {
      "type": "spell_modifier_template",
      "spell": "spell_radiance",
      "modifier": "roots:healing_ray",
      "anchor": "healing_ray"
    },
    {
      "type": "spell_modifier_template",
      "spell": "spell_radiance",
      "modifier": "roots:sickly_ray",
      "anchor": "sickly_ray"
    },
    {
      "type": "spell_modifier_template",
      "spell": "spell_radiance",
      "modifier": "roots:burning_ray",
      "anchor": "burning_ray"
    },
    {
      "type": "spell_modifier_template",
      "spell": "spell_radiance",
      "modifier": "roots:wider_ray",
      "anchor": "wider_ray"
    },
    {
      "type": "spell_modifier_template",
      "spell": "spell_radiance",
      "modifier": "roots:slowing_ray",
      "anchor": "slowing_ray"
    },
    {
      "type": "text",
      "title": "Spell Configuration",
      "text": "$(bold)Cooldown:$() The spell has a cooldown of $(spell:radiance/SECONDS/cooldown) seconds.$(br2)$(bold)Size:$() The maximum reach of the Radiance beam is $(spell:radiance/distance) blocks, including bounces, while the default width is $(spell:radiance/width). With the $(modifier:wider_ray)$() modifier, this width is increased by a further $(spell:radiance/added_width).$(br2)$(bold)Damage:$() Each entity hit by the beam takes $(spell:radiance/HEART/damage) hearts of radiant damage. Undead take a further $(spell:radiance/HEART/undead_damage) hearts of damage."
    },
    {
      "type": "text",
      "text": "$(bold)Wither:$() With the $(modifier:withering_ray)$() modifier enabled, entities are given Wither I for $(spell:radiance/SECONDS/wither_duration) seconds.$(br2)$(bold)Glowing:$() With the $(modifier:glowing_ray)$() modifier enabled, entities are given Glowing I for $(spell:radiance/SECONDS/glow_duration).$(br2)$(bold)Healing:$() With the $(modifier:healing_ray)$() modifier enabled, instead of damaging entities, passive creatures and allies are healed for $(spell:radiance/HEART/healing) hearts.$(br2)$(bold)Poison:$() With the $(modifier:sickly_ray)$() modifier enabled, entities"
    },
    {
      "type": "text",
      "text": "damaged by the beam are given Poison $(spell:radiance/ROMAN/poison_amplifier) for $(spell:radiance/SECONDS/poison_duration).$(br2)$(bold)Fire:$() With the $(modifier:burning_ray)$() modifier enabled, entities are set on fire for $(spell:radiance/fire_duration) seconds.$(br2)$(bold)Slowness:$() With the $(modifier:slowing_ray)$() modifier enabled, affected entities are given Slowness $(spell:radiance/ROMAN/slow_amplifier) for $(spell:radiance/SECONDS/slow_duration) seconds."
    },
    {
      "type": "relations",
      "anchor": "related",
      "entries": [
        "spells/modifiers",
        "herbs/cloud_berry",
        "herbs/pereskia"
      ]
    }
  ]
}