{
  "name": "Chrysopoeia",
  "icon": "roots:spell_icon{spell_storage:{s:\"roots:spell_chrysopoeia\"}}",
  "category": "spells",
  "read_by_default": true,
  "flag": "roots:spell_chrysopoeia",
  "pages": [
    {
      "type": "text",
      "text": "This spell transmutes items into other items, although the exchange is often unequal.$(br2)Your held off-hand item is transformed according to a list of recipes when you cast the spell. All of the recipes can be viewed in $(uses:roots:chrysopoeia)JEI$().$(br2)$(warning) This spell has no modifiers."
    },
    {
      "type": "spell_template",
      "spell": "spell_chrysopoeia"
    },
    {
      "type": "text",
      "title": "Spell Configuration",
      "text": "$(bold)Cooldown:$() The spell has a cooldown of $(spell:chrysopoeia/SECONDS/cooldown) seconds."
    },
    {
      "type": "relations",
      "anchor": "related",
      "entries": [
        "spells/modifiers",
        "herbs/infernal_bulb",
        "herbs/spirit_herb",
        "herbs/dewgonia"
      ]
    }
  ]
}