{
  "name": "物流框架",
  "icon": "pneumaticcraft:logistic_frame_passive_provider",
  "category": "logistics",
  "advancement": "pneumaticcraft:plastic",
  "pages": [
    {
      "type": "text",
      "text": "$(thing)物流框架/$是可以被附着于容器或储罐上以标记为$(thing)物流系统/$之一部分的部件。$(p)放置下的物流框架可以通过使用$(l:tools/logistics_configurator)物流配置器/$$(thing)右击/$配置，使用其$(thing)潜行右击/$移除。物品形式的物流框架可以通过手持该物品右击进行配置。"
    },
    {
      "type": "text",
      "text": "下列属性可以被配置：$(li)所有物流框架支持$(thing)过滤/$指定物品/流体以供应或接受。$(li)$(thing)过滤/$标签页处可以配置物品过滤要求$(thing)元数据/$或 $(thing)NBT/$ 匹配，以及该过滤为白名单（默认）或黑名单。$(li)$(thing)朝向/$标签页处可以配置$(ttcolor)$(t:物流管道模块忽略该选项，并永远从其所指向的一面访问)物流无人机/$应该从哪一面访问被加框架的容器。"
    },
    {
      "type": "text",
      "text": "$(li)对于$(l:logistics/frames#requester)物流请求框架/$，$(thing)最小请求大小/$标签页处可以配置每次交互可以被移动的最少物品或流体；可以用于防止物流无人机一直执行少量物品或流体的运输。$(li)最后，所有物流框架可以被配置为$(thing)不显示/$，除非玩家手持物流物品（物流框架或物流配置器）。"
    },
    {
      "type": "crafting",
      "anchor": "active_provider",
      "title": "物流主动供应框架",
      "recipe": "pneumaticcraft:logistic_frame_active_provider",
      "text": "$(item)物流主动供应框架/$向$(l:logistics/frames#requester)物流请求框架/$、$(l:logistics/frames#storage)物流存储框架/$和$(l:logistics/frames#default_storage)物流默认存储框架/$提供物品/流体。"
    },
    {
      "type": "crafting",
      "anchor": "passive_provider",
      "title": "物流被动供应框架",
      "recipe": "pneumaticcraft:logistic_frame_passive_provider",
      "text": "$(item)物流被动供应框架/$仅向$(l:logistics/frames#requester)物流请求框架/$提供物品/流体。"
    },
    {
      "type": "crafting",
      "anchor": "storage",
      "title": "物流存储框架",
      "recipe": "pneumaticcraft:logistic_frame_storage",
      "text": "$(item)物流存储框架/$可以从$(l:logistics/frames#active_provider)物流主动供应框架/$接受物品/流体，向$(l:logistics/frames#requester)物流请求框架/$提供物品。"
    },
    {
      "type": "crafting",
      "anchor": "default_storage",
      "title": "物流默认存储框架",
      "recipe": "pneumaticcraft:logistic_frame_default_storage",
      "text": "$(item)物流默认存储框架/$可以从$(l:logistics/frames#active_provider)物流主动供应框架/$接受物品/流体，向$(l:logistics/frames#requester)物流请求框架/$和$(l:logistics/frames#storage)物流存储框架/$提供物品/流体。该框架的优先级比物流存储框架更低，所以物品/流体会优先尝试进入物流存储框架。"
    },
    {
      "type": "crafting",
      "anchor": "requester",
      "title": "物流请求框架",
      "recipe": "pneumaticcraft:logistic_frame_requester",
      "text": "$(item)物流请求框架/$可以从其他加框架的容器请求物品。对于该框架，使用配置界面指定框架试图在容器中$(thing)维持/$的各个物品/流体的量。"
    }
  ]
}