{
  "name": "物流无人机",
  "icon": "pneumaticcraft:logistic_drone",
  "category": "logistics",
  "advancement": "pneumaticcraft:plastic",
  "pages": [
    {
      "type": "text",
      "text": "$(item)物流无人机/$是一类特殊的$(l:tools/drones)无人机/$。可以说是低阶的$(thing)无人机/$，介于其无法被编程，$(italic)只能/$执行物流任务。$(p)与其余无人机类似，物流无人机需要$(l:base_concepts/pressure)空气/$才可运行，且在压力不足时将自动找寻$(l:machines/charging_station)充气站/$。"
    },
    {
      "type": "entity",
      "entity": "pneumaticcraft:logistic_drone",
      "offset": -0.3
    },
    {
      "type": "text",
      "text": "放置后，$(item)物流无人机/$将会装有$(l:logistics/frames)物流框架/$的容器或储罐执行物流操作，范围大小为 33*33*33（立方体），以最初所放置处为中心。$(p)由于这类无人机需要频繁移动物品，建议安装$(l:base_concepts/upgrades#speed)速度/$和$(l:base_concepts/upgrades#dispenser)发射器/$升级，以提升移动速度和承载容量。"
    },
    {
      "type": "crafting",
      "recipe": "pneumaticcraft:logistic_drone",
      "text": "物流无人机的合成表"
    }
  ]
}