{
  "name": "物流总览",
  "icon": "pneumaticcraft:logistics_configurator",
  "category": "logistics",
  "advancement": "pneumaticcraft:plastic",
  "priority": "true",
  "pages": [
    {
      "type": "text",
      "text": "$(pncr)的$(thing)物流系统/$提供了一套有意思的传输物品和流体，并保持容器和储罐的供应的方法。$(p)容器和储罐可以被$(l:logistics/frames)物流框架/$所标记，用于控制物品和流体如何被传入传出该方块。"
    },
    {
      "type": "text",
      "text": "这些容器下一步由$(l:logistics/logistic_drones)物流无人机/$或安装了$(l:tubes/logistics_module)物流模块/$的$(l:tubes/pressure_tubes)压力管道/$所联系起来。$(p)$(thing)物流系统/$很大程度上是由$(l:https://wiki.factorio.com/Logistic_network)异星工厂/$所启发的，而如果你玩过该游戏，这里的概念对于你将会很熟悉。主要的区别是该模组提供$(l:logistics/frames)物流框架/$以标记已有的容器/储罐，而非添加独立的物流箱子。"
    }
  ]
}