{
  "name": "催化剂",
  "icon": "thermal:rich_slag",
  "read_by_default": true,
  "flag": "mod:thermal_expansion",
  "category": "thermal:materials",
  "pages": [
    {
      "type": "text",
      "text": "催化剂并非必需材料，但可在特定配方中对主副产物起到不同程度的增产作用并影响配方能耗。右侧的页面展示了可用于不同机器的多种催化剂及各自的详细参数。催化剂不同于常规的输入物，一般仅有一定几率会被消耗，这种消耗几率同样会展示在右侧的参数中。"
    },
    {
      "type": "catalyst_page"
    }
  ]
}