{
  "processor": "com.codetaylor.mc.pyrotech.modules.plugin.patchouli.processors.PitBurnRecipeProcessor",
  "components": [
    {
      "group": "header",
      "type": "header",
      "text": "#output->iname",
      "x": -1,
      "guard": "#header->exists"
    },
    {
      "type": "custom",
      "class": "com.codetaylor.mc.pyrotech.modules.plugin.patchouli.components.PackedImageComponent",
      "image": "pyrotech:crafting/refractory_burn",
      "x": 10, "y": 19,
      "scale": 0.5,
      "guard": "#refractory_only"
    },
    {
      "type": "custom",
      "class": "com.codetaylor.mc.pyrotech.modules.plugin.patchouli.components.PackedImageComponent",
      "image": "pyrotech:crafting/pit_burn",
      "x": 10, "y": 19,
      "scale": 0.5,
      "guard": "#refractory_only->inv"
    },
    {
      "type": "item", "item": "#input", "x": 16, "y": 14, "framed": true
    },
    {
      "type": "item", "item": "#output", "x": 60, "y": 14, "framed": true, "link_recipe": true
    },
    {
      "type": "item", "item": "#failure_items", "x": 84, "y": 14, "framed": true, "link_recipe": true
    },
    {
      "type": "custom",
      "class": "com.codetaylor.mc.pyrotech.modules.plugin.patchouli.components.FluidComponent",
      "fluid": "#fluid",
      "x": 60, "y": 34,
      "height": 8,
      "guard": "#fluid->exists"
    },
    {
      "type": "tooltip",
      "tooltip": [
        "#fluid_name#: #fluid_amount# mB"
      ],
      "x": 60,
      "y": 34,
      "height": 8,
      "width": 16,
      "guard": "#fluid->exists"
    },
    {
      "type": "image",
      "image": "pyrotech:textures/gui/book/crafting_texture.png",
      "x": 42, "y": 17,
      "u": 65, "v": 27,
      "width": 9, "height": 9,
      "texture_width": 128, "texture_height": 128
    },
    {
      "type": "tooltip",
      "tooltip": [
        "填坑焚烧"
      ],
      "x": 42, "y": 17,
      "u": 65, "v": 27,
      "width": 9, "height": 9
    },
    {
      "type": "text",
      "text": "$(t:#ticks# Ticks)#ticks_hms#$()",
      "x": 37, "y": 30
    }
  ]
}
