{
  "processor": "com.codetaylor.mc.pyrotech.modules.plugin.patchouli.processors.SoakingPotRecipeProcessor",
  "components": [
    {
      "group": "header",
      "type": "header",
      "text": "#output->iname",
      "x": -1,
      "guard": "#header->exists"
    },
    {
      "type": "custom",
      "class": "com.codetaylor.mc.pyrotech.modules.plugin.patchouli.components.PackedImageComponent",
      "image": "pyrotech:crafting/soaking_pot",
      "x": 28, "y": 25,
      "scale": 0.5
    },
    {
      "type": "item", "item": "#input_item", "x": 30, "y": 14, "framed": true
    },
    {
      "type": "custom",
      "class": "com.codetaylor.mc.pyrotech.modules.plugin.patchouli.components.FluidComponent",
      "fluid": "#input_fluid",
      "x": 30, "y": 34,
      "height": 8
    },
    {
      "type": "tooltip",
      "tooltip": [
        "#input_fluid_name#: #input_fluid_amount# mB"
      ],
      "x": 30,
      "y": 34,
      "height": 8,
      "width": 16
    },
    {
      "type": "item", "item": "#output", "x": 74, "y": 14, "framed": true, "link_recipe": true
    },
    {
      "type": "image",
      "image": "pyrotech:textures/gui/book/crafting_texture.png",
      "x": 56, "y": 14,
      "u": 65, "v": 27,
      "width": 9, "height": 9,
      "texture_width": 128, "texture_height": 128
    },
    {
      "type": "tooltip",
      "tooltip": [
        "浸泡壶"
      ],
      "x": 56, "y": 17,
      "u": 65, "v": 27,
      "width": 9, "height": 9
    },
    {
      "type": "text",
      "text": "$(t:#ticks# Ticks)#ticks_hms#$()",
      "x": 51, "y": 23
    },
    {
      "type": "item", "item": "pyrotech:campfire", "x": 52, "y": 26, "framed": false, "guard": "#requires_campfire->exists"
    }
  ]
}
