{
    "name": "灵气装瓶",
    "icon": "naturesaura:aura_bottle{stored_type:'naturesaura:overworld'}",
    "category": "practices",
    "advancement": "naturesaura:wood_stand",
    "turnin": "naturesaura:aura_bottle_overworld",
    "pages": [
        {
            "type": "text",
            "text": "$(#419600)灵气$()及其在世界上的存在，长期以来一直是研究人员的难题。在过去，他们常常使用$(item)瓶子$()来收集$(#419600)灵气$()，并在它变得能够肉眼可见时进行更详细的分析。不久之后，来自无知平民的抱怨开始困扰他们：“其他科学家已经在使用瓶子了，这将引起问题”，他们说。"
        },
        {
            "type": "crafting",
            "text": "因此，为了排除所有语无伦次的胡扯，他们创造了$(item)瓶子和木塞$()：一个类似的，但略有不同的工具瓶，可以专门用来收集$(#419600)灵气$()，只需要手持它对空气右键。",
            "recipe": "naturesaura:bottle_two_the_rebottling"
        },
        {
            "type": "spotlight",
            "item": "naturesaura:aura_bottle{stored_type:'naturesaura:overworld'}",
            "link_recipe": true,
            "text": "当然，根据您当前所处的环境，所收集的$(#419600)灵气$()的类型会略有不同。例如，在主世界中，$(#419600)灵气$()可以以阳光的形式收集，而在下界中，$(#419600)灵气$()可以以鬼魂的形式收集，而在末地中，$(#419600)灵气$()以过剩黑暗的形式存在。"
        },
        {
            "type": "text",
            "text": "此外，使用$(item)发射器$()可以很容易地自动收集$(#419600)灵气$()：将空的$(item)瓶子和木塞$()放入其中将导致它们被打开，使它们在这个过程中充满$(#419600)灵气$()。由于之后它们不会再被发射器吸走，因此需要一个额外的工具，如$(item)漏斗$()。"
        }
    ]
}
