{
    "name": "森林仪式",
    "icon": "naturesaura:wood_stand",
    "category": "practices",
    "advancement": "naturesaura:gold_leaf",
    "priority": true,
    "turnin": "naturesaura:wood_stand",
    "pages": [
        {
            "type": "text",
            "text": "当你刚成为魔法植物学家时，使用自然力量本身比使用$(#419600)灵气$()的力量更加有益。$(item)森林仪式$()使用$(l:practices/gold_trees)金叶粉$()的属性来驱使自然成分力量进入一颗新生的，正在生长的树苗，并在这个过程中吞噬它，将其转化为实用的工具与物品。"
        },
        {
            "type": "text",
            "text": "要建造此$(thing)仪式$()，需要如同下一页展示那样放置$(item)金叶粉$()，一些用以摆放合成材料的$(item)木墩$()也需要放置在周围。$(br)随后，正确的$(item)树苗$()必须被放置在中间。最后，要么使用肥料，要么等待必然的时间，树苗的生长会导致仪式的开始。"
        },
        {
            "type": "multiblock",
            "multiblock_id": "naturesaura:tree_ritual",
            "text": "准备$(item)森林仪式$()。它并不需要图中所有的$(item)木墩$()。"
        },
        {
            "type": "crafting",
            "text": "合成$(item)木墩$()",
            "recipe": "naturesaura:wood_stand"
        },
        {
            "type": "text",
            "text": "与仪式一起，$(item)徽章$()的知识会被得到：木制小雕像，刻画特定的情感——使用注入对应符号的树制作。这些雕像包含$(#419600)灵气$()本身的巨大能量和雕像代表的情感的结合。$(p)再向前进，这些$(item)徽章$()将会是一个关键的构造原料。"
        },
        {
            "type": "naturesaura:tree_ritual",
            "recipe": "naturesaura:token_joy",
            "text": "合成$(item)快乐徽章$()，充满了在自然、探索和美丽中发现，能激发快乐的物品"
        },
        {
            "type": "naturesaura:tree_ritual",
            "recipe": "naturesaura:token_fear",
            "text": "合成$(item)恐惧徽章$()，充满了代表无常、堕落的物品"
        },
        {
            "type": "naturesaura:tree_ritual",
            "recipe": "naturesaura:token_anger",
            "text": "合成$(item)愤怒徽章$()，充满了黑暗的成分——爆炸性、火、黑暗"
        },
        {
            "type": "naturesaura:tree_ritual",
            "recipe": "naturesaura:token_sorrow",
            "text": "合成$(item)遗憾徽章$()，充满了泪水、脆弱和死亡"
        }
    ]
}
