{
	"name": "收集器",
	"icon": "nuclearcraft:cobblestone_generator",
	"category": "nuclearcraft:machines",
	"sortnum": 2,
	"pages": [
	  {
		"anchor": "intro",
		"type": "text",
		"text": "这些机器恒定地以一定的速率每隔一段时间生成材料。会将物品或流体自动输出到邻近的有效容器或管道。"
	  },
	  {
		"anchor": "cobblestone_generator",
		"type": "blocks/3",
		"header": "造石机",
		"block1": "nuclearcraft:cobblestone_generator",
		"block2": "nuclearcraft:cobblestone_generator_compact",
		"block3": "nuclearcraft:cobblestone_generator_dense",
		"text": "$(item)造石机$()将熔岩与水混合在一起来生成圆石。"
	  },
	  {
		"anchor": "water_source",
		"type": "blocks/3",
		"header": "无限水源",
		"block1": "nuclearcraft:water_source",
		"block2": "nuclearcraft:water_source_compact",
		"block3": "nuclearcraft:water_source_dense",
		"text": "$(item)无限水源$()利用无限水的魔法生成水。"
	  },
	  {
		"anchor": "nitrogen_collector",
		"type": "blocks/3",
		"header": "氮收集器",
		"block1": "nuclearcraft:nitrogen_collector",
		"block2": "nuclearcraft:nitrogen_collector_compact",
		"block3": "nuclearcraft:nitrogen_collector_dense",
		"text": "$(item)氮收集器$()从空气中分离并收集氮。"
	  }
	]
  }
  