{
	"name": "处理器",
	"icon": "nuclearcraft:manufactory",
	"category": "nuclearcraft:machines",
	"sortnum": 0,
	"pages": [
	  {
		"anchor": "intro",
		"type": "text",
		"text": "这些机器能处理，嗯，几乎全部的东西！有些很热，剩下的则冷得要命。多数需要能量，且它们都会将一物转化为另一物。"
	  },
	  {
		"anchor": "nuclear_furnace",
		"type": "blocks/1",
		"header": "核熔炉",
		"block": "nuclearcraft:nuclear_furnace",
		"text": "$(item)核熔炉$()与普通的熔炉相似，但是它会利用辐射的能量来熔炼物品。需要放射性燃料。"
	  },
	  {
		"anchor": "manufactory",
		"type": "blocks/1",
		"header": "小制造机",
		"block": "nuclearcraft:manufactory",
		"text": "捣碎、锯穿、压破……$(item)小制造机$()是用途最多样的机器，也将会是你制作的第一批机器之一。"
	  },
  
	  {
		"anchor": "separator",
		"type": "blocks/1",
		"header": "分离器",
		"block": "nuclearcraft:separator",
		"text": "$(item)分离器$()是反向工作台，有助于你在不小心制作了过多同种燃料时将其分离回原料。"
	  },
	  {
		"anchor": "decay_hastener",
		"type": "blocks/1",
		"header": "衰变加速器",
		"block": "nuclearcraft:decay_hastener",
		"text": "$(item)衰变加速器$()能加速放射性材料的衰变。材料会变为另一种核素。衰变过程也会放出辐射。"
	  },
	  {
		"anchor": "fuel_reprocessor",
		"type": "blocks/1",
		"header": "燃料再处理机",
		"block": "nuclearcraft:fuel_reprocessor",
		"text": "$(item)燃料再处理机$()从枯竭的核燃料中提取出为更令人兴奋（辐射也更强！）的同位素，它们更能排上用场。"
	  },
	  {
		"anchor": "alloy_furnace",
		"type": "blocks/1",
		"header": "合金炉",
		"block": "nuclearcraft:alloy_furnace",
		"text": "$(item)合金炉$()熔炼两种金属为一种合金。"
	  },
	  {
		"anchor": "fluid_infuser",
		"type": "blocks/1",
		"header": "流体注入器",
		"block": "nuclearcraft:infuser",
		"text": "$(item)流体注入器$()将流体注入物品，与$(l:machines/processors#fluid_enricher)溶解器$(/l)刚好相反。"
	  },
	  {
		"anchor": "melter",
		"type": "blocks/1",
		"header": "熔化机",
		"block": "nuclearcraft:melter",
		"text": "$(item)熔化机$()将固体熔为液体。"
	  },
	  {
		"anchor": "supercooler",
		"type": "blocks/1",
		"header": "超冷却机",
		"block": "nuclearcraft:supercooler",
		"text": "$(item)超冷却机$()是一个非常、非常强大的冷冻器。"
	  },
	  {
		"anchor": "electrolyzer",
		"type": "blocks/1",
		"header": "电解机",
		"block": "nuclearcraft:electrolyzer",
		"text": "$(item)电解机$()使用电能分解流体。"
	  },
	  {
		"anchor": "assembler",
		"type": "blocks/1",
		"header": "组合机",
		"block": "nuclearcraft:assembler",
		"text": "$(item)组合机$()将多个材料组合为更复杂的物品。"
	  },
	  {
		"anchor": "ingot_former",
		"type": "blocks/1",
		"header": "冷却器",
		"block": "nuclearcraft:ingot_former",
		"text": "$(item)冷却器$()固化熔融态物质为锭或宝石。不需要能量。"
	  },
	  {
		"anchor": "pressurizer",
		"type": "blocks/1",
		"header": "压缩机",
		"block": "nuclearcraft:pressurizer",
		"text": "$(item)压缩机$()是强大的挤压机，能将堆状的粉末挤压形成晶体。"
	  },
	  {
		"anchor": "chemical_reactor",
		"type": "blocks/1",
		"header": "化学反应器",
		"block": "nuclearcraft:chemical_reactor",
		"text": "$(item)化学反应器$()让流体间发生反应。"
	  },
	  {
		"anchor": "salt_mixer",
		"type": "blocks/1",
		"header": "流体混合器",
		"block": "nuclearcraft:salt_mixer",
		"text": "$(item)流体混合器$()可以混合流体。"
	  },
	  {
		"anchor": "crystallizer",
		"type": "blocks/1",
		"header": "结晶器",
		"block": "nuclearcraft:crystallizer",
		"text": "$(item)结晶器$()蒸发溶液中的水以形成固体。"
	  },
	  {
		"anchor": "fluid_enricher",
		"type": "blocks/1",
		"header": "溶解器",
		"block": "nuclearcraft:enricher",
		"text": "$(item)溶解器$()将物品混合进流体，与$(l:machines/processors#fluid_infuser)流体注入器$(/l)刚好相反。"
	  },
	  {
		"anchor": "fluid_extractor",
		"type": "blocks/1",
		"header": "流体提取机",
		"block": "nuclearcraft:extractor",
		"text": "$(item)流体提取机$()从物品中提取流体。"
	  },
	  {
		"anchor": "centrifuge",
		"type": "blocks/1",
		"header": "离心机",
		"block": "nuclearcraft:centrifuge",
		"text": "非常疯狂。$(item)离心机$()利用离心力分离流体。"
	  },
	  {
		"anchor": "rock_crusher",
		"type": "blocks/1",
		"header": "岩石粉碎机",
		"block": "nuclearcraft:rock_crusher",
		"text": "$(item)岩石粉碎机$()粉碎岩石并从中得到不同种类的矿物粉。"
	  }
	]
  }