{
    "name": "星空",
    "icon": "astralsorcery:stardust",
    "category": "effects",
    "advancement": "naturesaura:positive_imbalance",
    "pages": [
        {
            "type": "text",
            "text": "当一个区域的$(aura-zh-cn)数量超过自然数量，并且附近有一些$(l:effects/effect_powder)星空粉末$()时，任何涉足$(thing)星辉魔法$()的魔法植物学家会发现可观察到的$(thing)星能$()急剧增加，并在此过程中增强任何附近使用星能的设备。"
        },
        {
            "type": "naturesaura:tree_ritual",
            "recipe": "naturesstarlight:starlight_increase_powder",
            "text": "制作$(l:effects/effect_powder)星空粉末$()。"
        }
    ]
}