{
  "name": "高级流体压缩机",
  "icon": "pneumaticcraft:advanced_liquid_compressor",
  "category": "compressors",
  "advancement": "pneumaticcraft:advanced_pressure_tube",
  "pages": [
    {
      "type": "text",
      "text": "$(item)高级流体压缩机/$是$(l:compressors/liquid_compressor)流体压缩机/$的$(l:base_concepts/pressure_tiers)二级/$版本，最大安全压力为 20 bar。其基础空气产率为 50mL/t，可以通过$(l:base_concepts/upgrades#speed)速度升级/$以升级。$(p)然而，该压缩机必须被$(l:base_concepts/heat)冷却/$，因为其效率随着温度的增高而降低，直到不产生任何空气。"
    },
    {
      "type": "crafting",
      "text": "$(item)高级流体压缩机/$的合成表",
      "recipe": "pneumaticcraft:advanced_liquid_compressor"
    }
  ]
}