{
  "name": "空气压缩机",
  "icon": "pneumaticcraft:air_compressor",
  "category": "compressors",
  "advancement": "pneumaticcraft:pressure_tube",
  "pages": [
    {
      "type": "text",
      "text": "$(item)空气压缩机/$是一个建议的用于生成$(l:base_concepts/pressure)压缩空气/$的机器。其将使用任何可在原版$(item)熔炉/$的固体燃料，用于产生$(ttcolor)$(t:这可以通过安装速度升级来增加)基础/$速率为 10mL/t 的空气。$(p)该机器$(italic)不/$接受$(item)熔岩桶/$，或者说，任何桶装液体燃料；要使用这些燃料，使用$(l:compressors/liquid_compressor)流体压缩机/$。"
    },
    {
      "type": "crafting",
      "text": "$(item)空气压缩机/$的合成表",
      "recipe": "pneumaticcraft:air_compressor"
    }
  ]
}
