{
  "name": "电力压缩机",
  "icon": "pneumaticcraft:electric_compressor",
  "category": "compressors",
  "advancement": "pneumaticcraft:advanced_pressure_tube",
  "flag": "pneumaticcraft:electricCompressorEnabled",
  "pages": [
    {
      "type": "text",
      "text": "$(item)电动压缩机/$使用 $(thing)IC2 的 EU/$ 压缩空气。默认情况下，其效率为 40%，但这可以$(ttcolor)$(t:见 'I:electricCompressorEfficiency' 条目)在配置文件中更改/$。$(p)其行为与 IC2 的一阶机器相同，亦即输入电压高于 32EU/t 时其将爆炸。但是，像其他 IC2 机器一样，可以安装$(item)升压升级/$一允许其接受更高电压。"
    },
    {
      "type": "text",
      "text": "空气输出（mL/t）为：$(p)  $(formula)输入速率 / E * 400/$$(p)其中 $(formula)E/$ 代表效率。$(p)例如，效率默认为 40%，输入为 32mL/t 时，空气产量为 $(formula)32 / 40 * 400 = 320mL/t/$。"
    },
    {
      "type": "text",
      "text": "另一个影响效率的因素是机器的$(l:base_concepts/heat)热量/$。该机器需要被冷却，因为其效率随着温度的增高而降低，直到不产生任何空气。"
    },
    {
      "type": "crafting",
      "text": "$(item)电力压缩机/$的合成表",
      "recipe": "pneumaticcraft:electric_compressor"
    }
  ]
}