{
  "name": "魔法鸦片酊",
  "icon": "elementaristics:tincture_opium",
  "category": "alchemy",
  "advancement": "elementaristics:progress_ascension_identification",
  "pages": [
    {
      "type": "text",
      "text": "$(item)魔法鸦片酊$()是鸦片的魔法版本，就像它的名字所说的。它在某些需要高度专注的仪式中有着重要的作用，又或者，需要的不是专注，而是恍惚。想要让鸦片的效果影响到信徒，必须像是使用一束药草的方法那样，把它丢进火焰中焚烧。"
    },
    {
      "type": "elementaristics:tunneler_recipe",
      "recipe": "elementaristics:laudanum",
      "text": "它深沉的颜色，可以让你陷入无梦的安眠当中\u22EF\u22EF$(br)我已经做过一次这样的实验，尽管这并不是很好玩。"
    }
  ]
}