{
  "flag": "mod:create",
  "secret": true,
  "name": "机械动力包",
  "icon": "buddycards:pack.5",
  "category": "buddycards:sets",
  "sortnum": 4,
  "pages": [
    {
      "type": "text",
      "text": "巴迪卡牌的机械动力包在有合适的机器时，是非常容易收集的卡牌包。它包含总共27张卡片，此外你也可以收集闪卡与不同等级的卡片。$(br2)要获得机械动力卡牌，你必须制作对应的机械动力卡牌包。"
    },
    {
      "type": "spotlight",
      "item": "buddycards:shredded_buddycard",
      "text": "为了制作机械动力包，你首先需要先用粉碎轮制作粉碎的巴迪卡牌，但如果你有一些多出来的卡牌包，你也可以通过回收卡牌包而不是卡牌来获得更大收益。",
      "link_recipe": true
    },
    {
      "type": "spotlight",
      "title": "机械动力包",
      "item": "buddycards:pack.5",
      "text": "一旦你有一些粉碎的巴迪卡牌，巴迪钢粒和青铜板，就可以将它们丢入动力搅拌器，以 5:1:1 的数量来制作机械动力卡牌包。",
      "link_recipe": true
    },
    {
      "type": "spotlight",
      "title": "机械动力卡牌",
      "item": "buddycards:card.5.5",
      "text": "机械动力包同其它多数卡牌包一样，总共会给予4张卡牌，它们之中只有一张会是闪卡。$(br2)卡牌按稀有度分为四个等级：普通的、常见的、稀有的和史诗的。你可以通过卡牌角落的颜色来区分它们。"
    },
    {
      "type": "spotlight",
      "title": "机械动力卡牌",
      "item": "buddycards:card.5.20{\"foil\":true}",
      "text": "卡牌序号 1-12 稀有度为普通卡，卡牌角落不带有颜色；卡牌序号 13-21 是不寻常卡，带有两个黄角；卡牌序号 22-25 是稀有卡，带有四个蓝角，以及26号和27卡片是带有2个黄角2个紫角的史诗卡。闪卡和非闪卡有着相同的稀有度。"
    },
    {
      "type": "spotlight",
      "item": "buddycards:medal.5",
      "title": "机械动力包勋章",
      "text": "无论是闪卡还是非闪卡，机械动力包勋章在集齐全部27张机械动力包卡片后会自动获得。装备上勋章后，它会给你提供急迫I的增益效果。",
      "link_recipe": true
    },
    {
      "type": "relations",
      "title": "勋章魔咒",
      "entries": [
        "buddycards:enchantments/buddy_binding",
        "buddycards:enchantments/buddy_boost"
      ],
      "text": "勋章还可以附魔上『巴迪绑定』和『巴迪提升』。巴迪提升I会把勋章的增益效果增强为急迫II，巴迪提升II则增强为急迫III。"
    }
  ]
}