{
  "include": [
    {
      "template": "pyrotech:include/fuel_bloomery",
      "as": "fuel1",
      "using": {
        "fuel": "#fuel"
      },
      "y": 32
    },
    {
      "template": "pyrotech:include/fuel_bloomery",
      "as": "fuel2",
      "using": {
        "fuel": "#fuel2"
      },
      "y": 56
    },
    {
      "template": "pyrotech:include/fuel_bloomery",
      "as": "fuel3",
      "using": {
        "fuel": "#fuel3"
      },
      "y": 80
    }
  ],
  "components": [
    {
      "group": "header",
      "type": "header",
      "text": "燃料的变化",
      "x": -1, "y": -6
    },
    {
      "type": "text",
      "text": "#text",
      "y": 6
    }
  ]
}