{
  "include": [
    {
      "template": "pyrotech:include/bloomery_fuel",
      "as": "fuel1",
      "using": {
        "fuel": "#fuel",
        "bloomery": "pyrotech:bloomery"
      },
      "y": 44
    },
    {
      "template": "pyrotech:include/wither_forge_fuel",
      "as": "fuel2",
      "using": {
        "fuel": "#fuel",
        "bloomery": "pyrotech:wither_forge"
      },
      "y": 68
    }
  ],
  "components": [
    {
      "group": "header",
      "type": "header",
      "text": "#fuel->iname",
      "x": -1, "y": -6
    },
    {
      "type": "text",
      "text": "#text",
      "y": 92
    }
  ]
}