{
  "include": [
    {
      "template": "pyrotech:include/mechanical_mulcher_cog",
      "as": "cog1",
      "using": {
        "cog": "#cog"
      },
      "y": 8
    },
    {
      "template": "pyrotech:include/mechanical_mulcher_cog",
      "as": "cog2",
      "using": {
        "cog": "#cog2"
      },
      "y": 32
    },
    {
      "template": "pyrotech:include/mechanical_mulcher_cog",
      "as": "cog3",
      "using": {
        "cog": "#cog3"
      },
      "y": 56
    },
    {
      "template": "pyrotech:include/mechanical_mulcher_cog",
      "as": "cog4",
      "using": {
        "cog": "#cog4"
      },
      "y": 80
    }
  ],
  "components": [
    {
      "group": "header",
      "type": "header",
      "text": "Cogs",
      "x": -1, "y": -6
    }
  ]
}