{
  "include": [
    {
      "template": "pyrotech:include/anvil_recipe",
      "as": "recipe1",
      "using": {
        "recipe": "#recipe"
      },
      "y": -6
    },
    {
      "template": "pyrotech:include/anvil_recipe",
      "as": "recipe2",
      "using": {
        "recipe": "#recipe2"
      },
      "y": 38
    },
    {
      "template": "pyrotech:include/anvil_recipe",
      "as": "recipe3",
      "using": {
        "recipe": "#recipe3"
      },
      "y": 82
    }
  ],
  "components": [

  ]
}