{
  "include": [
    {
      "template": "pyrotech:include/compacting_bin_recipe",
      "as": "recipe1",
      "using": {
        "recipe": "#recipe",
        "header": "#header"
      },
      "y": -6
    },
    {
      "template": "pyrotech:include/compacting_bin_recipe",
      "as": "recipe2",
      "using": {
        "recipe": "#recipe2",
        "header": "#header2"
      },
      "y": 38
    },
    {
      "template": "pyrotech:include/compacting_bin_recipe",
      "as": "recipe3",
      "using": {
        "recipe": "#recipe3",
        "header": "#header3"
      },
      "y": 82
    }
  ]
}