{
  "name": "高级印刷电路板",
  "icon": "pneumaticcraft:advanced_pcb",
  "category": "tubes",
  "advancement": "pneumaticcraft:printed_circuit_board",
  "pages": [
    {
      "type": "text",
      "text": "$(item)高级印刷电路板/$是一个可以被安装到$(l:tubes/tube_modules)管道模块/$上以从各个方面增强其功能的电路板。使用高级印刷电路板$(thing)右击/$管道模块以将其安装。$(p)见各管道模块的界面以获得更多信息。"
    },
    {
      "type": "crafting",
      "text": "高级印刷电路板的合成表",
      "recipe": "pneumaticcraft:advanced_pcb",
      "recipe2": "pneumaticcraft:advanced_pcb_v2"
    }
  ]
}
