{
  "name": "充气管道模块",
  "icon": "pneumaticcraft:charging_module",
  "category": "tubes",
  "advancement": "pneumaticcraft:pressure_tube",
  "pages": [
    {
      "type": "text",
      "text": "该模块对其相对的容器中的可充气物品充/放气。例如，这里的容器可以是装有气动工具的箱子，或者装有$(l:components/air_canister)空气罐/$以进行长程空气运输（或许需要借助其余模组的远程运输装置）。$(p)可以将该模块指向$(l:machines/aerial_interface)空气接口/$以对玩家物品栏中的物品充气。"
    },
    {
      "type": "text",
      "title": "高级印刷电路板",
      "text": "向充气模块安装$(l:tubes/advanced_pcb)高级印刷电路板/$后，模块的充气速率从（对每个物品）10 mL/刻 提升到 100 mL/刻。"
    },
    {
      "type": "crafting",
      "text": "充气管道模块",
      "recipe": "pneumaticcraft:charging_module"
    }
  ]
}