{
  "name": "流量检测管道模块",
  "icon": "pneumaticcraft:flow_detector_module",
  "category": "tubes",
  "advancement": "pneumaticcraft:pressure_tube",
  "pages": [
    {
      "type": "text",
      "text": "流量检测管道模块是一个$(thing)管上/$模块，用于检测通过管道的$(thing)流量/$。其基于此发出$(#f00)红石信号/$，其强度基于下列公式：$(p)  $(formula)0.2 * 流量 (mL/刻)/$$(p)例如，若流量为 20mL/刻，信号强度为 20*0.2=4。"
    },
    {
      "type": "text",
      "text": "注：$(thing)流量/$与$(l:base_concepts/pressure)压力/$是不同的量。流量为每刻通过压力管道的空气量。也就是说，（如果）由一台没有工作的$(l:machines/elevator)电梯/$，压力为 0；但其运行时会消耗空气，因而此时的流量不为 0。因此，若某机器在运行时消耗空气，该模块可以用于检测其是否在运行。$(p)流量检测管道模块并不接受$(l:tubes/advanced_pcb)高级印刷电路板/$升级。"
    },
    {
      "type": "crafting",
      "text": "流量检测管道模块的合成表",
      "recipe": "pneumaticcraft:flow_detector_module"
    }
  ]
}