{
  "name": "物流管道模块",
  "icon": "pneumaticcraft:logistics_module",
  "category": "tubes",
  "advancement": "pneumaticcraft:plastic",
  "pages": [
    {
      "type": "text",
      "text": "该模块将容器连接到$(l:logistics/overview)物流系统/$中，相当于在压力管道中控制物品运输。$(p)模块所指向的容器或储罐需要装有$(l:logistics/frames)物流框架/$。$(p)物流管道模块并不接受$(l:tubes/advanced_pcb)高级印刷电路板/$升级。"
    },
    {
      "type": "image",
      "images": [
        "pneumaticcraft:textures/patchouli/logistics_module.png"
      ],
      "border": "true",
      "text": "两个物流管道模块，将装有$(l:logistics/frames#passive_provider)物流被动供应框架/$和$(l:logistics/frames#requester)物流请求框架/$的箱子连接"
    },
    {
      "type": "text",
      "text": "物流管道模块组成的物流网络由所连接的$(l:tubes/pressure_tubes)压力管道/$构成的管网定义；需要注意的是，气动机器$(italic)并不/$参与构建管网。$(p)使用$(item)染料/$右击物流管道模块以将其染色；只有具有相同颜色的物流管道模块才可相互通信，实际上相当于每个物流网络上独立的 16 个$(thing)频道/$。"
    },
    {
      "type": "text",
      "text": "物流管道模块需要$(l:base_concepts/pressure)压力/$才可工作；最低工作压力为 3 bar。消耗的空气是距离，传输物品与一个常量的乘积。这意味着传输一整组物品的空气消耗更大，长程传输同样如此。空气消耗在$(italic)接收端/$的物流模块进行，因为空气流向接收端。"
    },
    {
      "type": "text",
      "text": "模块上具有指示灯，指示其当前状态：$(p)$(li)$(#f00)红/$：压力不足。施加至少 3 bar。$(li)$(#f80)橙/$：压力高于 3 bar，但不足以进行所需的物品/流体传输。$(li)$(#0f0)绿/$：压力足够。待命。$(li)$(#00f)蓝（闪烁）/$：物品/流体正在被传输。"
    },
    {
      "type": "crafting",
      "text": "物流管道模块的合成表",
      "recipe": "pneumaticcraft:logistics_module_v1",
      "recipe2": "pneumaticcraft:logistics_module_v2"
    }
  ]
}