{
  "name": "压力管道",
  "icon": "pneumaticcraft:pressure_tube",
  "category": "tubes",
  "advancement": "pneumaticcraft:root",
  "priority": "true",
  "pages": [
    {
      "type": "text",
      "text": "压力管道是$(pncr)中用于在压缩机和机器间传输压缩空气的主要设备。$(p)未连接的管道将会泄漏空气！然而，管道的每一个面可以使用$(l:tools/pneumatic_wrench)气动扳手/$被设置为连接或断开。其余模组的扳手或许也可以做到这一点。"
    },
    {
      "type": "image",
      "title": "Tubes!",
      "text": "$(italic)两个压力管道，装有$(l:tubes/pressure_gauge_module)压力表/$，$(italic)连接一台$(l:compressors/air_compressor)空压力缩机/$$(italic)与一台$(l:machines/air_cannon)空气炮/$",
      "images": [
        "pneumaticcraft:textures/patchouli/pressure_tubes.png"
      ],
      "border": "true"
    },
    {
      "type": "text",
      "text": "压力管道上可以安装$(l:tubes/tube_modules)管道模块/$，从而向管道添加各种功能。见管道模块各自的页面以获取详细信息。$(p)压力管道可以被$(l:tools/camo_applicator)伪装涂敷器/$进行伪装。"
    },
    {
      "type": "text",
      "text": "管道有两个$(l:base_concepts/pressure_tiers)等级/$：$(br)$(li)（一级）压力管道很容易即可合成。其所能承受的最大压力为 5 bar，空气容量为 1000 mL。$(li)高级压力管道需要$(l:manufacturing:assembly_system)装配控制器/$以生产。其所能承受的最大压力为 20 bar，空气容量为 4000 mL。"
    },
    {
      "type": "crafting",
      "text": "压力管道的合成表",
      "recipe": "pneumaticcraft:pressure_tube"
    },
    {
      "anchor": "advanced",
      "type": "pneumaticcraft:assembly_system",
      "item": "pneumaticcraft:advanced_pressure_tube"
    }
  ]
}