{
  "name": "压力表管道模块",
  "icon": "pneumaticcraft:pressure_gauge_module",
  "category": "tubes",
  "advancement": "pneumaticcraft:pressure_tube",
  "pages": [
    {
      "type": "text",
      "text": "该管道模块显示器所附着的管道当前的$(l:base_concepts/pressure)压力/$。其同样（在其所在侧面）发出$(#f00)红石信号/$，强度取决于下列公式：$(p)$(formula)  强度 = 2 * 压力/$$(p)亦即，3.5 bar 的压力将会使模块输出强度为 7。"
    },
    {
      "type": "text",
      "title": "高级印刷电路板",
      "text": "向其安装$(l:tubes/advanced_pcb)高级印刷电路板/$后，可以在配置界面中更精细地控制输出的$(#f00)红石信号/$。默认情况下，可以提供阈值：压力低于这一阈值时信号将为 0，高于这一阈值时信号将为 15（或者反之）。若在界面中勾选$(bold)高级配置/$，可以对信号进行更精细的控制（见下图）。"
    },
    {
      "type": "image",
      "images": [
          "pneumaticcraft:textures/patchouli/pressure_gauge_gui.png"
      ],
      "text": "$(italic)<10 bar = 信号 0，>20 bar = 信号 15, 10-20 bar = 插值（例： 12 bar = 信号 3）/$",
      "anchor": "img"
    },
    {
      "type": "crafting",
      "text": "压力表管道模块的合成表",
      "recipe": "pneumaticcraft:pressure_gauge_module"
    }
  ]
}