{
  "name": "管道模快",
  "icon": "minecraft:book",
  "category": "tubes",
  "advancement": "pneumaticcraft:pressure_tube",
  "priority": "true",
  "pages": [
    {
      "type": "text",
      "text": "$(thing)管道模块/$是一系列可以被安装在$(l:tubes/pressure_tubes)压力管道/$上的组件，可以在管道的侧面，也可以在管线之中。$(p)可以通过使用$(l:tools/pneumatic_wrench)气动扳手/$$(thing)潜行右击/$移除已有的管道模块。"
    },
    {
      "type": "relations",
      "entries": [
        "tubes/safety_module",
        "tubes/pressure_gauge_module",
        "tubes/flow_detector_module",
        "tubes/air_grate_module",
        "tubes/regulator_module",
        "tubes/charging_module",
        "tubes/logistics_module",
        "tubes/redstone_module"
      ]
    }
  ]
}
