{
  "name": "鱼饵",
  "icon": "thermal:aquachow",
  "read_by_default": true,
  "category": "thermal:materials",
  "flag": "mod:thermal_cultivation",
  "pages": [
    {
      "type": "text",
      "text": "$(l:thermal:technology/devices/fisher)水产捕捞器$(/l)可使用各种鱼饵来增强或修饰其捕鱼能力。"
    },
    {
      "type": "crafting",
      "recipe": "thermal:aquachow_4",
      "text": "由各类适口性极佳的材料混合而成的水产饲料会增强对水产捕捞器的原生捕捞能力。"
    },
    {
      "type": "crafting",
      "recipe": "thermal:deep_aquachow_4",
      "text": "底栖水产饲料提升了水产捕捞器捕获河豚、海草、海晶石、墨囊、海绵乃至三叉戟等底栖动植物和海底资源的几率。"
    },
    {
      "type": "crafting",
      "recipe": "thermal:junk_net",
      "text": "垃圾打捞网使得水产捕捞器能够打捞线、睡莲、骨头、水瓶和皮革等垃圾物品。但有句话不是说“甲之蜜糖，乙之砒霜”还是啥的嘛。"
    }
  ]
}