{
  "name": "矿石",
  "icon": "thermal:lead_ore",
  "read_by_default": true,
  "category": "thermal:materials",
  "pages": [
    {
      "type": "text",
      "title": "免责声明",
      "text": "下述矿石简介中所有的矿石生成 Y 坐标（高度）均为模组内设的默认值。若你正在游玩整合包，或装载了 OptiFine，或自行调整了矿石生成参数，书中展示的数值便可能与实际生成情况不符。"
    },
    {
      "type": "2-2_item_page",

      "A.title": "硝石",
      "A.item1": "thermal:niter_ore",
      "A.item2": "thermal:niter",
      "A.text": "质地柔软的硝石是化肥中氮元素和钾元素的主要来源。可生成于任何高度。",

      "B.title": "硫磺",
      "B.item1": "thermal:sulfur_ore",
      "B.item2": "thermal:sulfur",
      "B.text": "橡胶硫化与火药配制的主要材料，化学活泼性强。可生成于任何高度。"
    },
    {
      "flag": "mod:thermal_expansion",
      "type": "2-2_item_page",

      "A.title": "朱砂",
      "A.item1": "thermal:cinnabar_ore",
      "A.item2": "thermal:cinnabar",
      "A.text": "具有矿石处理增产能力的矿物质，外观呈鲜红色。可生成于任何高度。",

      "B.title": "沥青沙",
      "B.item1": "thermal:oil_sand",
      "B.item2": "thermal:bitumen",
      "B.text": "富含一种黝黑黏稠流质的沙子。仅生成于沙漠或恶地生物群系中 Y 坐标 40 至 60 的区域内。"
    },
    {
      "flag": "mod:thermal_cultivation",
      "type": "2-2_item_page",

      "A.title": "磷灰石",
      "A.item1": "thermal:apatite_ore",
      "A.item2": "thermal:apatite",
      "A.text": "一种常被用作青色染料的常见矿物质，是化肥中磷元素的主要来源。可生成于任何高度。",

      "B.title": "镍",
      "B.item1": "thermal:nickel_ore",
      "B.item2": "thermal:nickel_ingot",
      "B.text": "一种坚硬的金属，可提升合金的耐热性。仅在 Y 坐标 0 至 128 处生成。"
    },
    {
      "type": "2-2_item_page",

      "A.title": "铜",
      "A.item1": "thermal:copper_ore",
      "A.item2": "thermal:copper_ingot",
      "A.text": "适用于多种合金的金属，传导性佳。生成于 Y 坐标 40 至 100 处。",

      "B.title": "锡",
      "B.item1": "thermal:tin_ore",
      "B.item2": "thermal:tin_ingot",
      "B.text": "柔软且轻盈的锡拥有十分广泛的应用场景。在 Y 坐标 20 至 60 的范围内生成。"
    },
    {
      "type": "2-2_item_page",

      "A.title": "铅",
      "A.item1": "thermal:lead_ore",
      "A.item2": "thermal:lead_ingot",
      "A.text": "具有辐射屏蔽性的铅密度较大而质地柔韧。分布于 Y 坐标 0 至 32 处。",

      "B.title": "银",
      "B.item1": "thermal:silver_ore",
      "B.item2": "thermal:silver_ingot",
      "B.text": "传导性良好的银不菲的价值皆仰仗于它熠熠的光辉。在 Y 坐标 0 至 32 处生成。"
    },
    {
      "flag": "!mod:thermal_cultivation",
      "type": "2_item_page",

      "title": "镍",
      "item1": "thermal:nickel_ore",
      "item2": "thermal:nickel_ingot",
      "text": "一种坚硬的金属，可提升合金的耐热性。在 Y 坐标 0 至 128 处生成。"
    }
  ]
}