{
	"name": "鲨鱼皮",
	"category": "armor",
	"icon": "craftandhunt:shark_skin",
	"pages": [
		{
			"type": "spotlight",
			"item": "craftandhunt:shark_skin",
			"text": "一种避水的材料。当全身上下被它覆盖时，可以获得极强的游泳能力。如果找不到鲨鱼，流浪商人可能会有一些鲨鱼皮出售。"
		},
		{
			"type": "crafting",
			"recipe": 	"craftandhunt:shark_helmet",
			"recipe2": 	"craftandhunt:shark_chestplate"
		},
		{
			"type": "crafting",
			"recipe": 	"craftandhunt:shark_leggings",
			"recipe2": 	"craftandhunt:shark_boots"
		}
	]
}