{
	"name": "骨头",
	"category": "armor",
	"icon": "minecraft:bone",
	"pages": [
		{
			"type": "spotlight",
			"item": "minecraft:bone",
			"text": "完好无损的旧骨头，通过狩猎骷髅收集它。盔甲的防护能力并不优秀，但是装备一整套时可以在亡灵生物面前隐藏穿戴者的存在。"
		},
		{
			"type": "crafting",
			"recipe": 	"craftandhunt:bone_helmet",
			"recipe2": 	"craftandhunt:bone_chestplate"
		},
		{
			"type": "crafting",
			"recipe": 	"craftandhunt:bone_leggings",
			"recipe2": 	"craftandhunt:bone_boots"
		}
	]
}