{
  "include": [
    {
      "template": "pyrotech:include/crude_drying_recipe",
      "as": "recipe1",
      "using": {
        "recipe": "#crude_recipe"
      },
      "y": -6
    },
    {
      "template": "pyrotech:include/drying_recipe",
      "as": "recipe2",
      "using": {
        "recipe": "#recipe"
      },
      "y": 38
    },
    {
      "template": "pyrotech:include/stone_oven_recipe",
      "as": "recipe3",
      "using": {
        "recipe": "#stone_oven_recipe"
      },
      "y": 82
    }
  ]
}