{
  "include": [
    {
      "template": "pyrotech:include/anvil_recipe",
      "as": "recipe1",
      "using": {
        "recipe": "#anvil_recipe",
        "header": "#anvil_header"
      },
      "y": -6
    },
    {
      "template": "pyrotech:include/stone_crucible_recipe",
      "as": "recipe2",
      "using": {
        "recipe": "#stone_crucible_recipe",
        "header": "#stone_crucible_header"
      },
      "y": 38
    },
    {
      "template": "pyrotech:include/soaking_pot_recipe",
      "as": "recipe3",
      "using": {
        "recipe": "#soaking_pot_recipe",
        "header": "#soaking_pot_header"
      },
      "y": 94
    }
  ]
}