{
  "include": [
    {
      "template": "pyrotech:include/anvil_recipe",
      "as": "recipe1",
      "using": {
        "recipe": "#anvil_recipe",
        "header": "#anvil_header"
      },
      "y": -6
    },
    {
      "template": "pyrotech:include/soaking_pot_recipe",
      "as": "recipe1",
      "using": {
        "recipe": "#soaking_pot_recipe",
        "header": "#soaking_pot_header"
      },
      "y": 38
    }
  ],
  "components": [
    {
      "type": "text",
      "guard": "#text->exists",
      "text": "#text",
      "y": 44
    }
  ]
}