{
  "include": [
    {
      "template": "pyrotech:include/anvil_recipe",
      "as": "recipe1",
      "using": {
        "recipe": "#recipe",
        "header": "#header"
      },
      "y": -6
    },
    {
      "template": "pyrotech:include/anvil_recipe",
      "as": "recipe2",
      "using": {
        "recipe": "#recipe2",
        "header": "#header2"
      },
      "y": 38
    }
  ],
  "components": [
    {
      "type": "text",
      "guard": "#text->exists",
      "text": "#text",
      "y": 90
    }
  ]
}