{
  "name": "关于混沌",
  "icon": "elementaristics:incantation_chaos",
  "category": "matter_manipulation",
  "pages": [
    {
      "type": "text",
      "text": "毫无疑问，混沌是所有力量中最为混乱的。同时也是最没有规律的：然而，炼金术师也许可以在其中看到某种规律\u22EF\u22EF$(br)混沌元素可以被用于一种$(marked)仪式$()，该仪式可以创造出‘混沌的’物品。"
    },
    {
      "type": "concentrator_recipe",
      "recipe": "elementaristics:incantation_chaos",
      "text": "$(o)混乱中立$()"
    },
    {
      "type": "text",
      "text": "这一仪式需要使用到$(l:manipulation/entry_nexus)$(item)维度联结点$()，而且需要大量的混沌能量，$(l:alchemy/entry_entropizing_catalyst)$(item)熵增触媒$()是一个不错的能量来源。$(br)想要成功合成，你需要在仪式结束之前将原料投入仪式的附近区域。"
    }
  ],
  "advancement": "elementaristics:progress_ascension_2"
}