{
  "name": "红石转辙机",
  "icon": "minecraft:repeater",
  "category": "point_machines",
  "pages": [
    {
      "type": "text",
      "text": "红石转辙机由一个输出端对着转辙铁轨的的红石中继器组成。如果中继器被充能，转辙铁轨就会变道。"
    },
    {
      "type": "multiblock",
      "name": "红石转辙机",
      "multiblock": {
        "mapping": {
          "R": "minecraft:rail[shape=east_west]",
          "D": "minecraft:rail",
          "0": "transport:switch_rail[straight_shape=east_west,diverge_shape=south_west,diverge=true]",
          "L": "minecraft:lever[face=floor,facing=south,powered=true]",
          "T": "minecraft:redstone_torch",
          "E": "minecraft:repeater[powered=true]"
        },
        "pattern": [
          [
            "  R ",
            "TE0D",
            "  R "
          ]
        ],
        "enable_visualize": false
      }
    }
  ]
}
