{
  "name": "甲虫",
  "icon": "mysticalworld:carapace",
  "category": "creatures",
  "flag": "roots:beetle",
  "pages": [
    {
      "type": "animal_spawn_info",
      "animal": "beetle",
      "breed": "繁殖物品：西瓜。",
      "tame": "驯服物品：西瓜种子。",
      "blurb": "空手对甲虫潜行右击能将它们放在你的肩膀上！"
    },
    {
      "type": "entity",
      "name": "甲虫",
      "entity": "mysticalworld:entity_beetle",
      "scale": 1.5,
      "offset": -0.3,
      "text": "再次空手潜行右击能放它们下来。"
    }
  ]
}
