{
  "name": "熔岩猫",
  "icon": "minecraft:lava_bucket",
  "category": "creatures",
  "flag": "roots:lava_cat",
  "pages": [
    {
      "type": "animal_spawn_info",
      "animal": "lava_cat",
      "breed": "繁殖物品：烈焰粉。",
      "tame": "驯服物品：烈焰棒。",
      "blurb": "泡水后它们会变成黑曜石猫！"
    },
    {
      "type": "entity",
      "name": "熔岩猫",
      "entity": "mysticalworld:entity_lava_cat",
      "scale": 0.5,
      "offset": -0.3,
      "text": "相应的，让黑曜石猫泡进熔岩能把它们变回去。"
    }
  ]
}
