{
  "name": "鱿鱼",
  "icon": "minecraft:dye:0",
  "category": "creatures",
  "pages": [
    {
      "type": "animal_spawn_info",
      "animal": "squid",
      "breed": "繁殖物品：无法繁殖。",
      "tame": "驯服物品：无法驯服。",
      "blurb": "对鱿鱼使用玻璃瓶能得到墨水！"
    },
    {
      "type": "entity",
      "name": "鱿鱼",
      "entity": "minecraft:squid",
      "scale": 0.5,
      "offset": -0.65,
      "text": "烹饪后的鱿鱼须也是一道佳肴！"
    }
  ]
}
