{
	"name": "骨头",
	"category": "tools",
	"icon": "minecraft:bone",
	"pages": [
		{
			"type": "spotlight",
			"item": "minecraft:bone",
			"text": "完好无损的旧骨头，从狩猎骷髅中收集。不是很好的工具，但可以在打击敌人时分裂以造成额外伤害。"
		},
		{
			"type": "crafting",
			"recipe": "craftandhunt:bone_sword"
		},
		{
			"type": "crafting",
			"recipe": "craftandhunt:bone_axe"
		},
		{
			"type": "crafting",
			"recipe": "craftandhunt:bone_shovel"
		},
		{
			"type": "crafting",
			"recipe": "craftandhunt:bone_pickaxe"
		},
		{
			"type": "crafting",
			"recipe": "craftandhunt:bone_hoe"
		}
	]
}