{
    "name": "魔法植物学",
    "icon": "minecraft:oak_sapling",
    "category": "intro",
    "pages": [
        {
            "type": "text",
            "text": "就像很多读者可能意识到的一样，在$(item)植物学$()这个研究$(thing)植物$()的学科中有很多研究方向。过去，很多植物学家都潜心于研究植物魔法属性的花朵形式，像是奇特又纯白的雏菊。$(br)然而，植物学不止于此，特别是$(item)魔法植物学$()，不仅因为自然还有更多区区花朵以外的东西可以研究，"
        },
        {
            "type": "text",
            "text": "更因为很有可能有更强大的事物，未被世界所认知。$(br)当一个人成为了植物学家，并开始学习树和花之类植物造成的影响，他就会偶遇到看似熟悉，但在内核上完全不同的自然机制。学习和解明这些机制是魔法植物学的目标。"
        }
    ]
}
