{
  "name": "Amadron 平板",
  "icon": "pneumaticcraft:amadron_tablet",
  "category": "tools",
  "advancement": "pneumaticcraft:plastic",
  "pages": [
    {
      "type": "text",
      "text": "$(item)Amadron 平板/$是一个可用于$(thing)订购/$物品或流体的物品，而被订购的物品或流体是由$(l:tools/drone)无人机/$所配送的。$(p)要进行订购，需要通过使用平板$(thing)右击/$一个容器和/或一个流体储罐以将其绑定。绑定后的容器/储罐将被用于支付款项以及接收货物。"
    },
    {
      "type": "text",
      "text": "购买界面足够智能，可以通过观测绑定的容器/储罐以指出现可购买的货物。订购$(ttcolor)$(t:这里的货物可以为物品或流体)货物/$时，$(thing)无人机/$将会生成以获取支付款项。支付后，另一个$(thing)无人机/$将会派送订购的货物。$(p)这可以用于订购无法以其余方式获取的物品，例如$(l:components/pcb_blueprint)印刷电路板蓝图/$和$(l:manufacturing/assembly_programs)装配程序/$。其同时添加了一些随机的$(thing)村民交易/$；这些交易每天被刷新。"
    },
    {
      "type": "text",
      "title": "玩家对玩家的交易",
      "text": "点击$(bold)自定义玩家交易/$按钮（位于$(bold)自定义交易/$标签页）可以使用你自己的货物与其余玩家进行交易。在交易界面中可以在左侧选择售卖的货物，在右侧选择购买的货物。可以在文本框中输入交易量。"
    },
    {
      "type": "text",
      "text": "同样可以在界面中设置提供货物与收取货物的位置。需要使用（定位至正确位置的）$(l:tools/gps_tool)定位工具/$。$(p)若在此不设置自定义位置，（在一般贸易中使用的）默认位置将会被使用。"
    },
    {
      "type": "text",
      "text": "完成所有设置后，$(bold)添加交易/$按钮将可以被点击。这一交易将对其余玩家可见，像普通交易一样。$(p)重要的一点是，库存并非无限的：需要像存储售出货物的容器或储罐输入货物。$(thing)无人机/$将会来收取货物；收取完成后，库存量将会被增加。自定义交易的库存量将显示于 $(item)Amadron 平板/$的界面中。"
    },
    {
      "type": "text",
      "text": "其余玩家可以进行小于库存量次数的交易。当玩家进行你所设置的贸易时，（若你在线）将会有信息提示；$(thing)无人机/$将会派送付款。交易完成："
    },
    {
      "type": "text",
      "text": "$(thing)潜行右击/$自己创建的交易会将其移除，而 Amadron 将会试图将货物返还至其来源容器或储罐。$(p)$(bold)警告：/$Amadron 并不对无法由于返还失败导致的货物损失负责！"
    },
    {
      "type": "crafting",
      "text": "Amadron 平板的合成表",
      "recipe": "pneumaticcraft:amadron_tablet"
    }
  ]
}