{
  "name": "无人机",
  "icon": "pneumaticcraft:drone",
  "category": "tools",
  "advancement": "pneumaticcraft:printed_circuit_board",
  "pages": [
    {
      "type": "text",
      "text": "无人机是强大的可以用于各种自动化的飞行机器。其需要被编程才能进行工作；要做到这一点同样需要$(l:programming/programmer)编程器/$与一些$(l:programming/puzzle_pieces)编程拼图/$。$(p)放置下已编程并$(l:base_concepts/pressure)有压力的/$无人机时，其将执行所编程的任务。"
    },
    {
      "type": "entity",
      "entity": "pneumaticcraft:drone",
      "offset": -0.3
    },
    {
      "type": "text",
      "title": "自动充气",
      "text": "无人机很聪明：压力过低时其将会寻找在同一维度内的安装有$(l:base_concepts/upgrades#dispenser)发射器升级/$的$(l:machines/charging_station)充气站/$。这有限域目前执行的程序。$(p)找到充气站后，$(item)无人机/$将前往该$(item)充气站/$充气，直到充气站无法再提供供其为止。此后，$(item)无人机/$将继续原有的程序。"
    },
    {
      "type": "text",
      "title": "自动充气（续）",
      "text": "在多人服务器上你也许想要只允许自己的无人机在自己的充气站充气。可以通过把$(item)充气站/$放置在$(l:machines/security_station)安全站/$的保护范围内使其变为私有的。$(p)此时，只有由该$(item)安全站/$白名单中的玩家放置的$(item)无人机/$被允许在该充气站充气。."
    },
    {
      "type": "text",
      "text": "$(item)无人机/$耗尽空气后，其将会关闭螺旋桨，并直接落在地面上。记住：此时无人机将受到掉落伤害！被摧毁的$(item)无人机/$将会以物品形式掉落其自身。$(p)可以通过与$(item)染料/$合成来对$(item)无人机/$染色。同样可以在放置下无人机后使用$(item)染料/$右击染色。该染色对无人机没有实质影响，但可以帮助你一眼分辨无人机。"
    },
    {
      "type": "text",
      "title": "Debugging",
      "text": "呃，为什么$(item)无人机/$的工作成来这个样子？为什么它根本不工作？可以使用安装有$(l:base_concepts/upgrades#dispenser)发射器升级/$和$(l:base_concepts/upgrades#entity_tracker)实体追踪器升级/$的$(l:armor/pneumatic_helmet)气动头盔/$调试你的程序。当$(thing)实体追踪器/$启用且$(item)无人机/$被作为目标时，按下 $(thing)$(k:pneumaticcraft.helmet.debugging.drone)/$ 键。"
    },
    {
      "type": "crafting",
      "text": "无人机的合成表",
      "recipe": "pneumaticcraft:drone"
    }
  ]
}
