{
  "name": "定位工具",
  "icon": "pneumaticcraft:gps_tool",
  "category": "tools",
  "advancement": "pneumaticcraft:plastic",
  "pages": [
    {
      "type": "text",
      "text": "$(item)定位工具/$在$(thing)右击/$时存储坐标。坐标数据在$(pncr)中的好几处被用到；见下页。$(p)使用$(item)定位工具/$$(thing)右击/$空气以打开配置界面，在此可以直接调整存储的坐标。$(p)手持$(item)定位工具/$以将定位的方块高亮。"
    },
    {
      "type": "relations",
      "entries": [
        "machines/air_cannon",
        "machines/universal_sensor",
        "programming/programmer",
        "tools/amadron_tablet"
      ],
      "text": "使用$(item)定位工具/$的机器与工具。"
    },
    {
      "type": "text",
      "anchor": "variables",
      "title": "与全局变量链接Linking Global Variables",
      "text": "$(l:programming/variables#global)全局变量/$是一项高级的$(l:base_concepts/drone)无人机/$特性，可以通过$(l:programming/coordinate_operator)坐标运算符/$访问。$(p)使用$(item)定位工具/$$(thing)右击/$空气打开配置界面，在此可以输入一个全局变量名。$(p)此后，选中的$(thing)全局变量/$将随着$(item)定位工具/$所选的坐标变化而对应变化。这可以用于编写使用动态区域的$(thing)无人机程序/$。"
    },
    {
      "type": "crafting",
      "text": "定位工具的合成表",
      "recipe": "pneumaticcraft:gps_tool"
    }
  ]
}
