{
  "name": "区域定位工具",
  "icon": "pneumaticcraft:gps_area_tool",
  "category": "tools",
  "advancement": "pneumaticcraft:plastic",
  "pages": [
    {
      "type": "text",
      "text": "$(item)区域定位工具/$为$(l:tools/gps_tool)定位工具/$的高级版本，介于其可以存储$(italic)两/$个坐标。$(thing)左击/$方块（或空气）更改定位点 1，$(thing)右击/$更改定位点 2。$(thing)右击/$或$(thing)左击/$空气以打开配置界面，在此可以直接调整定位点。此外，可以更改$(thing)区域类型/$，允许你预览不同配置下的区域。"
    },
    {
      "type": "text",
      "text": "像更为基础的$(l:gps_tool#variables)定位工具/$一样，$(item)区域定位工具/$支持$(l:programming/variables#global)全局变量/$。$(p)在$(l:programming/programmer)编程器/$中，使用$(item)区域定位工具/$$(thing)左击/$空白的编程区域以创建$(l:programming/area)区域/$拼图，$(thing)左击/$已有的$(l:programming/area)区域/$拼图以将其覆盖。"
    },
    {
      "type": "crafting",
      "text": "区域定位工具的合成表",
      "recipe": "pneumaticcraft:gps_area_tool"
    }
  ]
}
