{
  "name": "收割无人机",
  "icon": "pneumaticcraft:harvesting_drone",
  "category": "tools",
  "advancement": "pneumaticcraft:pressure_chamber",
  "pages": [
    {
      "type": "text",
      "text": "$(item)收割无人机/$是一类特化的不可被编程的$(l:tools/drone)无人机/$，执行$(l:programming/harvest)收割作物/树木/$操作。操作范围为以所放置处为中心的 17x17x17 的立方体。无人机$(italic)不会/$拾取掉落物。$(p)与其余无人机类似，物流无人机需要$(l:base_concepts/pressure)空气/$才可运行，且在压力不足时将自动找寻$(l:machines/charging_station)充气站/$。"
    },
    {
      "type": "entity",
      "entity": "pneumaticcraft:harvesting_drone",
      "offset": -0.3
    },
    {
      "type": "text",
      "title": "使用工具",
      "text": "若$(thing)潜行右击/$（仅）含有任意种类的$(item)锄/$的容器以放置下$(item)收获无人机/$，无人机将会使用其中的锄自动补种作物，并在没有锄时不试图工作。若不需要补种，只需右击其余方块以放置无人机。"
    },
    {
      "type": "crafting",
      "text": "注：收割无人机似乎可以在没有斧的情况下砍树；真是优秀。",
      "recipe": "pneumaticcraft:harvesting_drone"
    }
  ]
}
