{
  "name": "微型导弹",
  "icon": "pneumaticcraft:micromissiles",
  "category": "tools",
  "advancement": "pneumaticcraft:printed_circuit_board",
  "pages": [
    {
      "type": "text",
      "text": "$(item)微型导弹/$为小型手持导弹，具有爆炸性弹头与智能目标追踪功能。要发射$(item)微型导弹/$，只需使用导弹筒$(thing)右击/$。默认情况下，每个导弹筒装载有 100 枚导弹。$(p)微型导弹在自身 24 格范围内（球形范围）寻找目标。找到可行目标后，导弹将指向该目标。"
    },
    {
      "type": "entity",
      "entity": "pneumaticcraft:micromissile",
      "offset": "-0.3",
      "text": "$(italic)小，但致命/$"
    },
    {
      "type": "text",
      "text": "$(item)微型导弹/$不会以发射者与属于发射者的实体（如其宠物和无人机）为目标。但需要注意近旁爆炸导致的连带伤害：并不建议将微型导弹用于近战！$(p)$(item)微型导弹/$的目标可以为生物、矿车和船，但部位物品实体和船等非生物实体。"
    },
    {
      "type": "text",
      "text": "若$(item)微型导弹/$击中实体或方块，其将立刻爆炸。$(ttcolor)$(t:见配置文件中的 'B:damageTerrain')默认情况下/$，爆炸并不破坏地形。$(p)$(item)微型导弹/$具有一定的运行时长。$(ttcolor)$(t:见配置文件中的 'I:missileLifetime')默认情况下/$，该值为 300 刻（15 秒）。此后，导弹将耗尽燃料并下落，但在触及地面时仍会爆炸。"
    },
    {
      "type": "text",
      "text": "若开火时指向可行的实体，发射出的$(item)微型导弹/$将立刻锁定该实体，无论附近是否有更仅的实体。$(p)使用导弹筒$(thing)潜行右击/$将打开配置界面，以便配置下列导弹属性：$(li)三角选择框处可以调节最高速度、转向速率和爆炸威力的平衡。"
    },
    {
      "type": "text",
      "text": "$(li)可以在$(thing)智能/$模式和$(thing)定向/$模式间切换：在$(thing)智能/$模式下，导弹的行为如上述；在$(thing)定向/$模式下，导弹将沿直线飞行，但将具有更高的速度与伤害。$(li)可以在$(bold)实体过滤/$处填写$(l:base_concepts/entity_filter)实体过滤器/$以指定可行目标。"
    },
    {
      "type": "text",
      "text": "$(li)按下$(bold)保存为默认值/$按钮后，当前设定将被保存，并应用于所有新合成的微型导弹。注：默认设置被存储在服务端。"
    },
    {
      "type": "crafting",
      "recipe": "pneumaticcraft:micromissiles",
      "text": "微型导弹的合成表"
    }
  ]
}