{
  "name": "加特林机枪",
  "icon": "pneumaticcraft:minigun",
  "category": "tools",
  "advancement": "pneumaticcraft:pressure_tube",
  "pages": [
    {
      "type": "text",
      "text": "$(item)加特林机枪/$为手持武器，消耗$(l:base_concepts/pressure)压缩空气/$与$(l:tools/minigun_ammo)机枪弹药/$以工作。弹药需要被装填至$(l:tools/minigun_ammo#magazine)机枪的弹夹/$中——不会自动从玩家物品栏消耗弹药。$(p)要开火，只需长按$(thing)右键/$。枪管将开始旋转，并在到达所需速度时立刻开始开火。"
    },
    {
      "type": "text",
      "title": "Upgrading",
      "text": "$(item)加特林机枪/$的很多功能（如启动速度、攻击范围、药水生效概率）可以在$(l:machines/charging_station)充气站/$中调节。$(p)不同升级的具体效应可在充气站的升级界面中找到。"
    },
    {
      "type": "crafting",
      "text": "加特林机枪的合成表",
      "recipe": "pneumaticcraft:minigun"
    }
  ]
}