{
  "name": "辰时 13",
  "icon": "elementaristics:symbol_harbinger",
  "category": "glory",
  "advancement": "elementaristics:progress_glory",
  "sortnum": 13,
  "pages": [
    {
      "type": "text",
      "text": "$(o)\"先知自漫漫长夜中诞生了\u22EF\u22EF为此欢呼，亦或者就此沉默。最终，无人再敢忽视先知之语的重要性，他说，长夜要从此终结，长夜就此而最先出现。\"$()"
    },
    {
      "type": "spotlight",
      "title": "印记",
      "item": "elementaristics:symbol_harbinger",
      "text": "他的印记的制作需要将$(item)黑夜源质$()放入$(l:glory/entry_rite_glorious)神耀仪式$()中。$(br)激活后，神性将会从黑夜中召唤出怪物，这一过程将会消耗大量OE。",
      "link_recipe": true
    },
    {
      "type": "crafting",
      "recipe": "elementaristics:recipe_essence_night",
      "text": "需要注意的是，这一源质不是真正意义上的源质，譬如$(marked)森林源质$(); 然而，它是利用先知的力量的关键手段。"
    }
  ]
}