{
  "name": "等级 1 存储稳定器",
  "icon": "occultism:storage_stabilizer_tier1",
  "category": "occultism:rituals/crafting",
  "sortnum": 24,
  "pages": [
    {
      "type": "spotlight",
      "item": "occultism:storage_stabilizer_tier1",
      "text": "这种简单的存储稳定器里栖息着一只$(thing)魔精$()，它支撑住维度矩阵并维持存储维度的稳定性，从而使存储维度能存放更多物品。"
    },
    {
      "type": "occultism:ritual",
      "recipe": "occultism:ritual/craft_stabilizer_tier1"
    }
  ]
}
