{
	"name": "熔盐裂变反应堆（未完成）",
	"icon": "nuclearcraft:salt_fission_controller",
	"category": "nuclearcraft:fission",
	"sortnum": 3,
	"pages": [
		{
			"anchor": "intro",
			"type": "text",
			"text": "熔盐裂变反应堆使用流体裂变燃料。反应产生的热量会被转化为熔盐冷却剂中的热量，而热的熔盐冷却剂可以在$(l:heat_exchanger/heat_exchanger#intro)热交换机$()中制造蒸汽。由于热交换机尚未完成，熔盐裂变反应堆目前并无作用。"
		}
	]
}
