{
  "name": "生物燃油发电机",
  "icon": "industrialforegoing:biofuel_generator",
  "category": "generators",
  "sortnum": 3,
  "read_by_default": true,
  "pages": [
    {
      "type": "text",
      "text": "一台能通过使用$(l:generators/biofuel)生物燃油$()产出$(6)160$()RF/t电量的发电机。$(br2)生物燃油发电机是高效的，所以在机器内部能量满了以后，燃料消耗就会停止。"
    },
    {
      "type": "crafting",
      "recipe": "industrialforegoing:biofuel_generator"
    }
  ]
}