{
  "name": "震天雷击系列",
  "icon": "thermal:lightning_tnt",
  "read_by_default": true,
  "flag": "mod:thermal_innovation",
  "category": "thermal:explosives",

  "pages": [
    {
      "type": "text",

      "text": "震天雷击系列的爆炸物会在爆炸范围内倾注一道道闪电并使波及到的生物受到$(l:thermal:world/mobs/blitz)震荡 II$(/l) 效果。方块型的炸药与物品型的可投掷炸弹分别具有 9 格及 5 格的爆炸半径。"

    },
    {
      "type": "crafting",
      "recipe": "thermal:lightning_tnt",
      "recipe2": "thermal:lightning_grenade_4"


    },
    {
      "flag": "&mod:thermal_innovation,mod:thermal_locomotion",
      "type": "crafting",
      "recipe": "thermal:lightning_tnt_minecart",
      "title": "震天雷击炸药矿车"


    }
  ]

}