{
  "name": "弹力黏着系列",
  "icon": "thermal:slime_tnt",
  "read_by_default": true,
  "flag": "mod:thermal_innovation",
  "category": "thermal:explosives",
  "pages": [
    {
      "type": "text",
      "text": "弹力黏着系列的爆炸物会击退受到波及的所有生物与玩家，炸得他们满身黏糊，并对其施加黏着效果，使生物和玩家可以在不仅限于黏液块的任何表面上进行弹跳。方块型的炸药与物品型的可投掷炸弹分别具有 9 格及 5 格的爆炸半径。"
    },
    {
      "type": "crafting",
      "recipe": "thermal:slime_tnt",
      "recipe2": "thermal:slime_grenade_4"
    },
    {
      "flag": "&mod:thermal_innovation,mod:thermal_locomotion",
      "type": "crafting",
      "recipe": "thermal:slime_tnt_minecart",
      "title": "弹力黏着炸药矿车"
    }
  ]
}