{
  "processor": "epicsquid.roots.integration.patchouli.BarkRecipeProcessor",
  "components": [
    {
      "type": "item",
      "item": "#input1",
      "framed": false,
      "x": 45,
      "y": 19
    },
    {
      "type": "item",
      "item": "#output1",
      "framed": false,
      "x": 81,
      "y": 19
    },
    {
      "type": "item",
      "item": "#input2",
      "framed": false,
      "x": 45,
      "y": 43
    },
    {
      "type": "item",
      "item": "#output2",
      "framed": false,
      "x": 81,
      "y": 43
    },
    {
      "type": "item",
      "item": "#input3",
      "framed": false,
      "x": 45,
      "y": 67
    },
    {
      "type": "item",
      "item": "#output3",
      "framed": false,
      "x": 81,
      "y": 67
    },
    {
      "type": "item",
      "item": "#input4",
      "framed": false,
      "x": 45,
      "y": 91
    },
    {
      "type": "item",
      "item": "#output4",
      "framed": false,
      "x": 81,
      "y": 91
    },
    {
      "type": "item",
      "item": "#input5",
      "framed": false,
      "x": 45,
      "y": 115
    },
    {
      "type": "item",
      "item": "#output5",
      "framed": false,
      "x": 81,
      "y": 115
    },
    {
      "type": "image",
      "image": "roots:textures/gui/patchouli/elements3.png",
      "x": 14,
      "y": 15,
      "u": 99,
      "v": 0,
      "width": 88,
      "height": 120
    },
    {
      "type": "header",
      "text": "#name",
      "x": -1,
      "y": 0
    }
  ]
}