
{
  "processor": "epicsquid.roots.integration.patchouli.MortarRecipeProcessor",
  "components": [
    {
      "type": "item",
      "item": "#item1",
      "framed": false,
      "x": 8,
      "y": 20
    },
    {
      "type": "item",
      "item": "#item2",
      "framed": false,
      "x": 27,
      "y": 20
    },
    {
      "type": "item",
      "item": "#item3",
      "framed": false,
      "x": 46,
      "y": 20
    },
    {
      "type": "item",
      "item": "#item4",
      "framed": false,
      "x": 65,
      "y": 20
    },
    {
      "type": "item",
      "item": "#item5",
      "framed": false,
      "x": 84,
      "y": 20
    },
    {
      "type": "item",
      "item": "#result",
      "link_recipe": true,
      "framed": false,
      "x": 84,
      "y": 45
    },
    {
      "type": "image",
      "image": "roots:textures/gui/patchouli/elements.png",
      "x": 4,
      "y": 16,
      "u": 84,
      "v": 0,
      "width": 100,
      "height": 51
    },
    {
      "type": "header",
      "text": "臼合成",
      "x": -1,
      "y": 0
    },
    {
      "type": "text",
      "text": "#text",
      "x": 0,
      "y": 80
    }
  ]
}