
{
  "processor": "epicsquid.roots.integration.patchouli.RunicCarvingDoubleRecipeProcessor",
  "components": [
    {
      "type": "item",
      "item": "#block1",
      "framed": false,
      "x": 20,
      "y": 37
    },
    {
      "type": "item",
      "item": "#rune1",
      "link_recipe": true,
      "framed": false,
      "x": 80,
      "y": 37
    },
    {
      "type": "item",
      "item": "#herb1",
      "framed": false,
      "x": 51,
      "y": 18
    },
    {
      "type": "item",
      "item": "#block2",
      "framed": false,
      "x": 20,
      "y": 80
    },
    {
      "type": "item",
      "item": "#rune2",
      "link_recipe": true,
      "framed": false,
      "x": 80,
      "y": 80
    },
    {
      "type": "item",
      "item": "#herb2",
      "framed": false,
      "x": 51,
      "y": 61
    },
    {
      "type": "image",
      "image": "roots:textures/gui/patchouli/elements3.png",
      "x": 16,
      "y": 13,
      "u": 126,
      "v": 120,
      "width": 84,
      "height": 100
    },
    {
      "type": "header",
      "text": "#name",
      "x": -1,
      "y": 0
    },
    {
      "type": "text",
      "text": "#text",
      "x": 0,
      "y": 63
    }
  ]
}
