
{
  "processor": "epicsquid.roots.integration.patchouli.RunicShearsRecipeProcessor",
  "components": [
    {
      "type": "item",
      "item": "#itemIn",
      "framed": false,
      "x": 20,
      "y": 18
    },
    {
      "type": "item",
      "item": "#itemOut",
      "link_recipe": true,
      "framed": false,
      "x": 80,
      "y": 18
    },
    {
      "type": "image",
      "image": "roots:textures/gui/patchouli/elements.png",
      "x": 16,
      "y": 14,
      "width": 84,
      "height": 24
    },
    {
      "type": "header",
      "text": "#name",
      "x": -1,
      "y": 0
    },
    {
      "type": "text",
      "text": "#text",
      "x": 0,
      "y": 44
    }
  ]
}