
{
  "processor": "epicsquid.roots.integration.patchouli.SpellRecipeProcessor",
  "components": [
    {
      "type": "item",
      "item": "#item1",
      "framed": false,
      "x": 8,
      "y": 14
    },
    {
      "type": "item",
      "item": "#item2",
      "framed": false,
      "x": 27,
      "y": 14
    },
    {
      "type": "item",
      "item": "#item3",
      "framed": false,
      "x": 46,
      "y": 14
    },
    {
      "type": "item",
      "item": "#item4",
      "framed": false,
      "x": 65,
      "y": 14
    },
    {
      "type": "item",
      "item": "#item5",
      "framed": false,
      "x": 84,
      "y": 14
    },
    {
      "type": "item",
      "item": "#result",
      "framed": false,
      "x": 84,
      "y": 39
    },
    {
      "type": "item",
      "item": "#cost1",
      "framed": false,
      "x": 51,
      "y": 78
    },
    {
      "type": "item",
      "item": "#cost2",
      "framed": false,
      "x": 51,
      "y": 102
    },
    {
      "type": "item",
      "item": "#cost3",
      "framed": false,
      "x": 51,
      "y": 126
    },
    {
      "type": "text",
      "text": "#cost1_text",
      "x": 72,
      "y": 81
    },
    {
      "type": "text",
      "text": "#cost2_text",
      "x": 72,
      "y": 106
    },
    {
      "type": "text",
      "text": "#cost3_text",
      "x": 72,
      "y": 130
    },
    {
      "type": "image",
      "image": "roots:textures/gui/patchouli/elements.png",
      "x": 4,
      "y": 10,
      "u": 84,
      "v": 0,
      "width": 100,
      "height": 146
    },
    {
      "type": "header",
      "text": "配方 & 施放消耗",
      "x": -1,
      "y": 0
    }
  ]
}