{
  "name": "气动胸甲",
  "icon": "pneumaticcraft:pneumatic_chestplate",
  "category": "armor",
  "advancement": "pneumaticcraft:printed_circuit_board",
  "pages": [

    {
      "type": "text",
      "text": "$(item)气动胸甲/$是四件$(thing)气动盔甲/$中的一件。$(p)相较于其余三件，其具有更大的$(base_concepts/pressure)空气容量/$。"
    },
    {
      "type": "crafting",
      "recipe": "pneumaticcraft:pneumatic_chestplate",
      "text": "气动胸甲的合成表"
    },
    {
      "type": "spotlight",
      "item": "pneumaticcraft:security_upgrade",
      "text": "安装$(l:base_concepts/upgrades#security)安全升级/$后，气动护甲提供对火和熔岩伤害的保护，但这将消耗大量空气：空气将被迅速泵出以扑灭火焰并保持冷却。附近的熔岩甚至会缓慢凝固。"
    },
    {
      "type": "spotlight",
      "flag": "mod:immersiveengineering",
      "title": "沉浸工程",
      "item": "immersiveengineering:wirecoil",
      "text": "$(item)安全升级/$同时提供对$(l:https://www.curseforge.com/minecraft/mc-mods/immersive-engineering)沉浸工程/$的未绝缘导线的防护；玩家将对这些导线造成的伤害免疫，但这需要消耗空气，耗量正比于所造成的伤害。然而，安全升级并不防止所造成的击退。"
    },
    {
      "type": "spotlight",
      "item": "pneumaticcraft:magnet_upgrade",
      "text": "安装一个或多个$(l:base_concepts/upgrades#magnet)磁铁升级/$后，附近的物品和经验球将被吸引，同时消耗少量空气。基础吸引范围为 5 格，但可以通过安装更多升级提升至最大 10 格。"
    },
    {
      "type": "text",
      "title": "磁铁升级（续）",
      "text": "磁铁升级的效应受植物魔法的$(item)弱磁兰/$影响，并不会试图从沉浸工程的$(item)传送带/$上取走物品。"
    },
    {
      "type": "spotlight",
      "item": "pneumaticcraft:charging_upgrade",
      "text": "安装一个或多个$(l:base_concepts/upgrades#charging)充气升级/$后，气动胸甲可以对物品栏中（包括盔甲栏）的物品充气。更多的充气升级提升充气速率。"
    },
    {
      "type": "spotlight",
      "item": "pneumaticcraft:dispenser_upgrade",
      "text": "安装$(l:base_concepts/upgrades#dispenser)发射器升级/$后，长按 $(thing)$(k:pneumaticcraft.chestplate.launcher)/$ 键可以将副手上的物品发射，类似于使用$(l:machines/air_cannon)空气炮/$。发射器充能需要 15 刻（0.75 秒）；提前释放发射键将减低发射速度。"
    },
    {
      "type": "text",
      "title": "发射器升级（续）",
      "text": "$(li)部分物品与方块在发射时具有$(item)发射器/$式的特殊行为，例如 $(item)TNT/ 和$(item)箭/$。$(li)其余方块（如$(item)火把/$)将以“旋转”着的方块的样式发射，并在击中点还原为方块。$(li)其余物品仅以物品实体的形式发射。"
    },
    {
      "type": "spotlight",
      "item": "pneumaticcraft:air_conditioning_upgrade",
      "flag": "mod:toughasnails",
      "title": "空调升级",
      "text": "安装最多 4 个$(l:base_concepts/upgrades#air_conditioning)空调升级/$后，将获得对于在$(l:https://www.curseforge.com/minecraft/mc-mods/tough-as-nails)意志坚定/$模组下的极端温度的保护。空调功能在体温偏离正常值时自动启动，在体温恢复正常值时自动关闭。"
    },
    {
      "type": "text",
      "flag": "mod:toughasnails",
      "title": "空调升级（续）",
      "text": "然而，这一功能具有中等的空气消耗，取决于温度调节的幅度与安装的升级数目。根据工作环境的不同，有时并不需要所有 4 个升级就可维持正常。"
    }
  ]
}