{
    "name": "Helicopter",
    "icon": "simpleplanes:helicopter",
    "category": "simpleplanes:intro",
    "pages": [
        {
            "type": "text",
            "text": "It can fit two passengers (or a large upgrade instead of second passenger). You need an engine to power it."
        },
        {
            "type": "entity",
            "entity": "simpleplanes:helicopter",
            "scale": 0.4
        },
        {
            "type": "simpleplanes:plane_recipe",
            "item1": "simpleplanes:propeller#2",
            "item2": "minecraft:oak_planks#7",
            "output": "simpleplanes:helicopter"
        }
    ]
}