{
  "name": "仪式中使用物品",
  "icon": "minecraft:flint_and_steel",
  "category": "occultism:rituals",
  "sortnum": 1,
  "pages": [
    {
      "type": "text",
      "text": "一些仪式的进行需要使用特定物品。具体的物品请参阅不同仪式的页面，使用位置需要在黄金献祭之碗的 16 格内。$(br2)重要事项：使用物品前，先开始仪式。灰色粒子表明仪式已经准备好，可以使用物品。"
    },
    {
      "type": "empty",
      "draw_filler": false
    }
  ]
}
