{
  "name": "船舶转角导轨",
  "icon": "littlelogistics:guide_rail_corner",
  "category": "littlelogistics:blocks",
  "pages": [
    {
      "type": "patchouli:crafting",
      "recipe": "littlelogistics:guide_rail_corner",
      "text": "在急转弯处协助船舶转向，应在水道入口或狭窄水道的急转弯处使用（例如码头）。对拖船和驳船均有效。潜行时右击以改变方向。"
    },
    {
      "type": "patchouli:text",
      "text": "其上不允许有完整方块（石头、木板一类不行，栅栏、告示牌可以）。"
    }
  ]
}