{
  "name": "紫砺",
  "icon": "buddycards:zylex",
  "category": "buddycards:enderlings",
  "sortnum": 1,
  "pages": [
    {
      "type": "text",
      "text": "末影小贩使用紫砺进行交易，这是一种只有末影人才能获得的极其稀有的材料。不像成年末影人，这些末影小贩很乐意拿它来交易。$(br2)紫砺是一种奇特的材料，用它制作东西非常困难，你几乎只能用它来制作紫砺块和代币。"
    },
    {
      "type": "crafting",
      "recipe": "buddycards:zylex",
      "recipe2": "buddycards:zylex_block"
    }
  ]
}