{
  "name": "火灵灵髓",
  "icon": "occultism:afrit_essence",
  "category": "occultism:rituals/summoning",
  "sortnum": 40,
  "pages": [
    {
      "type": "text",
      "text": "火灵灵髓是安全召唤更强魔灵的必须物质，常用于红色粉笔的合成中。要获得这一灵髓，需要在本位面中不进行约束地召唤一只火灵，然后杀掉它。注意，这并不是简单的任务，因为一只未约束的魔灵能为周围带来极大危险。"
    },
    {
      "type": "occultism:ritual",
      "recipe": "occultism:ritual/summon_wild_afrit"
    }
  ]
}

