{
  "name": "魔精搬运工",
  "icon": "minecraft:minecart",
  "category": "occultism:rituals/summoning",
  "sortnum": 13,
  "pages": [
    {
      "type": "text",
      "text": "搬运工会将一个容器/机器内它能拿到的所有物品移动到另一个容器/机器。此外，它还能将物品放到其他魔灵的物品栏。通过设置抽取和输入的面，它们能进行多种自动化传输任务。"
    },
    {
      "type": "occultism:ritual",
      "recipe": "occultism:ritual/summon_foliot_transport_items"
    }
  ]
}

