{
  "name": "区域",
  "icon": "pneumaticcraft:textures/items/progwidgets/area_piece.png",
  "category": "widget_other",
  "advancement": "pneumaticcraft:programmer",
  "pages": [
    {
      "type": "text",
      "text": "$(thing)区域/$拼图仅用作其余拼图的参数，用于指定其将在哪个区域（可以只有一个方块）执行。要使用该拼图，需要$(l:tools/gps_tool)定位工具/$和/或$(l:tools/gps_area_tool)区域定位工具/$。$(p)一般有两种方法设置区域拼图："
    },
    {
      "type": "text",
      "text": "1. 在$(l:programmming/programmer)编程器/$中$(thing)右击/$区域拼图以打开配置界面，并在此处配置。可以使用两个$(thing)GPS/$按钮（点击后显示另一界面，在其中从你的物品栏选取定位工具）以配置区域的范围，并通过下方的单选框选择$(thing)区域类型/$以及配套的参数。"
    },
    {
      "type": "text",
      "text": "2. 在世界中配置$(l:tools/gps_tool)定位工具/$或$(l:tools/gps_area_tool)区域定位工具/$。在$(l:programming/programmer)编程器/$界面中可以：$(li)使用$(item)（区域）定位工具/$$(thing)左击/$已有的$(thing)区域/$拼图以将定位工具内的设置复制到拼图中$(li)使用$(item)定位工具/$$(thing)左击/$空白的编程区域以创建一个$(l:programming/coordinate)坐标/$拼图$(li)使用$(item)定位工具/$ $(thing)Shift 左击/$空白的编程区域以创建一个$(thing)区域/$拼图$(li)使用$(item)区域定位工具/$$(thing)左击/$空白的编程区域以创建一个$(thing)区域/$拼图"
    },
    {
      "type": "text",
      "text": "3. 高级选项：可以使用$(thing)变量/$，正如$(l:programming/coordinate_operator)坐标算子/$所创建的一样。变量只在$(l:programming/programmer)编程器/$的$(thing)高级/$模式下可用；在定位按键之外，下拉菜单选择在调整模式后将会出现。可以在此选择已知的变量名，此后该区域拼图的对应角落将会使用该变量对应的位置。"
    },
    {
      "type": "image",
      "images": [
        "pneumaticcraft:textures/items/progwidgets/area_piece.png"
      ],
      "text": "$(italic)区域/$"
    }
  ]
}