{
  "name": "右击方块",
  "icon": "pneumaticcraft:textures/items/progwidgets/block_right_click_piece.png",
  "category": "widget_interact",
  "advancement": "pneumaticcraft:programmer",
  "pages": [
    {
      "type": "text",
      "text": "无人机将会对指定$(l:programming/area)区域/$内的每一个方块使用其物品栏内第一个物品$(thing)右击/$。这可以用来锄地，种下种子，施加骨粉，投掷药水，部署无人机，使用扳手旋转方块等……用它可以做到的可能性是无穷的。你可以通过放置一个指示某方块的$(l:programming/item_filter)物品过滤器/$来指定哪些方块应当被$(thing)右击/$。"
    },
    {
      "type": "text",
      "text": "你可以用它来放置一般的方块.但$(italic)并不/$推荐这么做，因为当无人机对一个已经有方块的位置执行右击时，其将会右击该方块，使得方块被放置在其$(italic)旁边/$而非替换掉该方块。$(p)因此，建议使用$(l:programming/place)放置/$放置方块。尽管如此，还是有一些情况下（例如种植$(item)种子/$）需要使用$(thing)右击方块/$。"
    },
    {
      "type": "image",
      "images": [
        "pneumaticcraft:textures/items/progwidgets/block_right_click_piece.png"
      ],
      "text": "$(italic)右击方块/$"
    }
  ]
}