{
  "name": "注释",
  "icon": "pneumaticcraft:textures/items/progwidgets/comment_piece.png",
  "category": "widget_other",
  "advancement": "pneumaticcraft:programmer",
  "pages": [
    {
      "type": "text",
      "text": "该拼图可用于向程序添加$(thing)注释/$，并无功能上的影响。使用不消耗$(l:programming/puzzle_pieces)编程拼图/$。"
    },
    {
      "type": "image",
      "images": [
        "pneumaticcraft:textures/items/progwidgets/comment_piece.png"
      ],
      "text": "$(italic)注释/$"
    }
  ]
}