{
  "name": "电脑控制",
  "icon": "pneumaticcraft:textures/items/progwidgets/computer_craft_piece.png",
  "category": "widget_other",
  "flag": "|mod:computercraft,mod:opencomputers",
  "advancement": "pneumaticcraft:programmer",
  "pages": [
    {
      "type": "text",
      "text": "$(thing)电脑控制/$拼图允许$(l:tools/drone)无人机/$被 $(thing)ComputerCraft/$ 或 $(thing)OpenComputers/$ 的电脑控制。欲知更多关于这一控制如何实现的信息，参见$(l:machines/drone_interface)无人机接口/$。"
    },
    {
      "type": "image",
      "images": [
        "pneumaticcraft:textures/items/progwidgets/computer_craft_piece.png"
      ],
      "text": "$(italic)电脑控制/$"
    }
  ]
}