{
  "name": "条件：物品过滤器",
  "icon": "pneumaticcraft:textures/items/progwidgets/condition_item.png",
  "category": "widget_cond",
  "advancement": "pneumaticcraft:programmer",
  "pages": [
    {
      "type": "text",
      "text": "这是一个$(l:programming/conditions)条件/$拼图。$(p)The $(thing)条件：物品过滤器/$允许你对$(l:programming/item_filter)物品过滤器/$进行比较。通常在处理带有$(l:programming/variables)变量/$的物品过滤器时会用到。$(p)该拼图检查上排右侧的$(l:programming/item_filter)物品过滤器/$指定的物品是否符合下排$(thing)物品过滤器/$。"
    },
    {
      "type": "text",
      "text": "和往常一样，右侧用作白名单（亦即物品要求符合该过滤），左侧用作黑名单（亦即物品要求$(italic)不/$符合该过滤）。若符合所有过滤，该条件执行为$(thing)真/$。否则，该条件执行为$(thing)假/$。"
    },
    {
      "type": "text",
      "text": "可以一次检查多个物品。在上排右侧连接多个$(l:programming/item_filter)物品过滤器/$时，条件只有在$(italic)所有/$物品符合过滤时执行为$(thing)真/$。此外，在上排左侧的$(l:programming/item_filter)物品过滤器/$要求$(italic)不/$符合过滤才能使条件执行为$(thing)真/$。"
    },
    {
      "type": "image",
      "images": [
        "pneumaticcraft:textures/items/progwidgets/condition_item.png"
      ],
      "text": "$(italic)条件：物品过滤器/$"
    }
  ]
}