{
  "name": "条件：流体",
  "icon": "pneumaticcraft:textures/items/progwidgets/condition_liquid_inventory_piece.png",
  "category": "widget_cond",
  "advancement": "pneumaticcraft:programmer",
  "pages": [
    {
      "type": "text",
      "text": "这是一个$(l:programming/conditions)条件/$拼图。$(p)$(thing)条件：流体/$条件：流体允许你（远程）检查指定$(l:programming/area)区域/$内的储罐或流体方块是否含有一定量的流体。只会对所连接的$(l:programming/liquid_filter)流体过滤器/$所允许的流体（如果没有，即允许所有流体）进行计量。"
    },
    {
      "type": "image",
      "images": [
        "pneumaticcraft:textures/items/progwidgets/condition_liquid_inventory_piece.png"
      ],
      "text": "$(italic)条件：流体/$"
    }
  ]
}