{
  "name": "条件：物品",
  "icon": "pneumaticcraft:textures/items/progwidgets/condition_item_inventory_piece.png",
  "category": "widget_cond",
  "advancement": "pneumaticcraft:programmer",
  "pages": [
    {
      "type": "text",
      "text": "这是一个$(l:programming/conditions)条件/$拼图。$(p)$(thing)条件：物品/$检查一个容器里是否有一定量的物品。其将会对所有匹配的物品（由连接的$(l:programming/item_filter)物品过滤器/$指定；不连接物品过滤器即所有物品都匹配）计数。"
    },
    {
      "type": "image",
      "images": [
        "pneumaticcraft:textures/items/progwidgets/condition_item_inventory_piece.png"
      ],
      "text": "$(italic)条件：物品/$"
    }
  ]
}