{
  "name": "条件：实体",
  "icon": "pneumaticcraft:textures/items/progwidgets/condition_entity_piece.png",
  "category": "widget_cond",
  "advancement": "pneumaticcraft:programmer",
  "pages": [
    {
      "type": "text",
      "text": "这是一个$(l:programming/conditions)条件/$拼图。$(p)$(thing)条件：实体/$允许对指定$(l:programming/area)区域/$内的实体计数。被计数的实体可以通过可选的作为$(l:base_concepts/entity_filter)实体过滤器/$的$(l:programming/text)文本/$过滤。"
    },
    {
      "type": "image",
      "images": [
        "pneumaticcraft:textures/items/progwidgets/condition_entity_piece.png"
      ],
      "text": "$(italic)条件：实体/$"
    }
  ]
}