{
  "name": "条件：红石",
  "icon": "pneumaticcraft:textures/items/progwidgets/condition_redstone_piece.png",
  "category": "widget_cond",
  "advancement": "pneumaticcraft:programmer",
  "pages": [
    {
      "type": "text",
      "text": "这是一个$(l:programming/conditions)条件/$拼图。$(p)$(thing)条件：红石/$允许你（远程）检查指定$(l:programming/area)区域/$内的方块是否被以特定的红石强度充能。"
    },
    {
      "type": "image",
      "images": [
        "pneumaticcraft:textures/items/progwidgets/condition_redstone_piece.png"
      ],
      "text": "$(italic)条件：红石/$"
    }
  ]
}