{
  "name": "合成",
  "icon": "pneumaticcraft:textures/items/progwidgets/craft_piece.png",
  "category": "widget_interact",
  "advancement": "pneumaticcraft:programmer",
  "pages": [
    {
      "type": "text",
      "text": "$(l:tools/drone)无人机/$将会使用其携带的物品合成物品。要指定合成表，在右侧以合成表的形式放置$(l:programming/item_filter)物品过滤器/$。$(p)不需要连接正好 9 个$(thing)物品过滤器/$；只要合成表被构建出来就可行。"
    },
    {
      "type": "text",
      "text": "合成拼图默认试图合成尽可能多的物品；这可以在配置界面内使用$(thing)使用计数/$限制。$(p)可能需要对$(item)无人机/$安装一些$(l:base_concepts/upgrades#dispenser)发射器升级/$来扩充其物品栏。"
    },
    {
      "type": "image",
      "images": [
        "pneumaticcraft:textures/items/progwidgets/craft_piece.png"
      ],
      "text": "$(italic)合成/$"
    }
  ]
}