{
  "name": "挖掘方块",
  "icon": "pneumaticcraft:textures/items/progwidgets/dig_piece.png",
  "category": "widget_interact",
  "advancement": "pneumaticcraft:programmer",
  "pages": [
    {
      "type": "text",
      "text": "$(l:tools/drone)无人机/$将挖掘/开采指定$(l:programming/area)区域/$内的方块。方块的掉落物$(italic)不会/$被$(item)无人机/$拾起。方块被挖掘的顺序与$(l:programming/place)放置/$拼图相近。与$(thing)放置/$拼图相同的，可以控制该区域是否应当被逐层挖掘（顶 -> 底，或底 -> 顶）。"
    },
    {
      "type": "text",
      "title": "使用工具",
      "text": "可以使$(item)无人机/$$(l:programming/inventory_import)输入/$镐/锹等以使其使用该工具。当$(item)无人机/$搭载有多种工具时，最合适的工具将被用于挖掘各个方块。$(p)可以通过勾选配置界面中的$(thing)需要挖掘工具/$选项以阻止无人机试图在无工具的情况下挖掘（这很慢）。"
    },
    {
      "type": "text",
      "title": "限制挖掘方块数量",
      "text": "挖掘操作的数目可以通过勾选配置界面中的$(thing)限制方块交互数/$并输入限制值限制至特定值。例如，如果设定为 1，$(item)无人机/$将只挖掘一个方块（无论区域内有多少方块）就结束执行本拼图。可以用于在挖掘特定量的方块过后检查工具的耐久度，并在其损毁之前修复。"
    },
    {
      "type": "text",
      "title": "过滤挖掘方块",
      "text": "最后，可以使用$(l:programming/item_filter)物品过滤器/$指定可以挖掘哪些方块。$(p)对于类似作物的方块，按照将其破坏时掉落的物品进行过滤（也就是说，对于$(item)小麦/$作物使用$(item)小麦种子/$）。例外是（即便使用精准采集）$(italic)永不/$掉落物品的方块，对于这些方块在物品过滤器的配置界面中有$(thing)按方块匹配/$选项专门解决。"
    },
    {
      "type": "image",
      "images": [
        "pneumaticcraft:textures/items/progwidgets/dig_piece.png"
      ],
      "text": "$(italic)嗬咳/$"
    }
  ]
}