{
  "name": "Drone Condition: Entity Widget",
  "icon": "pneumaticcraft:textures/items/progwidgets/condition_drone_entity_piece.png",
  "category": "widget_cond",
  "advancement": "pneumaticcraft:programmer",
  "pages": [
    {
      "type": "text",
      "text": "这是一个$(l:programming/conditions)条件/$拼图。$(p)$(thing)无人机条件：实体/$允许你检查$(l:tools/drone)无人机/$当前搭载的实体。可以通过可选的作为$(l:base_concepts/entity_filter)实体过滤器/$的$(l:programming/text)文本/$过滤实体。当没有$(thing)文本/$时，若$(item)无人机/$搭载了$(italic)任意/$实体，条件执行为$(thing)真/$。"
    },
    {
      "type": "image",
      "images": [
        "pneumaticcraft:textures/items/progwidgets/condition_drone_entity_piece.png"
      ],
      "text": "$(italic)无人机条件：实体/$"
    }
  ]
}