{
  "name": "无人机条件：压力",
  "icon": "pneumaticcraft:textures/items/progwidgets/condition_drone_pressure_piece.png",
  "category": "widget_cond",
  "advancement": "pneumaticcraft:programmer",
  "pages": [
    {
      "type": "text",
      "text": "这是一个$(l:programming/conditions)条件/$拼图。$(p)$(thing)无人机条件：压力/$允许你检查$(l:tools/drone)无人机/$的$(l:base_concepts/pressure)压力/$。"
    },
    {
      "type": "image",
      "images": [
        "pneumaticcraft:textures/items/progwidgets/condition_drone_pressure_piece.png"
      ],
      "text": "$(italic)无人机条件：压力/$"
    }
  ]
}