{
  "name": "无人机条件：RF",
  "icon": "pneumaticcraft:textures/items/progwidgets/condition_drone_rf_piece.png",
  "category": "widget_cond",
  "advancement": "pneumaticcraft:programmer",
  "pages": [
    {
      "type": "text",
      "text": "这是一个$(l:programming/conditions)条件/$拼图。$(p)$(thing)无人机条件：RF/$ 允许你检查$(l:tools/drone)无人机/$携带的$(thing)FE能量/$。$(p)$(italic)与其名字不同，该拼图检查FE能量，而非RF（红石通量）。该拼图的命名属于历史遗留问题。/$"
    },
    {
      "type": "image",
      "images": [
        "pneumaticcraft:textures/items/progwidgets/condition_drone_rf_piece.png"
      ],
      "text": "$(italic)无人机条件：RF/$"
    }
  ]
}