{
  "name": "编辑告示牌",
  "icon": "pneumaticcraft:textures/items/progwidgets/edit_sign_piece.png",
  "category": "widget_interact",
  "advancement": "pneumaticcraft:programmer",
  "pages": [
    {
      "type": "text",
      "text": "该拼图将会把指定$(l:programming/area)区域/$内的所有$(item)告示牌/$和/或$9l:machines/aphorism_tile)格言瓷砖/$的显示文本设置为所连接的的$(l:programming/text)文本/$拼图内的文字。$(p)所连接的每一个$(thing)文本/$拼图表示一行文字。可以通过连接多个$(thing)文本/$拼图来设置多行文字。"
    },
    {
      "type": "text",
      "title": "Variables",
      "text": "同样可以通过在$(thing)文本/$拼图中输入$(thing)${<变量名>}/$插入一个$(l:programming/variables)变量/$的值，例如：$(p)  若 $9thing)counter/$ 变量的值被设置为 x=1, y=2, z=3，$(formula)计数：${counter}/$$(p)将被展开为$(thing)计数：1, 2, 3/$。$(l:programming/variables#special)特定/$和$(l:programming/variables#global)全局变量/$同样可以在此处使用。"
    },
    {
      "type": "image",
      "images": [
        "pneumaticcraft:textures/items/progwidgets/edit_sign_piece.png"
      ],
      "text": "$(italic)编辑告示牌/$"
    }
  ]
}