{
  "name": "发出红石信号",
  "icon": "pneumaticcraft:textures/items/progwidgets/emit_redstone_piece.png",
  "category": "widget_interact",
  "advancement": "pneumaticcraft:programmer",
  "pages": [
    {
      "type": "text",
      "text": "该拼图将会使$(l:tools/drone)无人机/$发出$(#f00)红石信号/$。可以$(thing)右击/$该拼图调出配置界面，其中可以设置器所充能的朝向。红石信号强度通过连接的带有数字（0-15）的$(l:programming/text)文本/$拼图指定。"
    },
    {
      "type": "image",
      "images": [
        "pneumaticcraft:textures/items/progwidgets/emit_redstone_piece.png"
      ],
      "text": "$(italic)发出红石信号/$"
    }
  ]
}