{
  "name": "搭载实体",
  "icon": "pneumaticcraft:textures/items/progwidgets/entity_import_piece.png",
  "category": "widget_interact",
  "advancement": "pneumaticcraft:programmer",
  "pages": [
    {
      "type": "text",
      "text": "$(l:tools/drone)无人机/$将会前往指定$(l:programming/area)区域/$内最近的符合可选的由$(l:programming/text)文本/$拼图指定的$(l:base_concepts/entity_filter)实体过滤器的实体并将其搭载以供传输。$(p)此处的$(italic)实体/$包括玩家，尽管玩家可以按下 $(thing)Shift/$ 离开$(item)无人机/$。虽说如此，被一个你可以控制的飞行实体所搭载有其好处\u22EF\u22EF"
    },
    {
      "type": "image",
      "images": [
        "pneumaticcraft:textures/items/progwidgets/entity_import_piece.png"
      ],
      "text": "$(italic)外星人挟持/$"
    }
  ]
}