{
  "name": "从容器提取物品",
  "icon": "pneumaticcraft:textures/items/progwidgets/inventory_import_piece.png",
  "category": "widget_interact",
  "advancement": "pneumaticcraft:programmer",
  "pages": [
    {
      "type": "text",
      "text": "该拼图将使$(l:tools/drone)无人机/$转到指定$(l:programming/area)区域/$内最近的容器，从该容器提取物品并输入到$(item)无人机/$的物品栏中。$(p)$(thing)右击/$打开配置界面，在此可以指定无人机与容器应当交互的面。同样可以在此指定一次传输的物品的最大数量。"
    },
    {
      "type": "text",
      "text": "也可以连接任意数目（包括0）个$(l:programming/item_filter)物品过滤器/$以限制可以被传输的物品。记住，$(italic)右侧/$的物品过滤器作为白名单，$(italic)左侧/$的物品过滤器作为黑名单。$(p)当$(item)无人机/$的物品栏已满，或区域内的容器没有可行物品时，结束执行该拼图。"
    },
    {
      "type": "image",
      "images": [
        "pneumaticcraft:textures/items/progwidgets/inventory_import_piece.png"
      ],
      "text": "$(italic)那个我拿了，谢/$"
    }
  ]
}