{
  "name": "跳转",
  "icon": "pneumaticcraft:textures/items/progwidgets/jump_piece.png",
  "category": "widget_flow",
  "advancement": "pneumaticcraft:programmer",
  "pages": [
    {
      "type": "text",
      "text": "该拼图仅用于$(l:programming/flow_control)程序流/$。当程序流到达$(thing)跳转/$时，将会查看所连接的$(l:programming/text)文本/$，并试图跳转到具有匹配的标签名的$(l:programming/label)标签/$。如果跳转失败，程序流将回到$(l:programming/start)开始/$。（此缺省行为正常情况下不应该发生）"
    },
    {
      "type": "text",
      "text": "$(thing)跳转/$拼图可以用于合并程序流中的多个$(italic)分支/$（使用多个跳转到同一$(l:programming/label)标签/$的跳转拼图）或者仅仅通过将各部分拆分为“子例程”的方式整理拼图。小窍门：勾选$(l:programming/programmer)编程器/$界面的左下角的$(bold)显示程序流/$；其将把有同一标签名的$(thing)跳转/条件/标签/$连接起来。"
    },
    {
      "type": "image",
      "images": [
        "pneumaticcraft:textures/items/progwidgets/jump_piece.png"
      ],
      "text": "$(italic)Might as well/$"
    }
  ]
}