{
  "name": "输出流体",
  "icon": "pneumaticcraft:textures/items/progwidgets/liquid_export_piece.png",
  "category": "widget_interact",
  "advancement": "pneumaticcraft:programmer",
  "pages": [
    {
      "type": "text",
      "text": "与$(l:programming/liquid_import)输入流体/$相反，$(l:tools/drone)无人机/$将去往指定$(l:programming/area)区域/$内最近的储罐并将无人机携带的流体移动到容器中。 to drop off fluid from its own tank.$(p)此外，$(item)无人机/$可以在世界中放置流体：要做到这一点，勾选配置界面中的$(thing)在世界中放置流体/$选项。注意：$(item)无人机/$在进行这一操作时可能把自身困住！"
    },
    {
      "type": "text",
      "text": "可以在配置界面指定无人机应当与储罐交互的面；也可以在此指定一次传输的流体的最大值（单位：mB）。$(p)可以$(ttcolor)$(t:连接至右侧为白名单，左侧为黑名单)连接/$$(l:programming/liquid_filter)流体过滤器/$以限制可以被无人机转移的流体。$(p)当$(item)无人机/$的内部流体存储为空（无合适的流体），或指定区域内没有可接受流体的储罐时，结束执行该拼图。"
    },
    {
      "type": "image",
      "images": [
        "pneumaticcraft:textures/items/progwidgets/liquid_export_piece.png"
      ],
      "text": "$(italic)输出流体/$"
    }
  ]
}