{
  "name": "捡起物品",
  "icon": "pneumaticcraft:textures/items/progwidgets/item_pick_piece.png",
  "category": "widget_interact",
  "advancement": "pneumaticcraft:programmer",
  "pages": [
    {
      "type": "text",
      "text": "$(l:tools/drone)无人机/$将捡起世界中的物品掉落物并将其放入其物品栏。注意：无论在$(thing)区域/$拼图内区域设置为何，任何连接的$(thing)区域/$拼图都会以长方体模式被处理。尽管如此，通过区域白名单/黑名单仍可创建不同的形状。"
    },
    {
      "type": "text",
      "text": "可以连接$(l:programming/item_filter)物品过滤器/$以限制可以被捡起的物品（记住：黑名单过滤器连接在$(thing)左侧/$）。$(p)当（通过物品过滤器的）物品无法再被装入无人机的内部存储或没有剩下的时，结束该拼图。"
    },
    {
      "type": "image",
      "images": [
        "pneumaticcraft:textures/items/progwidgets/item_pick_piece.png"
      ],
      "text": "$(italic)我的。我的。我的。/$"
    }
  ]
}