{
  "name": "放置方块",
  "icon": "pneumaticcraft:textures/items/progwidgets/place_piece.png",
  "category": "widget_interact",
  "advancement": "pneumaticcraft:programmer",
  "pages": [
    {
      "type": "text",
      "text": "$(l:tools/drone)无人机/$将把物品栏中的物品放置到世界中。将在指定的$(l:programming/area)区域/$内放置方块，从最近的位置开始。$(p)可以指定方块被放置的顺序：$(thing)右击/$调出配置界面，在此可以指定$(item)无人机/$是否应当逐层放置方块，如果是，是从顶至底还是从底至顶。"
    },
    {
      "type": "text",
      "title": "限制放置方块数量",
      "text": "放置操作的数目可以通过勾选配置界面中的$(thing)限制方块交互数/$并输入限制值限制至特定值。例如，如果设定为 1，$(item)无人机/$将只挖掘一个方块就结束执行本拼图。$(p)如果为设置限制，在无人机无法继续放置方块时，结束该拼图。"
    },
    {
      "type": "text",
      "title": "过滤放置方块",
      "text": "最后，可以使用$(l:programming/item_filter)物品过滤器/$指定可以放置哪些方块。过滤连接在$(italic)右侧/$作为白名单，$(italic)左侧/$作为黑名单。"
    },
    {
      "type": "image",
      "images": [
        "pneumaticcraft:textures/items/progwidgets/place_piece.png"
      ],
      "text": "$(italic)放置方块/$"
    }
  ]
}