{
  "name": "可编程控制器",
  "icon": "pneumaticcraft:programmable_controller",
  "category": "programming",
  "advancement": "pneumaticcraft:programmer",
  "pages": [
    {
      "type": "text",
      "text": "可编程控制器可以做的事情与$(l:tools/drone)无人机/$很相近。程序可以在$(l:programming/programmer)编程器/$中被写入$(item)无人机/$或$(l:components/network_components#network_api)网络 API/$中。这两个物品都可以被放入$(item)可编程控制器/$中。在有足够$(l:base_concepts/pressure)压力/$的情况下，$(item)可编程控制器/$将像其中程序被编入一个真的被放置的$(item)无人机/$一样执行其中程序。"
    },
    {
      "type": "text",
      "text": "其与无人机还是有一定不同：$(li)$(item)可编程控制器/$使用缩小的$(item)无人机/$：$(thing)小型无人机/$。其并非实体，所有不涉及寻路算法，且这一$(thing)小型无人机/$可以穿墙移动。这有一d定好处：对服务端更加友好，使用时更加可靠。$(li)执行程序时，$(item)可编程控制器/$消耗空气的速率为 10mL/t（而无人机的消耗速率为 1mL/t）。"
    },
    {
      "type": "text",
      "text": "$(li)$(item)可编程控制器/$无法执行下列拼图：电脑控制，攻击实体，无人机条件：实体，搭载实体，卸载实体，传送，待机，自毁。$(p)一般而言，$(item)可编程控制器/$适合于大规模的应用，如开掘大片区域或建造大型结构。"
    },
    {
      "type": "text",
      "title": "传输物品/流体",
      "text": "任何$(thing)小型无人机/$收集到的物品/流体可以通过$(item)可编程控制器/$方块的各个面传输。$(p)默认情况下，$(thing)小型无人机/$的物品栏只有一个槽位，内部流体存储只有 16000mB。这一容量可以通过$(l:base_concepts/upgrades#dispenser)发射器升级/$（最多 35 个）；每个升级同时将内部流体存储提升 1000mB。"
    },
    {
      "type": "text",
      "title": "传输物品/流体（续",
      "text": "默认情况下，$(item)可编程控制器/$的顶面和侧面可以用于传输物品，地面可以用于输入或输出可编程的物品，但这一配置可以在$(bold)朝向配置/$标签页里调整。$(p)$(item)可编程控制器的每个面都可以用于传输流体。"
    },
    {
      "type": "crafting",
      "text": "可编程控制器的合成表",
      "recipe": "pneumaticcraft:programmable_controller"
    }
  ]
}
