{
  "name": "待机",
  "icon": "pneumaticcraft:textures/items/progwidgets/standby_piece.png",
  "category": "widget_flow",
  "advancement": "pneumaticcraft:programmer",
  "pages": [
    {
      "type": "text",
      "text": "当该拼图被执行时，$(l:tools/drone)无人机/$将关闭螺旋浆并落到地上。这可以用于节约$(l:base_concepts/pressure)空气/$，因为待机状态下无人机并不消耗任何空气。$(p)然而，$(thing)无人机/$会继续执行其他拼图；一旦所执行的拼图需要进行工作，$(thing)无人机/$将会打开其螺旋桨。"
    },
    {
      "type": "image",
      "images": [
        "pneumaticcraft:textures/items/progwidgets/standby_piece.png"
      ],
      "text": "$(italic)睡美人/$"
    }
  ]
}