{
  "name": "开始",
  "icon": "pneumaticcraft:textures/items/progwidgets/start_piece.png",
  "category": "widget_flow",
  "advancement": "pneumaticcraft:programmer",
  "pages": [
    {
      "type": "text",
      "text": "$(thing)开始/$拼图是程序中的第一个拼图，也是$(l:programming/flow_control)程序执行流/$开始的地方。$(p)该拼图$(italic)必须/$存在，且只可有一个。"
    },
    {
      "type": "image",
      "images": [
        "pneumaticcraft:textures/items/progwidgets/start_piece.png"
      ],
      "text": "$(italic)叫我 MacLeod/$"
    }
  ]
}