{
  "name": "自毁",
  "icon": "pneumaticcraft:textures/items/progwidgets/suicide_piece.png",
  "category": "widget_flow",
  "advancement": "pneumaticcraft:programmer",
  "pages": [
    {
      "type": "text",
      "text": "$(l:tools/drone)无人机/$将立即转化为其物品形式并掉落在地上。当然，程序执行流也就立刻终止。"
    },
    {
      "type": "image",
      "images": [
        "pneumaticcraft:textures/items/progwidgets/suicide_piece.png"
      ],
      "text": "$(italic)各位，完了/$"
    }
  ]
}