{
  "name": "传送",
  "icon": "pneumaticcraft:textures/items/progwidgets/teleport_piece.png",
  "category": "widget_interact",
  "advancement": "pneumaticcraft:programmer",
  "pages": [
    {
      "type": "text",
      "text": "$(thing)传送/$是开销更大的（按照消耗$(l:base_concepts/pressure)空气/$用量）$(l:programming/goto)去往位置/$，但也很直接：$(l:tools/drone)无人机/$将传送到指定$(l:programming/area)区域/$内最近的位置。$(p)$(item)无人机/$使用 10000mL 空气以传送，而这也是未升级的$(item)无人机/$的容量，所以建议安装$(l:base_concepts/upgrades#volume)容量升级/$。"
    },
    {
      "type": "image",
      "images": [
        "pneumaticcraft:textures/items/progwidgets/teleport_piece.png"
      ],
      "text": "$(italic)现在我在这里。现在我在那里。/$"
    }
  ]
}