{
  "name": "基础教程 #1",
  "icon": "minecraft:knowledge_book",
  "category": "programming",
  "priority": "true",
  "advancement": "pneumaticcraft:programmer",
  "pages": [
    {
      "type": "text",
      "text": "在此教程中，我们将创建一个让$(l:tools/drone)无人机/$挖掘指定区域的程序。开始前，需要准备："
    },
    {
      "type": "text",
      "text": "$(li)$(l:programming/programmer)编程器/$（当然）$(li)（若不在创造模式）与编程器直接相邻的$(item)箱子/$，装有下列$(l:programming/puzzle_pieces)编程拼图/$：$(li2)2 个$(2)绿色/$编程拼图$(li2)1 个$(6)棕色/$编程拼图$(li2)1 个$(1)蓝色/$编程拼图$(li2)1 个$(7)灰色/$编程拼图$(li2)1 个$(a)黄绿色/$编程拼图$(li)装有任何$(item)锹/$的$(item)箱子/$或其余容器$(li)$(l:tools/gps_tool)定位工具/$和$(l:tools/gps_area_tool)区域定位工具/$"
    },
    {
      "type": "text",
      "text": "打开$(l:programming/programmer)编程器/$的界面。在右侧可以看到一个$(ttcolor)$(t:编程拼图一词也用于指代此处显示的程序片段)编程拼图/$的列表。这个列表有好几页；可以用列表下方的箭头切换每一页，或按下$(thing)空格/$或 $(thing)Tab/$ 展开列表。$(p)展开后，列表上方会出现一个文本框，在此可以输入拼图的搜索$(thing)过滤/$。在此输入“开始”：只有一个拼图没有被淡化。"
    },
    {
      "type": "text",
      "text": "将这个$(l:programming/start)开始/$拼图拖拽到主编程界面。其边框将被$(4)加红/$，标志着存在问题：将鼠标指针悬浮在其上，看看是什么问题。$(p)好，下方没有连接拼图——我们就要通过创建程序修正这一点。$(p)找到$(l:programming/inventory_import)从容器中输入物品/$拼图，并拖拽到$(thing)开始/$拼图的正下方。"
    },
    {
      "type": "text",
      "text": "如果足够接近，拼图将会“自动对齐”到$(thing)开始/$拼图的下方。注意到边缘紧密连接，就像拼图一样；$(thing)编程拼图/$因此得名。$(p)下一步，将一个$(l:programming/area)区域/$拼图连接到$(thing)输入物品/$拼图的右侧（$(ttcolor)$(t:右侧的拼图作为白名单；左侧的拼图作为黑名单)而非左侧/$）；再添加一个$(l:programming/item_filter)物品过滤器/$拼图，同样在$(thing)输入物品/$拼图的右侧。确认这些拼图自动对齐。"
    },
    {
      "type": "text",
      "text": "注意到$(thing)区域/$拼图的边框同样被$(4)加红/$，因为其中还没有定义区域。用$(item)定位工具/$$(thing)潜行右击/$装有$(item)锹/$的$(item)箱子/$。该位置将被高亮。$(p)在编程器界面中，用$(item)定位工具/$$(thing)左击/$原有的$(thing)区域/$拼图：所选位置将被复制入$(thing)区域/$拼图！"
    },
    {
      "type": "text",
      "text": "对$(thing)物品过滤器/$拼图要做类似的配置：$(thing)右击/$以打开配置界面。点击$(bold)查找物品……/$按钮，在查找框输入“锹”。选择你所放置在箱子中的锹，按下 $(thing)Esc/$ 以关闭查找框。$(p)回到$(thing)物品过滤器/$配置界面，确保复选框“使用元数据……”$(italic)未被勾选/$，这样一来，被使用过的锹也会被匹配。再次按下 $(thing)Esc/$：回到主界面。"
    },
    {
      "type": "text",
      "text": "在此，无人机可以从箱子中取得一把锹；下一步就是让它挖掘！$(p)将一个$(l:programming/dig)挖掘/$拼图连接到$(thing)输入物品/$拼图的下方。$(p)再将又一个$(thing)区域/$拼图连接到$(thing)挖掘/$拼图的右端。"
    },
    {
      "type": "text",
      "text": "下一步是定义要挖掘的区域：用$(item)区域定位工具/$$(thing)右击/$一个方块，选定区域的第一个角。$(thing)左击/$一个方块以选定第二个角。不要把区域选定得太大，并且尽量保持选中泥土/沙子。$(p)确保高亮的区域为$(thing)实心盒型/$——默认应当是如此，但可以对准空气$(thing)左/右击/$以打开配置界面，在此可以定义区域形状。"
    },
    {
      "type": "text",
      "text": "回到编程器界面，用$(item)区域定位工具/$$(thing)左击/$连接在$(thing)挖掘/$拼图上的$(thing)区域/$拼图。正如先前，区域定位工具的设置将被复制到区域拼图上。$(p)在此，应当不在有标志错误的高亮红框：恭喜，你已经创建出了一个可行的程序！"
    },
    {
      "type": "text",
      "text": "最后，取一台$(l:tools/drone)无人机/$，并确保其在$(l:machines/charging_station)充气站/$里充气至足够的压力。将无人机放置到编程器右上方的槽位，点击$(thing)⟶（导出）/$按钮（若需要，可以在左侧的文本框中命名无人机）。$(p)将会有一些音效；此后，无人机就编程完毕了！"
    },
    {
      "type": "text",
      "text": "剩下要做的不过是部署无人机：在箱子附近$(thing)右击/$，然后只需看其工作！"
    }
  ]
}