{
  "name": "变量",
  "icon": "minecraft:paper",
  "category": "programming",
  "advancement": "pneumaticcraft:programmer",
  "pages": [
    {
      "type": "text",
      "text": "$(thing)变量/$允许无人机程序存储并操纵方块位置（即坐标）以提供高级无人机功能。$(p)要在无人机中创建或操作变量，使用$(l:programming/coordinate_operator)坐标算子/$与$(l:programming/coordinate)坐标/$拼图；要对变量进行条件判断，使用$(l:programming/condition_coordinate)条件：坐标/$拼图。"
    },
    {
      "type": "text",
      "text": "例如，在$(l:programming/area)区域/$拼图中可以填入$(thing)变量/$名而非使用固定位置。$(p)这些$(thing)变量/$的值在世界重载后仍保持。因而可以，例如，用于无尽的挖矿程序，其中无人机的挖掘位置由$(thing)变量/$指定。$(p)参见$(l:https://www.youtube.com/watch?v=FIjEdD_Yj9Y)由 MineMaarten 制作的 Youtube 视频/$以作为久远但仍相关的教程。"
    },
    {
      "type": "text",
      "text": "尽管$(thing)变量/$仅仅存储坐标（X/Y/Z 三元组），只要再想想，就会发现其同样可用于传递$(thing)整型/$和$(thing)布尔值/$。对于整型，只需要使用其中一个轴向；对于布尔值，可以定义，例如，0 代表假（false），其余数值代表真（true）。尽情探索！"
    },
    {
      "type": "text",
      "title": "变量的种类",
      "text": "变量有三个种类：$(li)$(thing)本地变量/$：这些变量存储在无人机中，可以直接以变量名引用。$(li)$(thing)全局变量/$：正如其名，这些变量是全局的，可以被所有无人机访问，因而可以用于在无人机间传递信息。其可以以 #变量名 的形式引用。$(li)$(thing)特指变量/$：这些变量可以用于获取无人机的部分元数据。其可以以 $变量名 的形式引用。"
    },
    {
      "type": "text",
      "anchor": "global",
      "title": "全局变量",
      "text": "$(thing)全局变量/$前缀有 #。一般的变量按$(l:tools/drone)无人机/$存储，无法跨无人机使用。全局变量则$(italic)可以/$跨无人机使用。$(p)这使得无人机可以相互传递数据。此外，$(l:machines/universal_sensor)万能传感器/$可以监测全局变量，并据此发出$(#f00)红石信号/$；$(l:tools/remote)遥控器/$可以显示并更改全局变量。"
    },
    {
      "type": "text",
      "title": "全局变量（续）",
      "text": "$(thing)全局变量/$可以使用指令 $(#800)/setGlobalVariable <变量名> <x> <y> <z>/$ 指定。在自定义地图中进行调试可以用到这一指令。执行该指令不需要具有服务器的 OP 权限。$(p)要获取全局变量的值（可以用于调试），使用指令 $(#800)/getGlobalVariable <变量名>/$。该指令将获取变量的坐标值与物品值。"
    },
    {
      "type": "text",
      "anchor": "special",
      "title": "特指变量",
      "text": "特指变量有下列几类：$(li)$(thing)$owner/$：$(l:tools/drone)无人机/$的所有者的坐标。若所有者不在线，其值为 0,0,0。$(li)$(thing)$drone/$：无人机所在的坐标。$(li)$(thing)$player=<玩家名>/$：名称为 <玩家名>（忽略大小写）的玩家的位置。若该玩家不存在或不在线，其值为 0,0,0。"
    },
    {
      "type": "text",
      "title": "调试",
      "text": "有时，显示某个变量的值对于调试很有帮助。可以使用以下几种方法显示变量的值：$(li)使用$(l:programming/rename)重命名/$拼图，将变量值在无人机的名称中显示$(li)使用$(l:programming/edit_sign)编辑告示牌/$拼图写入文本$(li)在$(l:tools/remote)遥控器/$中使用$(l:tools/remote#label)标记文本/$"
    },
    {
      "type": "text",
      "title": "调试（续）",
      "text": "要将变量值插入上述方法之一显示的文本，使用格式符 $(thing)${变量名}/$。$(p)注：此处仍使用全局变量与特指变量的前缀，因此需要使用 $(thing)${$drone}/$ 插入无人机的位置，使用 $(thing)${#全局变量名}/$插入全局变量值。"
    },
    {
      "type": "text",
      "title": "Debugging (cont.)",
      "text": "可以限制只显示一个坐标的 x/y/z 值，使用后缀 $(thing).x/$，$(thing).y/$ 或 $(thing).z/$分别做到。$(p)例如，要显示无人机所有者的 y 坐标，使用 $(thing)${$owner.y}/$。"
    }
  ]
}