{
  "name": "等待",
  "icon": "pneumaticcraft:textures/items/progwidgets/wait_piece.png",
  "category": "widget_flow",
  "advancement": "pneumaticcraft:programmer",
  "pages": [
    {
      "type": "text",
      "text": "$(l:tools/drone)无人机/$将等待指定时长不做任何事情。该时长由所连接的$(l:programming/text)文本/$拼图指定。$(p)接受下列格式的时长：$(li)$(thing)20/$：等待 1 秒（20 游戏刻）$(li)$(thing)10s/$：等待 10 秒$(li)$(thing)5m/$等待 5 分钟"
    },
    {
      "type": "image",
      "images": [
        "pneumaticcraft:textures/items/progwidgets/wait_piece.png"
      ],
      "text": "$(italic)Godot/$"
    }
  ]
}