{
  "name": "魔鬼之梦",
  "icon": "occultism:datura",
  "category": "occultism:getting_started",
  "sortnum": 1,
  "pages": [
    {
      "title": "魔鬼之梦",
      "type": "spotlight",
      "item": "occultism:datura",
      "text": "魔鬼之梦是一种药草，能给予人类$(thing)第三只眼$()，以及与$(thing)异界$()物质互动的能力。找到药草种子的方法和小麦种子相同——打草。食用长成的水果即可激活能力。"
    },
    {
      "type": "text",
      "text": "魔鬼之梦有一个特殊的附加作用，这种附加作用乃是其他获得$(thing)第三只眼$()的方法所缺少的，与$(thing)异界$()物质互动的能力。在这种效果下，你能够收获异界石和异界树。"
    },
    {
      "type": "image",
      "border": "true",
      "images": [
        "occultism:textures/gui/book/datura_effect.png"
      ]
    },
    {
      "type": "text",
      "text": "食用魔鬼之梦能让人看到$(thing)异世界$()与我们的存在位面相交的部分。"
    }
  ]
}
