{
  "name": "下一步",
  "icon": "occultism:chalk_purple",
  "category": "occultism:getting_started",
  "sortnum": 5,
  "pages": [
    {
      "type": "text",
      "text": "现在你成功召唤出了你的第一个魔灵，是时候进行魔法师之路的下一步，并且开始为未来作打算了。"
    },
    {
      "type": "text",
      "title": "合成金色粉笔",
      "text": "获得金粉和荧石粉，并合成用于灌注和附身仪式的金色粉笔。"
    },
    {
      "type": "text",
      "title": "合成异界眼镜",
      "text": "要获得第三只眼视觉，但又要防止魔鬼之梦上瘾，只需换上$(l:rituals/crafting/craft_otherworld_goggles)异界眼镜$(/l)。它还有其他好处：你现在能看见矿石之类的更高级的异界材料。"},
    {
      "type": "text",
      "title": "灌注镐",
      "text": "收集异界矿石需要先$(l:rituals/crafting/craft_infused_pickaxe)灌注一把镐$(/l)。顺水推舟，下一步便是合成具有同样效果，但耐久更高的$(item)艾瑟金属镐$()。详情请参阅$(l:misc/iesnium)艾瑟金属$(/l)一节。"},
    {
      "type": "text",
      "title": "召唤使魔",
      "text": "$(l:rituals/familiars/familiars)使魔$(/l)能提供多种增益状态，例如缓降、水下呼吸、跳跃提升等等。使魔还能存放在$(l:rituals/crafting/craft_familiar_ring)使魔之戒$()里，从而变成可装备的饰品。"},
    {
      "type": "text",
      "title": "召唤被附身的生物",
      "text": "被魔灵附身的生物会被魔灵控制，使得召唤者能决定该生物的一些属性。这些生物的稀有物品掉落率通常会提高，但也常常更难杀死。作为开头，你可以召唤$(thing)被附身的末影螨$()来获得合成紫色粉笔所需的末地石。"
    },
    {
      "type": "text",
      "title": "维度存储",
      "text": "魔灵的高等应用之一就是受控的维度创造与交互。这种技术能用来存储数量庞大的物品。一开始需要灌注一个维度矩阵，之后便天高任鸟飞——使用稳定虫洞作为额外接入点，存储访问器能远程访问你的物品，使用存储稳定器还能再扩大你的可用空间。"},
    {
      "type": "text",
      "title": "自动合成",
      "text": "通往终极偷懒的最后一步，是召唤机器操作员巨灵来帮你管理熔炉和其他机器。它们的召唤之书能用来设定目标机器和主存储系统，然后你就能通过存储系统的 UI 来下命令。"
    },
    {
      "type": "text",
      "title": "自动挖矿",
      "text": "$(l:rituals/crafting/craft_dimensional_mineshaft)维度矿井$(/l)能在虚空维度中进行矿物开采。魔灵的种类和具体指令决定了挖矿的速度、产量和产物。不过，至少从理论上来说，在挖矿维度里能获得真实世界存在的任何方块和物品。"},
    {
      "type": "empty",
      "draw_filler": false
    }
  ]
}
