{
  "name": "灵火",
  "icon": "occultism:spirit_fire",
  "category": "occultism:getting_started",
  "sortnum": 2,
  "pages": [
    {
      "type": "spotlight",
      "item": "occultism:spirit_fire",
      "text": "灵火是一种主要存在于$(thing)异世界$()的特殊火焰，这种火并不会伤害生物。它的特殊特性使其能通过灼烧来净化和转化特定材料。制作灵火需要用到$(item)魔鬼之梦果$()和$(item)打火石$()。"
    },
    {
      "type": "image",
      "border": "true",
      "images": [
        "occultism:textures/gui/book/spiritfire_instructions.png"
      ],
      "text": "将$(item)魔鬼之梦果$()扔到地上然后将其点燃。"
    },
    {
      "type": "text",
      "text": "灵火的主要用途是将$(item)钻石$()转换成$(item)魔灵同调宝石$()，还有净化含杂质的粉笔。"
    },
    {
      "type": "empty",
      "draw_filler": false
    }
  ]
}
