{
  "name": "高级齿轮",
  "icon": "pyrotech:cog_iron",
  "category": "bloom_cog_machines",
  "pages": [
    {
      "type": "crafting",
      "recipe": "pyrotech:tech/machine/cog_iron",
      "recipe2": "pyrotech:tech/machine/cog_gold"
    },
    {
      "type": "crafting",
      "recipe": "pyrotech:tech/machine/cog_obsidian",
      "recipe2": "pyrotech:tech/machine/cog_diamond"
    },
    {
      "type": "relations",
      "entries": [
        "bloom/mechanical_bellows",
        "bloom/mechanical_compactor",
        "bloom/mechanical_mulcher",
        "innovate/mechanical_hopper"
      ]
    }
  ]
}