{
  "name": "致密下界石英矿石",
  "icon": "pyrotech:dense_quartz_ore_large",
  "category": "bloom",
  "pages": [
    {
      "type": "spotlight",
      "item": "pyrotech:dense_quartz_ore_large",
      "text": "$(item)致密下界石英矿石$()在$(thing)地狱$()的下层可以找到，它是大自然中最纯的石英。$(p)$(info) 大型的$(item)致密下界石英矿石$()方块可以用带$(thing)精准采集$()的镐子来完整挖下。$(p)$(info) 至少需要$(thing)相当于铁镐的镐子$()以开采。"
    },
    {
      "type": "image",
      "border": true,
      "images": [
        "pyrotech:textures/gui/book/photo/dense_quartz_ore_00.png"
      ]
    },
    {
      "type": "relations",
      "entries": [
        "bloom/dense_quartz"
      ]
    }
  ]
}
