{
  "name": "机械挤压机",
  "icon": "pyrotech:mechanical_compacting_bin",
  "category": "bloom_cog_machines",
  "pages": [
    {
      "type": "crafting",
      "recipe": "pyrotech:tech/machine/mechanical_compacting_bin",
      "text": "$(item)机械挤压机$()比$(item)挤压桶$()更耐用，而且可以使用$(thing)齿轮$()驱动。$(p)$(info_cn) 使用不同的$(thing)齿轮$()可以使机械挤压机以不同的速度工作。"
    },
    {
      "type": "mechanical_compactor_cogs",
      "cog": "pyrotech:cog_wood",
      "cog2": "pyrotech:cog_stone",
      "cog3": "pyrotech:cog_bone",
      "cog4": "pyrotech:cog_flint"
    },
    {
      "type": "mechanical_compactor_cogs",
      "cog": "pyrotech:cog_iron",
      "cog2": "pyrotech:cog_gold",
      "cog3": "pyrotech:cog_obsidian",
      "cog4": "pyrotech:cog_diamond"
    },
    {
      "type": "text",
      "text": "$(info_cn) 关于自动化，原料可以从木桶方块的四周和上方导入，并且可以从机械方块的下方导出成品。"
    },
    {
      "type": "relations",
      "entries": [
        "innovate/stone_brick",
        "innovate/wood_tarred",
        "innovate/mechanical_hopper",
        "innovate/compacting_bin",
        "innovate/stone_bricks",
        "bloom/cog_advanced",
        "innovate/cog_basic"
      ]
    }
  ]
}
