{
  "name": "耐火坩埚",
  "icon": "pyrotech:brick_crucible",
  "category": "bloom_refractory_machines",
  "pages": [
    {
      "type": "crafting",
      "recipe": "pyrotech:tech/machine/brick_crucible",
      "text": "$(item)耐火坩埚$()与$(item)石坩埚$()类似，但拥有更高的效率。$(p)$(info_cn) $(item)耐火坩埚$()可以保存热液体。"
    },
    {
      "type": "relations",
      "entries": [
        "accelerate/refractory_brick_block",
        "innovate/stone_crucible"
      ]
    }
  ]
}
