{
  "name": "高级碎片",
  "icon": "pyrotech:material:19",
  "category": "bloom",
  "pages": [
    {
      "type": "rrt_anvil_recipe",
      "header": true,
      "recipe": "pyrotech:iron_shard",
      "recipe2": "pyrotech:iron_shard_from_iron_nugget"
    },
    {
      "type": "rrt_anvil_recipe",
      "header": true,
      "recipe": "pyrotech:gold_shard",
      "recipe2": "pyrotech:gold_shard_from_gold_nugget"
    },
    {
      "type": "rrt_anvil_recipe",
      "header": true,
      "recipe": "pyrotech:diamond_shard",
      "header2": true,
      "recipe2": "pyrotech:bloom_from_obsidian"
    }
  ]
}