{
  "name": "钳子",
  "icon": "pyrotech:tongs_iron",
  "category": "bloom_bloom",
  "pages": [
    {
      "type": "text",
      "text": "$(item)钳子$()能让你安全的携带$(item)铁坯$()。$(p)$(info_cn) 使用$(item)钳子$()右击$(item)铁坯$()即可将它钳起。$(p)$(info_cn) 把$(item)钳子$()放在任意一只手中，当$(item)铁坯$()进入你的背包时，它会将它钳起。$(p)$(info_cn) $(item)钳子$()可以直接钳起$(item)锻造炉$()和$(item)凋灵锻造炉$()中的铁坯。"
    },
    {
      "type": "crafting",
      "recipe": "pyrotech:tech/bloomery/tongs_stone",
      "recipe2": "pyrotech:tech/bloomery/tongs_bone"
    },
    {
      "type": "crafting",
      "recipe": "pyrotech:tech/bloomery/tongs_flint",
      "recipe2": "pyrotech:tech/bloomery/tongs_iron"
    },
    {
      "type": "crafting",
      "recipe": "pyrotech:tech/bloomery/tongs_gold",
      "recipe2": "pyrotech:tech/bloomery/tongs_diamond"
    },
    {
      "type": "crafting",
      "recipe": "pyrotech:tech/bloomery/tongs_obsidian"
    },
    {
      "type": "relations",
      "entries": [
        "innovate/stone_brick",
        "innovate/stone_rod",
        "gather/shard_bone_and_flint"
      ]
    }
  ]
}