{
  "name": "黑曜石工具",
  "icon": "pyrotech:obsidian_pickaxe",
  "category": "bloom",
  "pages": [
    {
      "type": "crafting",
      "recipe": "pyrotech:tool/obsidian_pickaxe",
      "recipe2": "pyrotech:tool/obsidian_axe"
    },
    {
      "type": "crafting",
      "recipe": "pyrotech:tool/obsidian_hoe",
      "recipe2": "pyrotech:tool/obsidian_shovel"
    },
    {
      "type": "crafting",
      "recipe": "pyrotech:tool/obsidian_shears"
    },
    {
      "type": "relations",
      "entries": [
        "adapt/twine",
        "gather/sticks"
      ]
    }
  ]
}