{
  "name": "凋灵锻造炉",
  "icon": "pyrotech:wither_forge",
  "category": "bloom",
  "pages": [
    {
      "type": "crafting",
      "recipe": "pyrotech:tech/bloomery/wither_forge",
      "text": "$(info_cn) $(item)凋灵锻造炉$()一次可以熔化三个矿物，制成$(item)坯$()。"
    },
    {
      "type": "fuel_wither_forge",
      "text": "有些燃料在$(item)凋灵锻造炉$()中表现更好。",
      "fuel": "minecraft:coal_block",
      "fuel2": "pyrotech:coal_coke_block",
      "fuel3": "pyrotech:living_tar"
    },
    {
      "type": "relations",
      "entries": [
        "accelerate/bloomery",
        "accelerate/coal",
        "accelerate/coal_coke",
        "bloom/living_tar"
      ]
    }
  ]
}