{
  "name": "屠宰场",
  "icon": "industrialforegoing:mob_slaughter_factory",
  "category": "industrialforegoing:agriculture_husbandry",
  "sortnum": 9,
  "read_by_default": true,
  "pages": [
    {
      "type": "text",
      "text": "一台用来把怪物或动物处理成$(l:agr_hus/meat)肉汤$()和$(l:agr_hus/pink_slime)粉红黏液$()的机器。被这台机器杀死的怪物不会产生任何掉落物或精华液。$(br2)被动生物相比于非被动生物能产出更多的粉红黏液。"
    },
    {
      "type": "crafting",
      "recipe": "industrialforegoing:mob_slaughter_factory"
    }
  ]
}