{
    "name": "探天者的工具",
    "icon": "naturesaura:sky_pickaxe",
    "category": "items",
    "advancement": "naturesaura:sky_ingot",
    "pages": [
        {
            "type": "text",
            "text": "神祇们的力量神通广大，也许永远不能被魔法植物学家们解明。然而，有一种简单的方法能浅尝这种力量，这方法就是$(item)探天者的工具$()。除了普通工具的功能外，它们每个有着一种将其与$(item)钻石$()同种工具区分开的额外$(thing)特殊能力$()。$(br)此外，它们还能被与$(l:items/infused_iron_tools)植物学家的工具$()相同的方式$(thing)修复$()。"
        },
        {
            "type": "crafting",
            "text": "$(item)探天者之镐$()能使挖掘的任何物品直接进入使用者的物品栏，消除了珍贵的钻石坠入下方熔岩的风险。",
            "recipe": "naturesaura:sky_pickaxe"
        },
        {
            "type": "crafting",
            "text": "$(item)探天者之斧$()非常擅于砍$(thing)树$()，能在一次猛挥后完成工作。",
            "recipe": "naturesaura:sky_axe"
        },
        {
            "type": "crafting",
            "text": "$(item)探天者之锹$()使得制造多种道路变得简单得多：在副手持有任何$(thing)方块$()时对目标使用锹，会使目标方块被$(thing)替换$()成手持的方块。",
            "recipe": "naturesaura:sky_shovel"
        },
        {
            "type": "crafting",
            "text": "$(item)探天者之锄$()能从两个方面帮助农民：首先，它一次能锄$(thing)更大区域$()的地面。其次，破坏一株$(item)高草丛$()会同时摧毁较大范围内所有的其他灌木类方块。",
            "recipe": "naturesaura:sky_hoe"
        }, {
            "type": "crafting",
            "text": "$(item)探天者之剑$()是对付怪物的绝佳方式：怪物被击中时，它们会短暂获得$(item)漂浮$()效果，导致它们浮上天，并在稍后摔回地面。",
            "recipe": "naturesaura:sky_sword"
        }
    ]
}
