{
  "name": "召唤之书",
  "icon": "occultism:book_of_calling_djinni_manage_machine",
  "category": "occultism:spirits",
  "sortnum": 4,
  "pages": [
    {
      "type": "spotlight",
      "title": "召唤之书",
      "item": "occultism:book_of_calling_djinni_manage_machine",
      "text": "召唤之书可用于控制被召唤的魔灵，也可用于存储它，以防灵髓衰退。右击可以打开配置界面，shift 右击则可应用对魔灵的行为控制。右击魔灵可以将其捕获，再次右击可以释放魔灵。"
    },
    {
      "type": "empty",
      "draw_filler": false
    }
  ]
}
