{
  "name": "网络组件",
  "icon": "pneumaticcraft:network_component:0",
  "category": "components",
  "advancement": "pneumaticcraft:plastic",
  "pages": [
    {
      "type": "text",
      "text": "这些组件主要用于配置$(l:programming/security_station)安全站/$，但有些可被用作合成原料，而$(l:components/network_components#network_storage)网络存储/$和$(l:components/network_components#network_api)网络 API/$ 可以用于存储$(l:tools/drone)无人机/$程序。"
    },
    {
      "type": "crafting",
      "anchor": "diagnostic",
      "text": "$(item)诊断子程序/$是$(l:machines/security_station)安全站/$中的必需组件。$(br)其负责追踪入侵者的$(l:machines/security_station#hacking)入侵尝试/$。若所有$(item)诊断子程序/$皆被入侵，$(item)安全站/$的防护将失效。",
      "recipe": "pneumaticcraft:network_component_v4"
    },
    {
      "type": "crafting",
      "anchor": "io_port",
      "text": "$(item)网络 IO 接口/$是$(l:machines/security_station)安全站/$中的必需组件。$(br)其是对$(item)安全站/$的入侵尝试的入口点。",
      "recipe": "pneumaticcraft:network_component_v2"
    },
    {
      "type": "crafting",
      "anchor": "registry",
      "text": "$(item)网络注册表/$是$(l:machines/security_station)安全站/$中的必需组件。$(br)其是入侵者入侵的目标之一；若$(italic)所有/$网络注册表皆被入侵，$(item)安全站/$的防护将失效。",
      "recipe": "pneumaticcraft:network_component_v3"
    },
    {
      "type": "crafting",
      "anchor": "node",
      "text": "$(item)网络节点/$是$(l:machines/security_station)安全站/$中的普通组件，用作必需组件间的连接。",
      "recipe": "pneumaticcraft:network_component"
    },
    {
      "type": "crafting",
      "anchor": "network_api",
      "text": "$(item)网络 API/$可以用于存储$(l:tools/drone)无人机/$程序。对其编程需要$(l:programming/puzzle_pieces)编程拼图/$，因而可以在$(l:programming/programmable_controller)可编程控制器/$或$(l:programming/external_program)外部程序/$拼图中作为可用程序被执行。",
      "recipe": "pneumaticcraft:network_component_v5"
    },
    {
      "type": "crafting",
      "anchor": "network_storage",
      "text": "$(item)网络数据存储/$可被用于存储$(l:tools/drone)无人机/$程序。对其编程$(italic)不/$需要$(l:programming/puzzle_pieces)编程拼图/$。因而不能作为可用程序被执行；但其适合用作程序库，或者也可用于与其余玩家交换程序。",
      "recipe": "pneumaticcraft:network_component_v6"
    }
  ]
}
