{
  "name": "核弹病毒",
  "icon": "pneumaticcraft:nuke_virus",
  "category": "components",
  "advancement": "pneumaticcraft:root",
  "pages": [
    {
      "type": "text",
      "text": "这是一个特殊组件，仅用于入侵$(l:machines/security_station)安全站/$。该物品无法被合成，仅可作为箱子战利品，或（少见地）作为村民交易。"
    },
    {
      "type": "spotlight",
      "item": "pneumaticcraft:nuke_virus",
      "text": "入侵安全站时，对一个网络节点使用$(thing)核弹病毒/$将会使该节点瘫痪，从而立刻入侵该节点。"
    }
  ]
}
