{
  "name": "印刷电路板蓝图",
  "icon": "pneumaticcraft:pcb_blueprint",
  "category": "components",
  "advancement": "pneumaticcraft:root",
  "pages": [
    {
      "type": "text",
      "text": "$(item)印刷电路板蓝图/$是一个特殊的合成材料，用于合成$(l:manufacturing/uv_light_box)紫外线灯箱/$。$(p)其无法被正常合成；必须通过交易获取。一般交易过程是通过 $(l:tools/amadron_tablet)Amadron 平板/$，但或许也可以通过$(l:base_concepts/villagers)技工/$。"
    },
    {
      "type": "amadron_trade",
      "item": "pneumaticcraft:pcb_blueprint",
      "text": "获取$(item)印刷电路板蓝图/$的交易"
    }
  ]
}
