{
  "name": "停！蠕虫",
  "icon": "pneumaticcraft:stop_worm",
  "category": "components",
  "advancement": "pneumaticcraft:root",
  "pages": [
    {
      "type": "text",
      "text": "这是一个特殊组件，仅用于入侵$(l:machines/security_station)安全站/$。该物品无法被合成，仅可作为箱子战利品，或（少见地）作为村民交易。"
    },
    {
      "type": "spotlight",
      "item": "pneumaticcraft:stop_worm",
      "text": "入侵安全站时，使用$(thing)停！蠕虫/$将暂时停止安全站中$(l:components/network_components#diagnostic)诊断子程序/$对入侵者的追踪。"
    }
  ]
}
