{
    "name": "木炭熔炉",
    "icon": "minecraft:coal:1",
    "category": "temperature",
    "pages": [
        {
            "type": "text",
            "text": "木炭熔炉是原始但又极具效率的东西，能够一次性加热很多物品。通过点燃木炭堆来做到。功能上和$(l:blocks_and_items/brick_forge)红砖熔炉$()极为相似。虽然加热速度缓慢，但是能够一次性加热多个物品。将木炭右击方块即可弄出木炭堆，就如同雪片一样，最高可以堆叠8层。"
        },
        {
            "type": "image",
            "images": [
                "tinkersforging:textures/guide/charcoal_piles.png"
            ],
            "text": "一大坨木炭堆"
        },
        {
            "type": "text",
            "text": "为了搭建出木炭熔炉，只需要按照下页显示的搭建多方块结构，接下来用诸如打火石之类的东西右击熔炉进行点火。熔炉就会开始燃烧，随着消耗木炭而进行体积缩小。环绕的方块一旦被打破，温度会急剧下降，使其最高温度只有最高温度的三分之一"
        },
        {
            "type": "multiblock",
            "multiblock_id": "tinkersforging:charcoal_forge",
            "text": "边侧部分可以为任意类型的石制固体方块。"
        }
    ]
}
