{
    "name": "窒息",
    "icon": "minecraft:white_wool",
    "category": "effects",
    "advancement": "naturesaura:negative_imbalance",
    "pages": [
        {
            "type": "text",
            "text": "一片区域内$(#419600)灵气$()的消失不但会影响区域内的植物，还会影响需要$(item)氧气$()进行呼吸的生物。这些生物会迅速注意到，越多的$(#419600)灵气$()被消耗，它们进行呼吸就越困难：它们的肺部会开始产生一种不定时的刺痛，生命恢复也变得异常困难。"
        }
    ]
}
