{
    "name": "自然衰退",
    "icon": "naturesaura:decayed_leaves",
    "category": "effects",
    "advancement": "naturesaura:negative_imbalance",
    "pages": [
        {
            "type": "text",
            "text": "当一个区域的$(#419600)灵气$()被抽取到一定地步，使得草木和植被不再含有维生所系的自然能量时，$(thing)自然衰退$()就会发生。所有的$(item)草$()、树上的树叶和其他植物都会衰退并腐败。区域内$(#419600)灵气$()被消耗得越多，衰退的程度就越糟糕。$(br)似乎这种效果只会在$(thing)主世界$()和$(thing)下界$()发生。"
        }
    ]
}
