{
	"name": "General Info",
	"icon": "nuclearcraft:fission_casing",
	"category": "nuclearcraft:fission",
	"sortnum": 0,
	"pages": [
		{
			"anchor": "intro",
			"type": "text",
			"text": "$(thing)裂变反应堆$()从裂变燃料的自持核裂变反应中获取热量。这些热量最终将被转化为可用的能量，转化的方式取决于建造的反应堆类型。"
		},
		{
			"anchor": "casing",
			"type": "blocks/2",
			"header": "反应堆外壳",
			"block1": "nuclearcraft:fission_casing",
			"block2": "nuclearcraft:fission_glass",
			"text": "反应堆的内部组件被包含在一个长方体结构中。长方体结构的十二条边（含角）必须由$(item)裂变反应堆外壳$()构成，其他面可以由$(item)透明裂变反应堆外壳$()替代。当多方块结构成形时，在边上的裂变反应堆外壳的材质将发生变化。"
		},
		{
			"anchor": "controller",
			"type": "blocks/2",
			"header": "反应堆控制器",
			"block1": "nuclearcraft:solid_fission_controller",
			"block2": "nuclearcraft:salt_fission_controller",
			"text": "反应堆的类型由$(item)反应堆控制器$()决定。必须安装在反应堆外壳的某个面上，没有控制器的反应堆多方块结构不会成形。控制器的 GUI 将显示反应堆的整体信息，如相关组件的平均状态信息等等。"
		},
		{
			"anchor": "clusters",
			"type": "text",
			"title": "反应堆集群",
			"text": "$(thing)集群$()是相连的导热组件。这些组件只能处于有效状态或空闲状态，有效状态下会导热。$(l:fission/general#conductor)连接器$()一类的被动方块无论何时都会导热，而$(l:fission/general#moderator)减速剂$()和$(l:fission/general#reflector)反射器$()甚至不致使集群成形。"
		},
		{
			"type": "text",
			"title": "反应堆集群",
			"text": "集群内部组件的热量等级是共有的，热量过大时也会一同过热。如果反应堆内部有未连接到外壳的集群，则多方块结构不会成形。"
		},
		{
			"anchor": "conductor",
			"type": "blocks/1",
			"header": "反应堆连接器",
			"block": "nuclearcraft:fission_conductor",
			"text": "$(item)反应堆连接器$()可用于把组件连接到外壳，也可将集群连接到一起。"
		},
		{
			"anchor": "monitor",
			"type": "blocks/1",
			"header": "反应堆管理器",
			"block": "nuclearcraft:fission_monitor",
			"text": "$(item)反应堆管理器$()可用于了解有关各集群更详细的信息。"
		},
		{
			"anchor": "fuel_component",
			"type": "blocks/2",
			"header": "反应堆燃料组件",
			"block1": "nuclearcraft:solid_fission_cell",
			"block2": "nuclearcraft:salt_fission_vessel",
			"text": "每种反应堆都有对应的$(item)燃料组件$()，用于放置裂变燃料。燃料发生裂变时会持续产出热量。手持燃料右击燃料组件也可以使之具有筛选功能，由此实现多燃料反应堆。"
		},
		{
			"anchor": "criticality",
			"type": "text",
			"title": "临界系数",
			"text": "发生裂变的燃料必须接收到中子通量（单位：N/t）。进入$(l:fission/general#fuel_component)燃料组件$()的中子通量高于燃料的临界系数时才能让燃料发生裂变。这一过程产出的除了热量，还有更多的中子。"
		},
		{
			"type": "text",
			"text": "如果燃料单元接收到的中子通量超出燃料临界系数的两倍，则反应堆的效率会降低。中子通量在$(l:fission/general#irradiator)辐照器$()的配方中也有用处。"
		},
		{
			"anchor": "moderator",
			"type": "blocks/3",
			"header": "减速剂",
			"block1": "nuclearcraft:ingot_block:8",
			"block2": "nuclearcraft:ingot_block:9",
			"block3": "nuclearcraft:heavy_water_moderator",
			"text": " $(item)反应堆减速剂$()可以减少$(l:fission/general#fuel_component)燃料组件$()产出的、能继续导致其他燃料组件裂变的高能中子的能量。减速剂应当位于一条直线上，且每列不能超过四个。减速剂的一端应当有一个$(o)有效的$()燃料单元。"
		},
		{
			"type": "text",
			"title": "减速剂",
			"text": "另一端产生的中子通量等于减速剂列上减速剂通量系数之和。如果两端都有有效的燃料单元，则两端都能接收到等于这条线上所有减速剂通量系数之和的中子通量。在一些设计规则中可能会出现“有效的”减速剂这一称呼，指的是直接与燃料单元相邻的减速剂。"
		},
		{
			"anchor": "heatsink",
			"type": "blocks/2",
			"block1": "nuclearcraft:solid_fission_sink:0,nuclearcraft:solid_fission_sink:1,nuclearcraft:solid_fission_sink:2,nuclearcraft:solid_fission_sink:3,nuclearcraft:solid_fission_sink:4,nuclearcraft:solid_fission_sink:5,nuclearcraft:solid_fission_sink:6,nuclearcraft:solid_fission_sink:7,nuclearcraft:solid_fission_sink:8,nuclearcraft:solid_fission_sink:9,nuclearcraft:solid_fission_sink:10,nuclearcraft:solid_fission_sink:11,nuclearcraft:solid_fission_sink:12,nuclearcraft:solid_fission_sink:13,nuclearcraft:solid_fission_sink:14,nuclearcraft:solid_fission_sink:15",
			"block2": "nuclearcraft:solid_fission_sink2:0,nuclearcraft:solid_fission_sink2:1,nuclearcraft:solid_fission_sink2:2,nuclearcraft:solid_fission_sink2:3,nuclearcraft:solid_fission_sink2:4,nuclearcraft:solid_fission_sink2:5,nuclearcraft:solid_fission_sink2:6,nuclearcraft:solid_fission_sink2:7,nuclearcraft:solid_fission_sink2:8,nuclearcraft:solid_fission_sink2:9,nuclearcraft:solid_fission_sink2:10,nuclearcraft:solid_fission_sink2:11,nuclearcraft:solid_fission_sink2:12,nuclearcraft:solid_fission_sink2:13,nuclearcraft:solid_fission_sink2:14,nuclearcraft:solid_fission_sink2:15",
			"header": "散热器",
			"text": "$(item)反应堆散热器$()以及$(l:fission/molten_salt#intro)熔盐裂变反应堆$()中对应的$(item)反应堆冷却剂加热器$()用于调整反应堆的$(thing)净热量$()。设计者应当以 0±5 H/t的产热作为反应堆的目标。散热器都具有特定的摆放规则。"
		},
		{
			"type": "text",
			"text": "散热器可以移除反应堆的热量。有效的燃料单元会产出其基础产热乘以$(thing)热量倍率$()的热量。单元的热量倍率取决于减速剂列的数量。只与一条减速剂列相连的单元的热量效率是 100%，与两条相连的的热量效率则是 200%。"
		},
		{
			"type": "text",
			"title": "散热器",
			"text": "集群内有效的散热器会从集群抽取等于其冷却的热量。散热器的冷却各不相同。"
		},
		{
			"anchor": "fission_source",
			"type": "blocks/3",
			"block1": "nuclearcraft:fission_source:0",
			"block2": "nuclearcraft:fission_source:1",
			"block3": "nuclearcraft:fission_source:2",
			"header": "中子源",
			"text": "$(item)反应堆中子源$()用于启动反应堆。中子源必须位于反应堆的表面，收到红石信号时中子源会启动指向的燃料组件，在其中产生裂变，产出更多中子并输送给其他燃料单元。"
		},
		{
		"type": "text",
		"title": "中子源",
		"text": "燃料组件启动时不能被阻挡。中子源的效率倍率会影响燃料组件的效率。"
		},
		{
			"anchor": "reflector",
			"type": "blocks/2",
			"header": "反射器",
			"block1": "nuclearcraft:fission_reflector:0",
			"block2": "nuclearcraft:fission_reflector:1",
			"text": "$(item)反应堆反射器$()会将中子通量反射回源头。由于中子反射回$(l:fission/general#moderator)减速剂$()而并未有损失，反射系数为 100% 的反射器会使燃料单元中的中子通量翻倍。反射器距离燃料单元不能有超过两个减速剂的距离。"
		},
		{
			"anchor": "irradiator",
			"type": "blocks/1",
			"header": "辐照器",
			"block": "nuclearcraft:fission_irradiator",
			"text": "$(item)反应堆辐照器$()在位于$(l:fission/general#moderator)减速剂$()列的末端时会利用中子通量完成配方。中子通量越大，配方便会进行得越快。辐照器在完成配方时会消耗热量并向环境释放辐射。"
		},
		{
			"anchor": "shield",
			"type": "blocks/1",
			"header": "中子防护屏",
			"block": "nuclearcraft:fission_shield:0",
			"text": "$(item)反应堆中子防护屏$()类似于可操纵的$(l:fission/general#moderator)减速剂$()，关闭时阻挡中子通量并产生热量，开启时允许中子通过但不像减速剂一样增加通量。中子防护屏能够在反应堆成形的状态下使减速剂无效。"
		},
		{
			"anchor": "planner",
			"type": "text",
			"title": "设计时需注意",
			"text": "设计反应堆时应当以$(l:https://github.com/ThizThizzyDizzy/nc-reactor-generator/releases)反应堆设计器$()作为辅助工具，你可以利用它综合各类信息，包括摆放规则、输出、产热等等。"
		}
	]
}