{
  "name": "巴迪提升",
  "icon": "minecraft:enchanted_book",
  "category": "buddycards:enchantments",
  "sortnum": 1,
  "pages": [
    {
      "type": "text",
      "text": "一个用于升级你的巴迪勋章的非常有用的附魔。它对于每个勋章有着不同的增强效果，你可以在卡包的相关页面中看到具体增强。附魔的每个等级都将为巴迪勋章提供额外增益。"
    },
    {
      "type": "spotlight",
      "title": "魔咒等级",
      "item": "minecraft:enchanted_book{Enchantments: [{id:\"buddycards:buddy_boost\", lvl: 2}]}",
      "text": "『巴迪提升』有两个等级。巴迪提升I需要15附魔等级的附魔台，III级 则至少需要30级附魔等级的附魔台。"
    }
  ]
}