{
  "name": "额外插槽",
  "icon": "minecraft:enchanted_book",
  "category": "buddycards:enchantments",
  "sortnum": 2,
  "pages": [
    {
      "type": "text",
      "text": "这个附魔可以用来扩充巴迪卡牌夹的容量。每个附魔等级可以为卡牌夹提供更多卡槽，一级增加18个槽位，二级增加42个，三级则是66个。"
    },
    {
      "type": "spotlight",
      "title": "魔咒等级",
      "item": "minecraft:enchanted_book{Enchantments: [{id:\"buddycards:extra_page\", lvl: 3}]}",
      "text": "『额外插槽』有3个等级。对于额外插槽I你需要10附魔等级的附魔台，额外插槽II需要20附魔等级的附魔台，额外插槽III则需要至少30附魔等级的附魔台。"
    }
  ]
}