{
    "name": "如何开始",
    "icon": "tinkersforging:hammer/iron",
    "category": "forging",
    "pages": [
        {
            "type": "text",
            "text": "若想要开始锻造，你需要获取如下几个物品。第一个为$(l:forging/tinkers_anvil)工匠砧$()，配合一个$(l:items/tinkers_hammer)锤子$()。确保砧的等级要大于等于想要锻造的物品等级。接下来你需要想些办法加热物品，或者一些锭来进行锻造，然后开启你的篇章吧！"
        },
        {
            "type": "image",
            "images": [
                "tinkersforging:textures/guide/tinkers_anvil.png"
            ],
            "text": "\"What in tarnation do all these buttons do!\" - Old Man McGucket"
        },
        {
            "type": "text",
            "text": "为了使物品能够锻造，你需要对其进行加热。不同的材料能够锻造的温度、颜色各不相同。你可以将物品放入$(l:temperature/charcoal_forge)木炭熔炉$()或者$(l:temperature/brick_forge)红砖熔炉$()中进行加热。不过提醒一句：大多数物品在过热情况下会熔化，这也意味着你需要小心照看你的物品温度。"
        }
    ]
}
