{
    "name": "红砖熔炉",
    "icon": "tinkersforging:forge",
    "category": "temperature",
    "pages": [
        {
            "type": "text",
            "text": "红砖熔炉是升级版加热物品的方法。消耗固体燃料，加热顶部三个格子的物品。使用时在底部放置一些燃料，而后使用任意打火设备进行点燃。熔炉就会开始燃烧，并消耗燃料。随着燃烧温度也会随之上升，加热熔炉顶部格子的物品。"
        },
        {
            "type": "crafting",
            "recipe": "tinkersforging:brick_forge",
            "text": "专为久富经验的匠师设计",
            "link_recipe": true
        }
    ]
}
