{
	"components": [
		{
			"type": "header",
			"text": "#header",
			"x": -1,
			"y": -1
		},
		{
			"type": "item",
			"item": "#block1",
			"framed": true,
			"link_recipe": true,
			"x": 30,
			"y": 15
		},
		{
			"type": "item",
			"item": "#block2",
			"framed": true,
			"link_recipe": true,
			"x": 50,
			"y": 15
		},
		{
			"type": "item",
			"item": "#block3",
			"framed": true,
			"link_recipe": true,
			"x": 70,
			"y": 15
		},
		{
			"type": "text",
			"text": "#text",
			"x": 0,
			"y": 40
		}
	]
}