{
    "name": "闪耀之树",
    "icon": "naturesaura:gold_leaf",
    "category": "practices",
    "priority": true,
    "turnin": "naturesaura:gold_leaf",
    "pages": [
        {
            "type": "text",
            "text": "多年来，植物学家们一直尝试弄清楚$(#419600)灵气$()承载体的魔法属性。他们发现了一个始料未及，但又很常见的主题：$(item)黄金$()，似乎总是在人与$(#419600)灵气$()的交互中扮演着一定角色。"
        },
        {
            "type": "spotlight",
            "text": "要对这种物质的力量进行初次利用，首先需要创造一颗$(item)闪耀之树$()，这颗树收获时会掉落$(item)黄金树叶$()，一种易碎但又强大的材料。要创造这样的一颗树，只需要合成一点$(item)闪耀纤维$()并将其放在一棵树的树冠上。之后，时间会带来更多的闪耀。",
            "item": "naturesaura:gold_leaf",
            "link_recipe": true
        },
        {
            "type": "crafting",
            "text": "Creating the $(item)Brilliant Fiber$()",
            "recipe": "naturesaura:gold_fiber"
        },
        {
            "type": "crafting",
            "text": "$(item)黄金树叶$()被收获之后可以轻松地被碾碎成$(item)金叶粉$()，这种粉末能放在地上，并充当$(l:practices/tree_ritual)森林仪式$()的组成部分。",
            "recipe": "naturesaura:gold_powder"
        }
    ]
}
