{
    "name": "极光幽境传送门",
    "icon": "theaurorian:aurorianportal",
    "category": "1aurorianbasics",
    "sortnum": "1",
    "readbydefault": true,
    "pages": [
        {
            "type": "text",
            "text": "要想进入极光幽境，你得先进入矿洞获得一些矿物，并击杀一些骷髅！（至少你得有足够的资源进入下一步）"
        },
        {
            "type": "crafting",
            "name": "极光石",
            "recipe": "theaurorian:blocks/aurorianstone",
            "text": "首先你需要得到一些$(#008cff)青金石$()、$(#008cff)石头$()、$(#008cff)粘土$()以及$(#008cff)骨头$()。你可以使用它们合成$(#008cff)极光石$()。"
        },
        {
            "type": "crafting",
            "name": "极光传送门框架",
            "recipe": "theaurorian:blocks/aurorianportalframebricks",
            "text": "$(#008cff)极光石$()可以被用于制作传送门框架。你需要至少十个来建造传送门！"
        },
        {
            "type": "multiblock",
            "name": "极光传送门",
            "multiblock": {
                "pattern": [
                    [
                        "OOOO"
                    ],
                    [
                        "O  O"
                    ],
                    [
                        "O  O"
                    ],
                    [
                        "O  O"
                    ],
                    [
                        "OOOO"
                    ]
                ],
                "mapping": {
                    "O": "theaurorian:aurorianportalframebricks"
                }
            },
            "text": "当然，你也可以像建造下界传送门一样将传送门建造得大一点。"
        },
        {
            "type": "spotlight",
            "title": "点亮传送门！",
            "item": "minecraft:flint_and_steel",
            "text": "现在使用$(#008cff)打火石$()来点亮传送门！如果你已经在极光幽境中了，那么你也可以双手持$(#008cff)谧木棍$()来点亮传送门！$(br2)$(l)提示：你可以在配置文件中选定可用于点亮传送门的物品。"
        },
        {
            "type": "text",
            "text": "$(#008cff)$(o)现在你已经建造好传送门了，踏入传送门并开始探索崭新的维度吧！"
        }
    ]
}