{
    "name": "应当寻找的结构",
    "icon": "theaurorian:runestone",
    "category": "1aurorianbasics",
    "sortnum": "2",
    "readbydefault": true,
    "pages": [
        {
            "type": "text",
            "text": "这些是你在极光幽境中探索时应当注意的结构。"
        },
        {
            "type": "image",
            "border": true,
            "title": "地表遗迹",
            "text": "你可以直接找到的遗迹。里面会有能帮你进行探索初期熔炼的熔炉！",
            "images": [
                "theaurorian:patchouli_books/the_aurorian_guide/en_us/entries/aurorianbasics/ruins1.png"
            ]
        },
        {
            "type": "image",
            "border": true,
            "title": "地下遗迹",
            "text": "只有地下才会生成的遗迹。其中会有高价值的战利品！",
            "images": [
                "theaurorian:patchouli_books/the_aurorian_guide/en_us/entries/aurorianbasics/ruins2.png"
            ]
        },
        {
            "type": "image",
            "border": true,
            "title": "符石地牢",
            "text": "在你前往暗石地牢前需要完成探索的地牢。",
            "images": [
                "theaurorian:patchouli_books/the_aurorian_guide/en_us/entries/aurorianbasics/runestone.png"
            ]
        },
        {
            "type": "image",
            "border": true,
            "title": "月宫",
            "text": "在打败暗石地牢的 Boss 后你才能探索的下一座地牢。",
            "images": [
                "theaurorian:patchouli_books/the_aurorian_guide/en_us/entries/aurorianbasics/moontemple.png"
            ]
        },
        {
            "type": "spotlight",
            "title": "开锁器",
            "item": "theaurorian:lockpicks",
            "text": "更多有关地牢的信息请见$(#008cff)进程发展$()部分。"
        }
    ]
}