{
    "name": "极光幽境的材料",
    "icon": "theaurorian:silentwoodstick",
    "category": "1aurorianbasics",
    "sortnum": "3",
    "readbydefault": true,
    "pages": [
        {
            "type": "spotlight",
            "title": "谧木",
            "item": "theaurorian:silentwoodplanks",
            "text": "$(#008cff)谧木$()是极光幽境中最基础的材料。它制成的工具与普通的木头工具别无二致，但有些工具拥有特殊的属性。$(br2)所有的极光幽境的工具都需要使用$(#008cff)谧木棍$()而不是原版的木棍来制作。"
        },
        {
            "type": "image",
            "border": true,
            "title": "谧木",
            "images": [
                "theaurorian:patchouli_books/the_aurorian_guide/en_us/entries/aurorianbasics/silentwood.png"
            ]
        },
        {
            "type": "spotlight",
            "title": "极光石",
            "item": "theaurorian:auroriancobblestone",
            "text": "$(#008cff)极光石$()工具相较原版的石工具来说挖掘速度更快一点。有些工具拥有与$(#008cff)谧木$()类似的特殊效果。"
        },
        {
            "type": "image",
            "border": true,
            "title": "极光石",
            "images": [
                "theaurorian:patchouli_books/the_aurorian_guide/en_us/entries/aurorianbasics/aurorianstone.png"
            ]
        },
        {
            "type": "spotlight",
            "title": "极光煤炭",
            "item": "theaurorian:auroriancoal",
            "text": "$(#008cff)极光煤炭$()可以被用作熔炉的燃料。它也可以被转化为$(#008cff)极光煤炭粒$()，极光煤炭粒可以熔炼刚好一个物品！"
        },
        {
            "type": "image",
            "border": true,
            "title": "极光煤矿石",
            "images": [
                "theaurorian:patchouli_books/the_aurorian_guide/en_us/entries/aurorianbasics/auroriancoal.png"
            ]
        },
        {
            "type": "spotlight",
            "title": "晶蓝",
            "item": "theaurorian:ceruleaningot",
            "text": "不像其它的材料，$(#008cff)晶蓝$()不能被用于制作工具，但它可以被用于制作盔甲、桶以及其它特殊的物品！"
        },
        {
            "type": "image",
            "border": true,
            "title": "晶蓝矿石",
            "images": [
                "theaurorian:patchouli_books/the_aurorian_guide/en_us/entries/aurorianbasics/cerulean.png"
            ]
        },
        {
            "type": "spotlight",
            "title": "皎月石",
            "item": "theaurorian:moonstoneingot",
            "text": "$(#008cff)皎月石$()是一种具有魔力的材料！夜间它的性能极佳，而白天则会相对差一些。它制成的工具相较铁工具更强一点。"
        },
        {
            "type": "image",
            "border": true,
            "title": "皎月石矿石",
            "images": [
                "theaurorian:patchouli_books/the_aurorian_guide/en_us/entries/aurorianbasics/moonstone.png"
            ]
        },
        {
            "type": "spotlight",
            "title": "晶簇/水晶",
            "item": "theaurorian:crystal",
            "text": "$(#008cff)水晶$()可以通过挖掘$(#008cff)晶簇矿石$()得到。晶簇矿石在整个极光幽境中都有分布。它不能被用于制作工具或盔甲，但是许多配方中都包含着这一相当重要的材料！"
        },
        {
            "type": "image",
            "border": true,
            "title": "晶簇矿石",
            "images": [
                "theaurorian:patchouli_books/the_aurorian_guide/en_us/entries/aurorianbasics/geode.png"
            ]
        }
    ]
}