{
    "name": "镰",
    "icon": "theaurorian:aurorianstonesickle",
    "category": "1aurorianbasics",
    "sortnum": "4",
    "readbydefault": true,
    "pages": [
        {
            "type": "spotlight",
            "title": "极光石镰",
            "item": "theaurorian:aurorianstonesickle",
            "text": "$(#008cff)镰$()是一种与剪刀类似的新工具。它被用于采集$(#008cff)薰衣草$()、$(#008cff)牵牛花$()以及其它的几种极光幽境中的植物。$(br2)镰同样也可以被用于通过破坏$(#008cff)极光高草丛$()来获得$(#008cff)植物纤维$()。$(#008cff)植物纤维$()也是合成的重要材料之一。"
        },
        {
            "type": "crafting",
            "recipe": "theaurorian:items/tools/silentwood/silentwoodsickle",
            "recipe2": "theaurorian:items/tools/aurorianstone/aurorianstonesickle"
        }
    ]
}