{
    "name": "粉碎器",
    "icon": "theaurorian:scrapper",
    "category": "1aurorianbasics",
    "sortnum": "7",
    "readbydefault": true,
    "pages": [
        {
            "type": "spotlight",
            "title": "更多碎片！",
            "item": "theaurorian:scrapper",
            "text": "$(#008cff)粉碎器$()可以磨碎原有的工具并产出更多的碎片！它工作时会消耗$(#008cff)水晶$()。$(br2)它也可以磨碎铁、金一类的工具来获取更多的粒！"
        },
        {
            "type": "crafting",
            "name": "",
            "recipe": "theaurorian:blocks/tileentity/scrapper",
            "text": "使用 JEI 查看全部的配方。"
        }
    ]
}