{
    "name": "书籍与附魔",
    "icon": "the_afterlight:gloom_shelf",
    "category": "the_afterlight:category_4",
    "sortnum": 3,
    "advancement": "the_afterlight:delving_into_the_dark",
    "pages": [
        {
            "type": "patchouli:text",
            "text": "隐光之域的两种木材均可以制作对应材质的书架，合成表参见下一页。月光木书架提供1.5点附魔能力，而幽暗木书架提供2点。（参照：普通书架提供1点）"
        },
        {
            "type": "patchouli:crafting",
            "recipe": "the_afterlight:moon_shelf_recipe",
            "recipe2": "the_afterlight:gloom_shelf_recipe"
        },
        {
            "type": "patchouli:crafting",
            "recipe": "the_afterlight:enchanting_table_moonlit_recipe",
            "text": "附魔台也可使用如上所示的隐光之域材料制作。符文之书的获取方法参见下一页。"
        },
        {
            "type": "patchouli:text",
            "title": "符文之书",
            "text": "符文之书只能在地下图书馆找到。某种稀有的地牢里会出现多个书架，其中会有符文之书。符文之书由不可破译的晦涩符文写就。"
        }    
    ]
}