{
    "name": "水晶光源",
    "icon": "the_afterlight:ecliptic_rock",
    "category": "the_afterlight:category_2",
    "sortnum": 2,
    "advancement": "the_afterlight:delving_into_the_dark",
    "pages": [
        {
            "type": "patchouli:text",
            "title": "灵光",
            "text": "在叫做“月光低地”或“荧光原野”的生物群系里，常会出现一种特别的发光水晶，它是点亮隐光之域的好用光源。这一生物群系中灵光水晶分布较密，也容易采集。"
        },
        {
            "type": "patchouli:text",
            "title": "耀月",
            "text": "另一种水晶光源是耀月水晶。这些水晶可以在耀月原野找到。采集它也很轻松，不同的是它能发出比灵光水晶更亮的光芒。"
        }    
    ]
}