{
    "name": "总结",
    "icon": "the_afterlight:lore_scrap",
    "category": "the_afterlight:category_5",
    "sortnum": 4,
    "pages": [
        {
            "type": "patchouli:text",
            "text": "不幸的是，尽管月和月的邪恶力量已被驱逐，但剩下的月民们在这一过程中把自己逼疯了。他们的文明消逝了，仅存有深埋地下的若干地牢作为见证。月民们最终变为了野蛮人，永远在隐光之域里游荡。"
        },
        {
            "type": "patchouli:relations",
            "title": "探索的年代",
            "entries": ["the_afterlight:chapters/category_1_entry_1"],
            "text": "现如今，你面前是一个已经失落的文明，也将是你旅程的起点。这些资料一定能让你受益良多。"
        }    
    ]
}