{
    "name": "元素护身符",
    "icon": "the_afterlight:elemental_amulet",
    "category": "the_afterlight:category_7",
    "sortnum": 3,
    "advancement": "the_afterlight:delving_into_the_dark",
    "pages": [
        {
            "type": "patchouli:text",
            "text": "元素护身符是一件传说般的古物，能给予其所有者许多正面效果。红色晶体给予生命窃取，蓝色晶体给予急迫，绿色晶体给予幸运。这三种晶体的合力能给予所有者强大的元素增益。"
        },
        {
            "type": "patchouli:text",
            "text": "和其他使用生命核心的物品（如月之剑）一样，元素护身符拥有自己的意识。不过好在护身符的意识对其所有者忠诚。合成这一护身符需要各种稀有材料和一座远古工作台。合成表参见$(l:http://the-afterlight.fandom.com/wiki/Ancient_Crafting_Recipes)隐光之域Wiki$(/l)。"
        }
    ]
}