{
    "name": "重生触媒",
    "icon": "the_afterlight:respawn_catalyst",
    "category": "the_afterlight:category_4",
    "sortnum": 2,
    "advancement": "the_afterlight:delving_into_the_dark",
    "pages": [
        {
            "type": "patchouli:text",
            "text": "重生触媒是隐光之域的重生锚，它使玩家能在隐光之域中将重生点设置到该方块上。请注意仅能通过放置另一个重生触媒来改变重生点位置。"
        },
        {
            "type": "patchouli:crafting",
            "recipe": "the_afterlight:respawn_catalyst_recipe",
            "text": "重生触媒合成表如上。"
        }
    ]
}