{
    "name": "链接",
    "icon": "the_afterlight:link_tome",
    "category": "the_afterlight:category_links",
    "sortnum": 1,
    "pages": [
        {
            "type": "patchouli:text",
            "text": "隐光之域Wiki：$(l:http://the-afterlight.fandom.com/wiki/The_Afterlight_Wiki)Fandom Wiki$(/l)$(br)Curseforge页面：$(l:http://www.curseforge.com/minecraft/mc-mods/the-afterlight)模组页面$(/l)$(br)作者的Patreon：$(l:http://www.patreon.com/whispearl)Patreon$(/l)$(br2)Discord频道：$(l:http://discord.gg/KU3vqCzW3q)Discord$(/l)"
        }                   
    ]
}