{
    "name": "雕符锤",
    "icon": "the_afterlight:glyph_hammer",
    "category": "the_afterlight:category_glyph",
    "sortnum": 2,
    "advancement": "the_afterlight:radiance",
    "pages": [
        {
            "type": "patchouli:crafting",
            "recipe": "the_afterlight:glyph_working_hammer_recipe",
            "text": "雕符制作在某种层面上和锻造比较类似，毕竟给雕符塑形需要一把特殊的锤子。雕符锤的合成表如上。"
        },
        {
            "type": "patchouli:crafting",
            "recipe": "the_afterlight:golden_radiant_block_recipe",
            "text": "渗金耀月水晶方块合成表如上。合成雕符锤需要一个该方块。"
        }                     
    ]
}