{
    "name": "极光橄榄岩",
    "icon": "theaurorian:aurorianperidotite",
    "category": "5blocks",
    "readbydefault": true,
    "pages": [
        {
            "type": "spotlight",
            "item": "theaurorian:aurorianperidotite",
            "text": "一种可以在地下找到的绿色石头，一般被用于装饰。"
        },
        {
            "type": "crafting",
            "name": "",
            "recipe": "theaurorian:blocks/aurorianperidotitesmooth",
            "recipe2": "theaurorian:blocks/aurorianperidotitesmoothstairs"
        }
    ]
}