{
    "name": "谧木工作台",
    "icon": "theaurorian:silentwoodcraftingtable",
    "category": "5blocks",
    "readbydefault": true,
    "pages": [
        {
            "type": "spotlight",
            "item": "theaurorian:silentwoodcraftingtable",
            "text": "与普通的工作台别无二致。可以被转为原版的工作台。"
        },
        {
            "type": "crafting",
            "name": "",
            "recipe": "theaurorian:blocks/tileentity/silentwoodcraftingtable",
            "recipe2": "theaurorian:blocks/tileentity/craftingtable"
        }
    ]
}