{
  "name": "Transmutation",
  "icon": "roots:ritual_transmutation",
  "category": "rituals",
  "read_by_default": true,
  "flag": "roots:ritual_transmutation",
  "pages": [
    {
      "type": "text",
      "text": "Through the process of Transmutation, objects can be transformed into other objects provided the requirements are met.$(br2)Blocks are transformed into blocks or items, although care must be taken to prevent potential loops.$(br2)$(warning) Recipes cannot be listed in this guide. A complete list can be found $(uses:roots:ritual_transmutation)using JEI$()."
    },
    {
      "type": "pyre_template",
      "ritual": "ritual_transmutation",
      "text": "$(standing_stones) As a $(l:rituals/tiers)$(bold)tier I$() ritual, $(l:rituals/ritual_transmutation#multiblock)a single standing stone is required to begin$(). Please see later pages of this entry."
    },
    {
      "type": "multiblock",
      "anchor": "multiblock",
      "multiblock": {
        "mapping": {
          "0": "roots:pyre",
          "R": "roots:runestone",
          "C": "roots:chiseled_runestone"
        },
        "pattern": [
          ["       ","       ","       ","       ","       ","       ","       "],
          ["   C   ","       ","       ","       ","       ","       ","       "],
          ["   R   ","       ","       ","       ","       ","       ","       "],
          ["   R   ","       ","       ","   0   ","       ","       ","       "]
        ]
      },
      "text": "A single $(l:rituals/standing_stones)standing stone$() of runestone or runed obsidian is required."
    },
    {
      "type": "text",
      "title": "Ritual Specifics",
      "text": "$(bold)Duration:$() The ritual lasts $(ritual:transmutation/SECONDS/duration) seconds, with transmutation taking place every $(ritual:transmutation/SECONDS/interval) seconds for the duration.$(br2)$(bold)Size:$() The ritual will try to transmute blocks within an area of $(ritual:transmutation/radius_x) and $(ritual:transmutation/radius_z) blocks horizontally, and $(ritual:transmutation/radius_y) blocks vertically.$(br2)"
    },
    {
      "type": "relations",
      "anchor": "related",
      "entries": [
        "rituals/standing_stones"
      ]
    }
  ]
}