{
  "name": "Healing Aura",
  "icon": "roots:ritual_healing_aura",
  "category": "rituals",
  "read_by_default": true,
  "flag": "roots:ritual_healing_aura",
  "pages": [
    {
      "type": "text",
      "text": "The healing of passive creatures and players is increased while in they remain in the ritual range.$(br2)Indeed, those passive creatures healed by the ritual are healed for significantly more health, and also more frequently, than players.$(br2)$(info) Hostile creatures are unaffected by the ritual."
    },
    {
      "type": "pyre_template",
      "ritual": "ritual_healing_aura",
      "text": "$(standing_stones) As a $(l:rituals/tiers)$(bold)tier I$() ritual, $(l:rituals/ritual_healing_aura#multiblock)a single runed pillar is required to begin$(). Please see later pages of this entry."
    },
    {
      "type": "multiblock",
      "anchor": "multiblock",
      "multiblock": {
        "mapping": {
          "0": "roots:pyre",
          "W": "roots:runed_birch",
          "L": "minecraft:log[variant=birch]"
        },
        "pattern": [
          ["       ","       ","       ","       ","       ","       ","       "],
          ["       ","       ","       ","       ","       ","   W   ","       "],
          ["       ","       ","       ","       ","       ","   L   ","       "],
          ["       ","       ","       ","   0   ","       ","   L   ","       "]
        ]
      },
      "text": "A single $(l:rituals/standing_stone)runed pillar$() of birch is required."
    },
    {
      "type": "text",
      "title": "Ritual Specifics",
      "text": "$(bold)Duration:$() The ritual lasts $(ritual:healing_aura/SECONDS/duration) seconds.$(br2)$(bold)Size:$() The ritual will search targets for within an area of $(ritual:healing_aura/radius_x) and $(ritual:healing_aura/radius_z) blocks horizontally, and by $(ritual:healing_aura/radius_y) blocks vertically.$(br2)$(bold)Player Healing$(): Players are healed every $(ritual:healing_aura/SECONDS/interval) seconds for $(ritual:healing_aura/HEART/player_amount) hearts.$(br2)$(bold)Passive Healing$(): Passive creatures are healed every $(ritual:healing_aura/SECONDS/passive_interval) seconds for $(ritual:healing_aura/HEART/amount) hearts."
    },
    {
      "type": "relations",
      "anchor": "related",
      "entries": [
        "rituals/standing_stones"
      ]
    }
  ]
}