{
  "name": "欧菲克斯的呼唤",
  "icon": "occultism:textures/gui/book/pentagram_rose.png",
  "category": "occultism:pentacles",
  "sortnum": 20,
  "pages": [
    {
      "type": "text",
      "text": "$(bold)目标：$()召唤巨灵$(br2)自从欧菲克斯在第三纪元开发出这种$(thing)呼唤$()，它就一直是$(thing)巨灵$()召唤必须的五芒星。骷髅头颅（$(l:rituals/possession/possess_skeleton)获得方式$(/l)）和紫色粉笔提供了强制巨灵现身所需的召唤强制力，蜡烛则能提升仪式稳定性。"},
    {
      "type": "multiblock",
      "name": "",
      "multiblock_id": "occultism:pentacle.summon_djinni"
    },
    {
      "type": "text",
      "title": "用途",
      "text": "$(li)$(l:rituals/summoning/summon_manage_machine)巨灵机器操作员$(/l)$() $(li)$(l:rituals/summoning/summon_crusher)巨灵碎矿者$(/l)$() $(li)$(l:rituals/summoning/weather_magic)天气魔法$(/l)$() $(li)$(l:rituals/summoning/time_magic)时间魔法$(/l)$()"}
  ]
}
