{
  "name": "阿巴拉斯召唤术",
  "icon": "occultism:textures/gui/book/pentagram_rose.png",
  "category": "occultism:pentacles",
  "sortnum": 30,
  "pages": [
    {
      "type": "text",
      "text": "$(bold)目标：$()召唤火灵$(br2)$(thing)阿巴拉斯召唤术$()是少数能（基本上）安全召唤火灵的五芒星。虽然需要凋灵骷髅头颅使这个五芒星相对昂贵，但触及这种强大魔灵必须需要头颅带来的额外召唤强制力。"},
    {
      "type": "multiblock",
      "name": "",
      "multiblock_id": "occultism:pentacle.summon_afrit"
    },
    {
      "type": "text",
      "title": "用途",
      "text": "$(li)$(l:rituals/summoning/weather_magic#thunderstorm)雷暴$(/l)$()$(li)$(l:rituals/summoning/weather_magic#rain)降雨$(/l)$()$(li)$(l:rituals/summoning/summon_crusher)火灵碎矿者$(/l)$()"}
  ]
}
