{
    "name": "环境之眼",
    "icon": "naturesaura:eye",
    "category": "items",
    "advancement": "naturesaura:wood_stand",
    "pages": [
        {
            "type": "text",
            "text": "当使用$(#419600)灵气$()时，你自然会想知道区域内还存有多少灵气。$(item)环境之眼$()有着显示植物学家所想的能力：一旦被合成，只需将其放置在快捷栏或饰品栏中即可显示诸多信息："
        },
        {
            "type": "text",
            "text": "一个进度条会显示$(#419600)灵气$()储存方块的储量，进度条的总长为其容量。$(br)另一个进度条会显示当前区域内$(#419600)灵气$()的饱和度，进度条的一半为$(#419600)灵气$()的初始含量。然而环境之眼的能力有限，当$(#419600)灵气$()含量高于或低于进度条范围，将无法得知确切含量。"
        },
        {
            "type": "naturesaura:tree_ritual",
            "text": "用$(l:practices/tree_ritual)森林仪式$()创造$(item)环境之眼$()",
            "recipe": "naturesaura:eye"
        }
    ]
}
