{
    "name": "植物学家工具",
    "icon": "naturesaura:infused_iron_pickaxe",
    "category": "items",
    "advancement": "naturesaura:infused_materials",
    "pages": [
        {
            "type": "text",
            "text": "使用$(l:using/altar)灌注铁锭$()的内在力量，你不止能制造出属性与$(item)铁$()制工具相似的工具，它们还包含着你不太会预料到的额外功能。$(br)接下来几页将会介绍如何制造这些工具与如何使用它们的特殊性质。"
        },
        {
            "type": "text",
            "text": "首先，当携带$(l:naturesaura:items/aura_cache)灵气缓存$()时，工具可以使用其中储存的$(#419600)灵气$()来恢复耐久，显著延长其生命周期。你只需手持工具潜行，一只手中的工具将会恢复耐久。"
        },
        {
            "type": "crafting",
            "text": "$(item)植物学家之镐$()，当与方块交互时，会将其转化为$(thing)青苔$()变体，前提是这个方块有此变体。",
            "recipe": "naturesaura:infused_pickaxe"
        },
        {
            "type": "crafting",
            "text": "$(item)植物学家之斧$()在移除$(thing)树叶$()上有很大优势，比常规工具快很多。",
            "recipe": "naturesaura:infused_axe"
        },
        {
            "type": "crafting",
            "text": "$(item)植物学家之锹$()可在交互时让$(thing)草$()长在在泥土上, 同时可在草地上制造更大范围的$(thing)草径$()",
            "recipe": "naturesaura:infused_shovel"
        },
        {
            "type": "crafting",
            "text": "$(item)植物学家之锄$()在草或泥土上被使用时，会帮助种植者获得各类$(thing)种子$()。",
            "recipe": "naturesaura:infused_hoe"
        }, {
            "type": "crafting",
            "text": "$(item)植物学家之剑$()是对付怪物的极佳方式：它会向你击中的生物附加数秒的$(thing)减速效果$()，使它们更容易被击中。",
            "recipe": "naturesaura:infused_sword"
        }
    ]
}
