{
    "name": "缘起",
    "icon": "the_afterlight:lore_scrap",
    "category": "the_afterlight:category_5",
    "sortnum": 1,
    "pages": [
        {
            "type": "patchouli:text",
            "text": "很久之前，隐光之域中有多个繁荣的月民文明。许多月民是矿工、建筑师或是极为熟练的工匠。他们对天文学也有一定了解，并且坚持不懈地研究着他们头顶的蓝色月亮。"
        },
        {
            "type": "patchouli:text",
            "text": "在月民文明繁荣发展过程中的某时，一位月民研究者找到了直接与月交流的方式\u2E3A雕符制作。开始时，他只是制作了象征着月各个要素的魔法符文\u2E3A雕符。但在制作的过程中他意识到，他其实是在直接与月交流。"
        },
        {
            "type": "patchouli:text",
            "text": "在月民们发现他们可以直接与月对话后，掌控力量的欲望开始将他们无意识地引向疯狂。月本身也不对月民十分友好，而只是一种千方百计让月民们发狂的邪恶力量。在那之后，月民们渐渐陷入了愈演愈烈的疯狂之中。"
        },
        {
            "type": "patchouli:text",
            "text": "只有零星月民意识到同胞们身上正发生着什么，但就算只有很少月民意识到，他们也会积极寻找解决方法。他们知道是月引起了疯狂，因为月民们只在他们建立起与月的沟通渠道后发疯。这些月民后来制定了回击月的计划。"
        },
        {
            "type": "patchouli:text",
            "text": "一些月民科学家开始研究耀月水晶的效用，这些水晶在隐光之域中一般以固态晶体的形式存在。他们发现这些水晶能伤害到某类特定的事物，这其中就包括月，而恰好雕符制作仪式的一种重要原料就是覆有一层金的耀月水晶碎片。"
        },
        {
            "type": "patchouli:text",
            "text": "不受月控制的月民发现他们可以在雕符制作中欺骗月接受普通的耀月水晶碎片，而非接受加上金属保护层的碎片。所以，他们多次尝试启动使用普通耀月水晶碎片的仪式。"
        },
        {
            "type": "patchouli:text",
            "text": "月民们的计划一开始确实有效，月也确实接受了普通的耀月水晶。但问题是，剩下的月民没能意识到只要月还在，他们就不可能逃离这种疯狂，于是他们最终也疯了。尽管如此，他们还是成功摧毁了月。"  
        }    
    ]

}