{
    "name": "月之剑",
    "icon": "the_afterlight:moon_blade",
    "category": "the_afterlight:category_7",
    "sortnum": 2,
    "advancement": "the_afterlight:delving_into_the_dark",
    "pages": [
        {
            "type": "patchouli:text",
            "text": "月之剑是一件传说般的古物。有传言称月在月食之时铸就了这一把剑，后来这把剑先后为多位月掌控下的月民战士所持。不过，实际上有多把月之剑存世。"
        },
        {
            "type": "patchouli:text",
            "text": "月之剑拥有多种魔法能力。例如给予短暂的力量效果，给予短暂的虚弱效果，使敌人变得非常缓慢，治疗持有者等。这些魔法能力平时不会显现，但每次击中敌人时月之剑会有小概率施展魔力。",
            "title": "特殊能力"
        },
        {
            "type": "patchouli:text",
            "title": "剑刃",
            "text": "完整的月之剑的强韧剑刃主要是由月之合金制成的，外覆一层月钢。生命核心给予月之剑意识，这一意识始终对持有者忠诚，虽然有时会有些不可靠。生命核心也加强了月之剑本身的魔法能力。"
        },
        {  
            "type": "patchouli:text",
            "text": "月之剑合成表参见$(l:http://the-afterlight.fandom.com/wiki/Ancient_Crafting_Recipes)隐光之域Wiki$(/l)。合成需要一些雕符，请确保你已开始研究雕符制作的技术。",
            "title": "合成表"
        }             
    ]
}