{
    "name": "月钢",
    "icon": "the_afterlight:moonsteel_ore",
    "category": "the_afterlight:category_3",
    "sortnum": 4,
    "advancement": "the_afterlight:delving_into_the_dark",
    "pages": [
        {
            "type": "patchouli:text",
            "text": "月钢是能在地层各处发现的稀有矿物，通常与默泪伴生，也能在某些生物群系中的石柱中找到。月钢是月之合金装备的重要基础材料，并且由月钢自己制作的装备亦可比肩铁装备。"

        },
        {
            "type": "patchouli:image",
            "images": ["the_afterlight:textures/moonsteelrecipe2.png"],
            "border": true,
            "text": "月钢也可通过仪式祭坛制作，如上图。"
        }
    ]
}