{
    "name": "基础信息",
    "icon": "the_afterlight:moon_crystal",
    "category": "the_afterlight:category_1",
    "sortnum": 1,
    "pages": [
        {
            "type": "patchouli:text",
            "text": "要先在主世界中收集基础材料，才能开启去往隐光之域的通道。经我研究，主世界地底会出现一种特殊的水晶。抵达隐光之域总共需要21块这种水晶，不过多收集一些总会有帮助的，这是后续步骤的关键材料。"
        },  
        {
            "type": "patchouli:text",
            "text": "集齐月之水晶后，你还需要一种奇异的石头。我叫它“虚空石”。这种石头同样会出现在主世界的深处，总共需要10块，它是制作传送门框架方块的主要原料。虚空石也可合成虚空石砖，从而参与某些重要祭坛的合成过程。详情参见后续章节。"
        } 
    ]
}