{
    "name": "祭坛",
    "icon": "the_afterlight:ritual_altar",
    "category": "the_afterlight:category_1",
    "sortnum": 2,
    "pages": [
        {
            "type": "patchouli:text",
            "text": "当月之水晶和虚空石都准备就绪，下一步便是制作一个特殊的祭坛。这座祭坛是最为重要的，构建传送门所需的新物品均由它制得。合成表参见后一页。"
        },
        {
            "type": "patchouli:crafting",
            "title": "仪式祭坛合成表",
            "recipe": "the_afterlight:moon_altar_recipe",
            "recipe2": "the_afterlight:moon_crystal_block_recipe",
            "text": "更多细节与用途参见后一章。"
        }      
    ]
}