{
    "name": "基础光源",
    "icon": "the_afterlight:moon_shard",
    "category": "the_afterlight:category_2",
    "sortnum": 1,
    "advancement": "the_afterlight:delving_into_the_dark",
    "pages": [
        {
            "type": "patchouli:text",
            "text": "隐光之域中最常见的光源是灵魂棱晶。这些棱晶只能在土壤中或地底深处找到。将其与木棍组合就能制成简易的火把光源。"
        },
        {
            "type": "patchouli:crafting",
            "recipe": "the_afterlight:moon_torch_recipe_5",
            "text": "灵魂棱晶制作火把的方式和其他种类的火把一致，如上图。"
        }    
    ]
}