{
    "name": "月之水晶",
    "icon": "the_afterlight:slate_moon_crystal_ore",
    "category": "the_afterlight:category_3",
    "sortnum": 1,
    "advancement": "the_afterlight:delving_into_the_dark",
    "pages": [
        {
            "type": "patchouli:text",
            "text": "整个世界中共有两种月之水晶矿石，一种位于主世界，另一种位于隐光之域。这种矿石均只出现在两个维度的地底。可以通过某些魔咒来提高单个矿石的产出。月之水晶可被用于多种合成。"
        },
        {
            "type": "patchouli:text",
            "text": "这种水晶在两个不同的维度里分别出现，我认为它们其实是互相一致的。它们的某些性质是一致的，形成方式也类似，所以它们有可能是在不同的环境中以类似的方式形成的，在外形和性质上一致的同种水晶。"
        }
    ]
}