{
  "name": "瀑冰弹",
  "icon": "thermal:ice_charge",
  "category": "thermal:charges",
  "read_by_default": true,
  "pages": [
    {
      "type": "text",
      "text": "瀑冰弹能使得方块覆上雪霜、水结冻成冰、熔岩凝成黑曜石。后两者在合成栏中亦可实现。使用发射器射出的瀑冰弹将呈直线飞行，且能使受击目标$(l:thermal:world/mobs/blizz)冻僵$(/l)并冻结以击中点为中心的一定范围。"
    },
    {
      "type": "crafting",
      "recipe": "thermal:ice_charge_3",
      "title": "瀑冰弹"
    }
  ]
}