{
  "name": "Extension",
  "icon": "roots:spell_icon{spell_storage:{s:\"roots:spell_extension\"}}",
  "category": "spells",
  "read_by_default": true,
  "flag": "roots:spell_extension",
  "pages": [
    {
      "type": "text",
      "text": "By default, this spell will extend your senses, granting you night vision for a period of time.$(br2)With modifiers, you can extend your vision further: highlight nearby hostile or passive entities (or both), and even specific types of blocks.$(br2)You can even reduce the distance at which entities can detect you."
    },
    {
      "type": "spell_template",
      "spell": "spell_extension"
    },
    {
      "type": "spell_modifier_template",
      "spell": "spell_extension",
      "modifier": "roots:sense_home",
      "anchor": "sense_home"
    },
    {
      "type": "spell_modifier_template",
      "spell": "spell_extension",
      "modifier": "roots:sense_animals",
      "anchor": "sense_animals"
    },
    {
      "type": "spell_modifier_template",
      "spell": "spell_extension",
      "modifier": "roots:nondetection",
      "anchor": "nondetection"
    },
    {
      "type": "spell_modifier_template",
      "spell": "spell_extension",
      "modifier": "roots:sense_time",
      "anchor": "sense_time"
    },
    {
      "type": "spell_modifier_template",
      "spell": "spell_extension",
      "modifier": "roots:sense_hostiles",
      "anchor": "sense_hostiles"
    },
    {
      "type": "spell_modifier_template",
      "spell": "spell_extension",
      "modifier": "roots:sense_plants",
      "anchor": "sense_plants"
    },
    {
      "type": "spell_modifier_template",
      "spell": "spell_extension",
      "modifier": "roots:sense_containers",
      "anchor": "sense_containers"
    },
    {
      "type": "spell_modifier_template",
      "spell": "spell_extension",
      "modifier": "roots:sense_spawners",
      "anchor": "sense_spawners"
    },
    {
      "type": "spell_modifier_template",
      "spell": "spell_extension",
      "modifier": "roots:sense_ores",
      "anchor": "sense_ores"
    },
    {
      "type": "spell_modifier_template",
      "spell": "spell_extension",
      "modifier": "roots:sense_liquids",
      "anchor": "sense_liquids"
    },
    {
      "type": "text",
      "title": "Spell Configuration",
      "text": "$(bold)Cooldown:$() The spell has a cooldown of $(spell:extension/SECONDS/cooldown) seconds.$(br2)$(bold)Night Vision:$() Night Vision is given for $(spell:extension/SECONDS/night_vision) seconds.$(br2)$(bold)Animals:$() With the $(modifier:sense_animals)$() modifier, animals and passives within $(spell:extension/radius_animals_x) and $(spell:extension/radius_animals_z) blocks horizontally and $(spell:extension/radius_animals_y) vertically are highlighted for $(spell:extension/SECONDS/animal_glow_duration) seconds.$(br2)$(bold)Enemies:$() With the $(modifier:sense_hostiles)$() modifier, hostile"
    },
    {
      "type": "text",
      "text": "entities within $(spell:extension/radius_hostiles_x) and $(spell:extension/radius_hostiles_z) blocks horizontally and $(spell:extension/radius_hostiles_y) vertically are highlighted for$(spell:extension/SECONDS/enemy_glow_duration) seconds.$(br2)$(bold)Ores:$() With the $(modifier:sense_ores)$() modifier, ores within $(spell:extension/radius_ore_x) and $(spell:extension/radius_ore_z) blocks horizontally and $(spell:extension/radius_ore_y) vertically are highlighted with particles.$(br2)$(bold)Held Ores:$() With the $(modifier:sense_ores)$() modifier, ores matching that of the one held in your off-hand within $(spell:extension/radius_ore_specific_x) and $(spell:extension/radius_ore_specific_z) blocks horizontally and $(spell:extension/radius_ore_specific_y) vertically are highlighted."
    },
    {
      "type": "text",
      "text": "$(bold)Liquids:$() With the $(modifier:sense_liquids)$() modifier, liquid blocks (such as lava or water) within $(spell:extension/radius_liquid_x) and $(spell:extension/radius_liquid_z) blocks horizontally and $(spell:extension/radius_liquid_y) vertically are highlighted with particles.$(br2)$(bold)Spawners:$() With the $(modifier:sense_spawners)$() modifier, spawners within $(spell:extension/radius_spawner_x) and $(spell:extension/radius_spawner_z) blocks horizontally and $(spell:extension/radius_spawner_y) vertically are highlighted with particles.$(br2)$(bold)Containers:$() With the $(modifier:sense_containers)$() modifier, containers within $(spell:extension/radius_container_x) and $(spell:extension/radius_container_z) blocks horizontally and $(spell:extension/radius_container_y) vertically"
    },
    {
      "type": "text",
      "text": "are highlighted with particles.$(br2)$(bold)Plants:$() With the $(modifier:sense_plants)$() modifier, plants within $(spell:extension/radius_plants_x) and $(spell:extension/radius_plants_z) blocks horizontally and $(spell:extension/radius_plants_y) vertically are highlighted with particles.$(br2)$(bold)Home:$() With the $(modifier:sense_home)$() modifier, particles are drawn pointing in the direction of your current spawn location.$(br2)$(bold)Time:$() With the $(modifier:sense_time)$() modifier, a message in chat will give you information about the current time and day."
    },
    {
      "type": "relations",
      "anchor": "related",
      "entries": [
        "spells/modifiers",
        "herbs/wildroot"
      ]
    }
  ]
}