{
  "name": "Wildfire",
  "icon": "roots:spell_icon{spell_storage:{s:\"roots:spell_wild_fire\"}}",
  "category": "spells",
  "read_by_default": true,
  "flag": "roots:spell_wild_fire",
  "pages": [
    {
      "type": "text",
      "text": "The immense power of the elemental grove is unleashed with this spell, shooting a large ball of fire that damages any entity it hits.$(br2)With modifiers you can inflict status effects, avoid harming peaceful entities, create $(l:resources/fey_fire)fey fire$() in world and even fling icicles at targets you hit."
    },
    {
      "type": "spell_template",
      "spell": "spell_wild_fire"
    },
    {
      "type": "spell_modifier_template",
      "spell": "spell_wild_fire",
      "modifier": "roots:purple_flame",
      "anchor": "purple_flame"
    },
    {
      "type": "spell_modifier_template",
      "spell": "spell_wild_fire",
      "modifier": "roots:peaceful_flame",
      "anchor": "peaceful_flame"
    },
    {
      "type": "spell_modifier_template",
      "spell": "spell_wild_fire",
      "modifier": "roots:weakening_thorns",
      "anchor": "weakening_thorns"
    },
    {
      "type": "spell_modifier_template",
      "spell": "spell_wild_fire",
      "modifier": "roots:slow_fire",
      "anchor": "slow_fire"
    },
    {
      "type": "spell_modifier_template",
      "spell": "spell_wild_fire",
      "modifier": "roots:green_flame",
      "anchor": "green_flame"
    },
    {
      "type": "spell_modifier_template",
      "spell": "spell_wild_fire",
      "modifier": "roots:spiritual_duality",
      "anchor": "spiritual_duality"
    },
    {
      "type": "spell_modifier_template",
      "spell": "spell_wild_fire",
      "modifier": "roots:poisoned_fire",
      "anchor": "poisoned_fire"
    },
    {
      "type": "spell_modifier_template",
      "spell": "spell_wild_fire",
      "modifier": "roots:floating_cinders",
      "anchor": "floating_cinders"
    },
    {
      "type": "spell_modifier_template",
      "spell": "spell_wild_fire",
      "modifier": "roots:pyroclastic_cloud",
      "anchor": "pyroclastic_cloud"
    },
    {
      "type": "spell_modifier_template",
      "spell": "spell_wild_fire",
      "modifier": "roots:fire_and_ice",
      "anchor": "fire_and_ice"
    },
    {
      "type": "text",
      "title": "Spell Configuration",
      "text": "$(bold)Cooldown:$() The spell has a cooldown of $(spell:wild_fire/SECONDS/cooldown) seconds.$(br2)$(bold)Damage:$() The fireball inflicts $(spell:wild_fire/HEART/damage) hearts of fire damage and sets creatures on fire for $(spell:wild_fire/fire_duration) seconds.$(br2)$(bold)Lifetime:$() The fireball will travel for $(spell:wild_fire/SECONDS/lifetime) seconds.$(br2)$(bold)Slowness:$() With the $(modifier:slow_fire)$() modifier enabled, targets are given Slowness $(spell:wild_fire/ROMAN/slow_amplifier) for $(spell:wild_fire/SECONDS/slow_duration) seconds."
    },
    {
      "type": "text",
      "text": "$(bold)Poison:$() With the $(modifier:poisoned_fire)$() modifier enabled, targets are also given Poison $(spell:wild_fire/ROMAN/poison_amplifier) for $(spell:wild_fire/SECONDS/poison_duration) seconds.$(br2)$(bold)Levitate:$() With the $(modifier:floating_cinders)$() modifier enabled, targets are also given Levitation I for $(spell:wild_fire/SECONDS/levitate_duration).$(br2)$(bold)Peaceful:$() With the $(modifier:peaceful_flame)$() modifier enabled, non-hostile entities are not damaged by Wildfire.$(br2)$(bold)Purple:$() With the $(modifier:purple_flame)$() modifier, your fireball"
    },
    {
      "type": "text",
      "text": "is purple instead!$(br2)$(bold)Green:$() With the $(modifier:green_flame)$() modifier enabled, your fireball is green instead!$(br2)$(bold)Icicles:$() With the $(modifier:fire_and_ice)$() modifier enabled, entities hit by fireballs are also targeted by $(spell:wild_fire/icicle_count) icicles, each dealing $(spell:wild_fire/HEART/icicle_damage) hearts of damage when they hit.$(br2)$(bold)Weakness:$() With the $(modifier:weakening_thorns)$() modifier, entities are also given Weakness $(spell:wild_fire/ROMAN/weakness_amplifier) for $(spell:wild_fire/SECONDS/weakness_duration) seconds."
    },
    {
      "type": "text",
      "text": "$(bold)Fey Fire:$() With the $(modifier:pyroclastic_cloud)$() modifier enabled, the ground beneath targets will spawn $(l:resources/fey_fire)fey fire$().$(br2)$(bold)Growth:$() With the $(modifier:spiritual_duality)$() modifier enabled, eligible crops within a radius of $(spell:wild_fire/radius_x) and $(spell:wild_fire/radius_z) blocks horizontally and $(spell:wild_fire/radius_y) vertically are given $(spell:wild_fire/growth_ticks) growth ticks."
    },
    {
      "type": "relations",
      "anchor": "related",
      "entries": [
        "spells/modifiers",
        "herbs/infernal_bulb",
        "resources/fey_fire"
      ]
    }
  ]
}