{
  "name": "Fey Light",
  "icon": "roots:spell_icon{spell_storage:{s:\"roots:spell_fey_light\"}}",
  "category": "spells",
  "read_by_default": true,
  "flag":  "roots:spell_fey_light",
  "pages": [
    {
      "type": "text",
      "text": "This spell allows you to place simple, floating light sources on the block you're looking at.$(br2)Modifiers allow you to choose the colour, cause them to decay over time, be placed at your location, or consume all nearby lights.$(br2)$(warning) Lights consumed with $(modifier:deluminator)$() cannot be restored without re-placing them."
    },
    {
      "type": "spell_template",
      "spell": "spell_fey_light"
    },
    {
      "type": "spell_modifier_template",
      "spell": "spell_fey_light",
      "modifier": "roots:pink_light",
      "anchor": "pink_light"
    },
    {
      "type": "spell_modifier_template",
      "spell": "spell_fey_light",
      "modifier": "roots:yellow_light",
      "anchor": "yellow_light"
    },
    {
      "type": "spell_modifier_template",
      "spell": "spell_fey_light",
      "modifier": "roots:fixed_light",
      "anchor": "fixed_light"
    },
    {
      "type": "spell_modifier_template",
      "spell": "spell_fey_light",
      "modifier": "roots:purple_light",
      "anchor": "purple_light"
    },
    {
      "type": "spell_modifier_template",
      "spell": "spell_fey_light",
      "modifier": "roots:deluminator",
      "anchor": "deluminator"
    },
    {
      "type": "spell_modifier_template",
      "spell": "spell_fey_light",
      "modifier": "roots:green_light",
      "anchor": "green_light"
    },
    {
      "type": "spell_modifier_template",
      "spell": "spell_fey_light",
      "modifier": "roots:decaying_light",
      "anchor": "decaying_light"
    },
    {
      "type": "spell_modifier_template",
      "spell": "spell_fey_light",
      "modifier": "roots:red_light",
      "anchor": "red_light"
    },
    {
      "type": "spell_modifier_template",
      "spell": "spell_fey_light",
      "modifier": "roots:brown_light",
      "anchor": "brown_light"
    },
    {
      "type": "spell_modifier_template",
      "spell": "spell_fey_light",
      "modifier": "roots:blue_light",
      "anchor": "blue_light"
    },
    {
      "type": "text",
      "title": "Spell Configuration",
      "text": "$(bold)Cooldown:$() The spell has a cooldown of $(spell:fey_light/SECONDS/cooldown) seconds.$(br2)$(bold)Deluminator:$() With the $(modifier:deluminator)$() modifier, lights are consumed within a radius of $(spell:fey_light/radius_x) and $(spell:fey_light/radius_z) horizontally, and $(spell:fey_light/radius_y) vertically."
    },
    {
      "type": "relations",
      "anchor": "related",
      "entries": [
        "spells/modifiers",
        "herbs/cloud_berry"
      ]
    }
  ]
}