{
  "name": "Augment",
  "icon": "roots:spell_icon{spell_storage:{s:\"roots:spell_augment\"}}",
  "category": "spells",
  "read_by_default": true,
  "flag": "roots:spell_augment",
  "pages": [
    {
      "type": "text",
      "text": "Your body is augmented by one of several modifiers:$(br2)You can increase your reach, speed, luck, strength, slow fall or haste, gain absorption, renew your air supply, teleport items to yourself, or drift through the world as though spectral.$(br2)$(warning) This spell requires enabled modifiers to function."
    },
    {
      "type": "spell_template",
      "spell": "spell_augment"
    },
    {
      "type": "spell_modifier_template",
      "spell": "spell_augment",
      "modifier": "roots:reach",
      "anchor": "reach"
    },
    {
      "type": "spell_modifier_template",
      "spell": "spell_augment",
      "modifier": "roots:speed",
      "anchor": "speed"
    },
    {
      "type": "spell_modifier_template",
      "spell": "spell_augment",
      "modifier": "roots:augment_slow_fall",
      "anchor": "augment_slow_fall"
    },
    {
      "type": "spell_modifier_template",
      "spell": "spell_augment",
      "modifier": "roots:light_drifter",
      "anchor": "light_drifter"
    },
    {
      "type": "spell_modifier_template",
      "spell": "spell_augment",
      "modifier": "roots:magnetism",
      "anchor": "magnetism"
    },
    {
      "type": "spell_modifier_template",
      "spell": "spell_augment",
      "modifier": "roots:bitter_luck",
      "anchor": "bitter_luck"
    },
    {
      "type": "spell_modifier_template",
      "spell": "spell_augment",
      "modifier": "roots:absorption",
      "anchor": "absorption"
    },
    {
      "type": "spell_modifier_template",
      "spell": "spell_augment",
      "modifier": "roots:strength_of_flame",
      "anchor": "strength_of_flame"
    },
    {
      "type": "spell_modifier_template",
      "spell": "spell_augment",
      "modifier": "roots:haste",
      "anchor": "haste"
    },
    {
      "type": "spell_modifier_template",
      "spell": "spell_augment",
      "modifier": "roots:second_wind",
      "anchor": "second_wind"
    },
    {
      "type": "text",
      "title": "Spell Configuration",
      "text": "$(bold)Cooldown:$() The spell has a cooldown of $(spell:augment/SECONDS/cooldown) seconds.$(br2)$(bold)Magnetism:$() Items within $(spell:augment/radius_x) and $(spell:augment/radius_z) horizontally and $(spell:augment/radius_y) vertically are teleported directly to you.$(br2)$(bold)Reach:$() You are given $(spell:augment/reach) additional blocks of reach for $(spell:augment/SECONDS/reach_duration) seconds.$(br2)$(bold)Speed:$() You are given Speed $(spell:augment/ROMAN/speed_amplifier) for $(spell:augment/SECONDS/speed_duration) seconds."
    },
    {
      "type": "text",
      "text": "$(bold)Slow Fall:$() You are given Slow Fall for $(spell:augment/SECONDS/slow_fall_duration) seconds.$(bold)Light Drifter:$() You drift as spectral light, seeing through the world for $(spell:augment/SECONDS/drifter_duration) seconds.$(br2)$(bold)Luck:$() You are given Luck $(spell:augment/ROMAN/luck_amplifier) that affects chests and fishing for $(spell:augment/SECONDS/luck_duration) seconds.$(br2)$(bold)Strength:$() You are given Strength $(spell:augment/ROMAN/strength_amplifier) for $(spell:augment/SECONDS/strength_duration) seconds.$(br2)$(bold)Haste:$() You are given Haste $(spell:augment/ROMAN/haste_amplifier) for $(spell:augment/SECONDS/haste_duration) seconds."
    },
    {
      "type": "text",
      "text": "$(bold)Absorption:$() You are given Absorption $(spell:augment/ROMAN/absorption_amplifier) for $(spell:augment/SECONDS/absorption_duration) seconds.$(br2)$(bold)Air:$() Your air supply is increased by $(spell:augment/BUBBLES/air_amount) bubbles."
    },
    {
      "type": "relations",
      "anchor": "related",
      "entries": [
        "spells/modifiers",
        "herbs/wildroot"
      ]
    }
  ]
}