{
	"name": "流浪者升级",
	"category": "upgrades",
	"icon": "craftandhunt:stray_cloth",
	"pages": [
		{
			"type": "spotlight",
			"item": "craftandhunt:stray_cloth",
			"text": "流浪者的布料，可以与骨头盔甲结合使用。如果穿上全套盔甲，能使弹射物获得额外伤害。"
		},
		{
			"type": "smithing",
			"recipe": "craftandhunt:bone_upgraded_to_stray_helmet",
			"recipe2": "craftandhunt:bone_upgraded_to_stray_chestplate"
		},
		{
			"type": "smithing",
			"recipe": "craftandhunt:bone_upgraded_to_stray_leggings",
			"recipe2": "craftandhunt:bone_upgraded_to_stray_boots"
		}
	]
}