{
  "name": "强效炼药升级",
  "icon": "thermal:potion_amplifier_augment",
  "category": "thermal:augments",

  "read_by_default": true,
  "flag": "mod:thermal_innovation",
  "pages": [
    {
      "type": "crafting",
      "recipe": "thermal:augments/potion_amplifier_augment",
      "title": "强效炼药升级",
      "text": "“强效炼药升级”增强将使目标所存储的药水药效提升 1，但缩减 25% 的作用时长。叠加 4 件强效炼药升级将使药水无效化，因为已无作用时长。"
    }
  ]
}
