{
  "name": "逻辑路线规划",
  "icon": "minecraft:written_book",
  "category": "routing",
  "pages": [
    {
      "type": "text",
      "text": "当使用与（AND）路线规划时，矿车只有在所有路线输入都为变道时才变道。 $(br2) ROUTING {$(br)  AND {$(br)    TRUE {$(br)    }$(br)    TRUE {$(br)    }$(br)  }$(br)}"
    },
    {
      "type": "text",
      "text": "当使用或（OR）路线规划时，矿车只要有路线输入为变道就会变道。 $(br2) ROUTING {$(br)  OR {$(br)    TRUE {$(br)    }$(br)    FALSE {$(br)    }$(br)  }$(br)}"
    },
    {
      "type": "text",
      "text": "当使用非（NOT）路线规划时，矿车只有在单个路线输入为不变道时才会变道。 $(br2) ROUTING {$(br)  NOT {$(br)    FALSE {$(br)    }$(br)  }$(br)}"
    }
  ]
}
