{
    "name": "荒古之树",
    "icon": "naturesaura:ancient_leaves",
    "category": "creating",
    "advancement": "naturesaura:wood_stand",
    "pages": [
        {
            "type": "text",
            "text": "恢复一个区域内$(#419600)灵气$()的基础方法是种植$(item)荒古之树$()。 当$(item)荒古树苗$()被种下后，它将像正常的树一样生长，但它的树叶会让区域内的$(#419600)灵气$()缓慢恢复至标准量。$(br)然而，此过程中，这棵树的状态每况愈下：其树叶中的$(#419600)灵气$()流向世界的同时，树叶会枯死，最终仅剩树干。"
        },
        {
            "type": "naturesaura:tree_ritual",
            "text": "用$(l:practices/tree_ritual)森林仪式$()创造$(item)荒古树苗$()",
            "recipe": "naturesaura:ancient_sapling"
        },
        {
            "type": "crafting",
            "recipe": "naturesaura:ancient_planks",
            "recipe2": "naturesaura:ancient_stick"
        }
    ]
}
