{
  "name": "时间路线规划",
  "icon": "minecraft:written_book",
  "category": "routing",
  "pages": [
    {
      "type": "text",
      "text": "当使用时间（TIME）路线规划时，矿车会在两个输入字符串之间的时间段变道。字符串有两个格式。第一个格式对应一天中的时间：\"DAY\"、\"NOON\"、\"NIGHT\"、\"MIDNIGHT\"。第二个对应 \"00:00\"，代表 00:00 到 23:59 之间的时钟时间。"
    },
    {
      "type": "text",
      "text": "接下来的例子中，矿车将在村民醒着且活跃的时候变道。 $(br2)ROUTING {$(br)  TIME {$(br)    \"6:00\"$(br)   \"18:00\"$(br)  }$(br)}"
    }
  ]
}
