{
  "tool": "tconstruct:slime_leggings",
  "text": [
    { "text": "黏液壳既能拿来防御，也能拿来存储，充分的发挥了潜影壳的两种能力。" },
    { "text": "要想打造这条极其美妙的裤子，只需将末影黏液倒在铸造盆中。之后，你可以用爆裂紫颂果制成修补件来修复耐久。", "paragraph": true }
  ],
  "properties": [
    "高耐久度",
    "无护甲值，无防御槽",
    "5个升级槽",
    "1个能力槽",
    "保护你"
  ]
}
