{
    "name": "物质实化机",
    "icon": "endreborn:death_essence",
    "category": "tools",
	"advancement": "endreborn:endreborn/entropy_user",
    "priority": true,
    "pages": [
        {
            "type": "text",
            "text": "完全一致的两个物品！不过我不需要那么多了。这个机械应该是谁或者是什么东西留下的吧\u22EF\u22EF行吧"
        },
	{
             "type": "spotlight",
            "item": "endreborn:entropy_user"
        }

    ]
}