{
    "name": "末影腐肉",
    "icon": "endreborn:food_ender_flesh",
    "category": "tools",
    "priority": true,
    "pages": [
        {
            "type": "text",
            "text": "所有的科学家都会去尝试使用他们自己的发明，不过我想尝尝是什么味道\u22EF\u22EF我感到恶心\u22EF\u22EF不过我好像能看到黑暗中的东西了。"
        },
	{
            "type": "crafting",
            "recipe": "endreborn:items/food_ender_flesh"
        }
    ]
}