{
    "name": "黑曜石",
    "icon": "endreborn:item_shard_obsidian",
    "category": "tools",
    "pages": [
        {
            "type": "text",
            "text": "如果我要用大锤来采集最坚硬的方块--黑曜石会怎么样呢\u22EF\u22EF对，尽管真的很困难，但我还是这样做了。我的力气太小了\u22EF\u22EF我开始羡慕黑曜石的硬度了，唔\u22EF\u22EF"
        },
        {
            "type": "crafting",
            "recipe": "endreborn:armors/armour_helmet_helmet"
        },
	{
            "type": "crafting",
            "recipe": "endreborn:armors/armour_chestplate_obsidian"
        },
	{
            "type": "crafting",
            "recipe": "endreborn:armors/armour_leggings_obsidian"
        },
	{
            "type": "crafting",
            "recipe": "endreborn:armors/armour_boots_obsidian"
        }
    ]
}