{
  "title": "熔铸炉GUI",
  "text": [
    {
      "text": "1：这里是用来放被熔炼的物品的。槽位的个数会随着熔铸炉的大小改变而改变。"
    },
    {
      "text": "2：这里是展示熔融材料的地方。点击其中一个能将其选为用于浇注的材料，将鼠标放在空白部分能显示关于熔铸炉容量的详细信息。",
      "paragraph": true
    },
    {
      "text": "3：这里是显示燃料的位置。将鼠标移至其上能显示燃料的种类与余量。",
      "paragraph": true
    }
  ]
}
