{
    "name": "符石地牢",
    "icon": "theaurorian:runestonekey",
    "category": "2modprogression",
    "sortnum": "2",
    "readbydefault": true,
    "pages": [
        {
            "type": "image",
            "title": "符石地牢",
            "text": "",
            "images": [
                "theaurorian:patchouli_books/the_aurorian_guide/en_us/entries/aurorianbasics/runestone.png"
            ]
        },
        {
            "type": "text",
            "text": "在探索极光幽境的过程中，你会找到$(#008cff)符石地牢$()，这种地牢仅会沿着 x 轴和 z 轴生成，在其中栖息着一些$(#8800ff)符石守卫$()！$(br2)若想去此处探险，你最好带上盾牌，身上的护甲至少应是晶蓝或者铁护甲。当然，记得给你的行囊留多一些空位，因为地牢中有大量的战利品等着你来拿！$(br2与本模组添加的其它地牢一样，$(#008cff)符石地牢$()的墙砖无法被破坏！"
        },
        {
            "type": "spotlight",
            "title": "符石钥匙",
            "item": "theaurorian:runestonekey",
            "text": "可用于开启$(#008cff)符石大门$()，只能以战利品形式获得。"
        }
    ]
}