{
    "name": "符石地牢中的生物",
    "icon": "theaurorian:bossspawnerkeeper",
    "category": "2modprogression",
    "sortnum": "3",
    "readbydefault": true,
    "pages": [
        {
            "type": "entity",
            "entity": "theaurorian:undeadknight",
            "text": "$(#008cff)不死骑士s$()移动速度较慢，被其击中时会获得饥饿效果。"
        },
        {
            "type": "entity",
            "entity": "theaurorian:aurorianslime",
            "text": "$(#008cff)极光史莱姆$()移动速度较快，但是实力很弱。"
        },
        {
            "type": "text",
            "text": "$(#8800ff)符石守卫$()是$(#008cff)符石地牢$()的 Boss。它是一个远程 Boss，但如果你靠得过近，它也会使用近战攻击将你击飞。$(br2)使用盾牌抵挡它所射出的箭矢是一个不错的选择（尤其是在它陷入恐慌状态时）。$(br2)将其击杀后，它会掉落$(#008cff)地牢守卫护身符$()，通往下一座地牢的钥匙！"
        },
        {
            "type": "entity",
            "name": "地牢守卫",
            "entity": "theaurorian:runestonedungeonkeeper"
        }
    ]
}