{
    "name": "暗石地牢",
    "icon": "theaurorian:darkstonekey",
    "category": "2modprogression",
    "sortnum": "4",
    "readbydefault": true,
    "pages": [
        {
            "type": "image",
            "title": "暗石地牢",
            "text": "",
            "images": [
                "theaurorian:patchouli_books/the_aurorian_guide/en_us/entries/aurorianbasics/darkstonedungeon.png"
            ]
        },
        {
            "type": "text",
            "text": "$(#008cff)暗石地牢$()的入口位于地表，大门之下掩藏着重重叠叠如迷宫般的、被蜘蛛占领的地牢。你必须找到$(#8800ff)蛛母$()并击杀它！"
        },
        {
            "type": "crafting",
            "title": "暗石钥匙",
            "recipe": "theaurorian:items/special/darkstonekey"
        },
        {
            "type": "spotlight",
            "title": "暗黑护符",
            "item": "theaurorian:darkamulet",
            "text": "$(#8800ff)蛛母$()会掉落$(#008cff)暗黑护符$()，这一护符为下一座地牢的钥匙，它将会引导你你来到$(#008cff)月宫$()。"
        }
    ]
}