{
  "name": "作物架",
  "icon": "pneumaticcraft:crop_support",
  "category": "semiblocks",
  "advancement": "pneumaticcraft:root",
  "pages": [
    {
      "type": "text",
      "text": "放置在种有$(thing)作物/$的耕地上后，将会提升该作物的增长速度。加速作物的生长时$(item)作物架/$会发出$(thing)绿色粒子效果/$。$(p)要移除$(link)作物架/$，破坏下方的方块或使用$(l:tools/logistics_configurator)物流配置器/$或另一个$(item)作物架/$$(thing)潜行右击/$其所在方块。"
    },
    {
      "type": "crafting",
      "text": "作物架的合成表",
      "recipe": "pneumaticcraft:crop_support"
    }
  ]
}