{
  "name": "燃烧类机器",
  "icon": "pyrotech:textures/gui/book/icon/info.png",
  "category": "innovate_machines",
  "priority": true,
  "pages": [
    {
      "type": "image",
      "border": true,
      "images": [
        "pyrotech:textures/gui/book/photo/stone_oven_00.png"
      ]
    },
    {
      "type": "text",
      "title": "Usage",
      "text": "使用一个$(thing)燃烧类机器$()，将原料放在上方，将燃料放在底部，然后用$(l:appendix/ignition)点火装置$()点燃燃料。$(p)$(info_cn) $(thing)燃烧类机器$()可以用水来节约燃料。（指浇灭后，不再继续燃烧）"
    },
    {
      "type": "text",
      "title": "Automation",
      "text": "$(info_cn) 关于自动化，（机器共高两格）原料可以从机器顶部和第二格高的侧面导入，燃料可以从第一格高的侧面导入，输出的成品则从底面导出。"
    },
    {
      "type": "image",
      "images": [
        "pyrotech:textures/gui/book/illustration/combustion_machine_00.png"
      ]
    },
    {
      "type": "relations",
      "entries": [
        "innovate/stone_crucible",
        "innovate/stone_kiln",
        "innovate/stone_oven",
        "innovate/stone_sawmill"
      ]
    }
  ]
}
