{
  "name": "纸",
  "icon": "minecraft:paper",
  "category": "innovate_soaking",
  "pages": [
    {
      "type": "rrt_soaking_pot_recipe",
      "header": true,
      "recipe": "pyrotech:pulp_from_reeds",
      "recipe2": "pyrotech:pulp_from_wood_chips",
      "text": "$(item)纸浆$()可以用$(item)甘蔗$()或$(item)木屑$()泡在水中制成。"
    },
    {
      "type": "rt_drying_recipe",
      "header": true,
      "recipe": "pyrotech:crude_drying_rack/paper",
      "text": "$(item)纸浆$()之后可以被晾干成$(item)纸$()。"
    },
    {
      "type": "relations",
      "entries": [
        "innovate/soaking_pot",
        "adapt/drying_rack"
      ]
    }
  ]
}