{
  "name": "炭窑",
  "icon": "minecraft:dirt",
  "category": "innovate_pit_burn",
  "pages": [
    {
      "type": "image",
      "border": true,
      "images": [
        "pyrotech:textures/gui/book/photo/pit_burn_01.png"
      ]
    },
    {
      "type": "text",
      "text": "$(thing)炭窑$()的生产包含以下及步骤：$(p)  $(l:adapt/pit_burn#step_1)1. 放置$()$(br)  $(l:adapt/pit_burn#step_2)2. 点燃$()$(br)  $(l:adapt/pit_burn#step_3)3. 覆盖$()$(br)  $(l:adapt/pit_burn#step_4)4. 等待$()$(br)  $(l:adapt/pit_burn#step_5)5. 开箱$()$(p)接下来的几页将会仔细描述$(thing)炭窑$()的生产。"
    },
    {
      "type": "image",
      "title": "1. 放置",
      "anchor": "step_1",
      "images": [
        "pyrotech:textures/gui/book/illustration/pit_burn_00.png"
      ]
    },
    {
      "type": "text",
      "text": "首先，挖个坑，把原料放进去。$(p)$(info_cn) 坑可以比图中的大一点。$(p)$(warning_cn) 如果$(thing)坑窑$()太大，或者没有被原料充满，那么将会失败！"
    },
    {
      "type": "image",
      "title": "2. 点燃",
      "anchor": "step_2",
      "images": [
        "pyrotech:textures/gui/book/illustration/pit_burn_01.png"
      ]
    },
    {
      "type": "text",
      "text": "接下来，使用任何$(l:appendix/ignition)点火装置$()点燃裸露的原料。$(p)之后$(thing)坑窑$()必须立即被泥土等不可燃的方块覆盖。:$(p)$(info_cn) 我的建议是事先把所有的原料都覆盖好，保留唯一一个用来点燃的原料。"
    },
    {
      "type": "image",
      "title": "3. 覆盖",
      "anchor": "step_3",
      "images": [
        "pyrotech:textures/gui/book/illustration/pit_burn_02.png"
      ]
    },
    {
      "type": "text",
      "text": "马上把坑窑用泥土等不可燃的方块覆盖起来。$(p)$(warning_cn) 这时，全坑窑的原料必须被完完全全的被泥土或不可燃的方块包围起来，不然$(thing)坑窑$()就会失败。$(p)如果正确操作，你可以看到烧着的原料在继续冒烟。"
    },
    {
      "type": "image",
      "title": "4. Wait",
      "anchor": "step_4",
      "images": [
        "pyrotech:textures/gui/book/illustration/pit_burn_03.png"
      ]
    },
    {
      "type": "text",
      "text": "完事之后就等着。$(p)$(info_cn) 当$(thing)炭窑$()还在工作，那么它还会冒烟。如果工作完成了，烟雾就会消失。$(p)$(warning_cn) 这个阶段中，不能移除到任何包围着炭窑的方块，不然就会失败。如果$(thing)Pit Burn$()受到干扰，它可能会减产，而产生灰烬，亦或是什么都没有。"
    },
    {
      "type": "image",
      "title": "5. 开箱",
      "anchor": "step_5",
      "images": [
        "pyrotech:textures/gui/book/illustration/pit_burn_04.png"
      ]
    },
    {
      "type": "text",
      "text": "最终，当烟雾消失，移除覆盖着$(thing)炭窑$()的方块，然后在灰烬中寻找你要的产品。"
    },
    {
      "type": "relations",
      "entries": [
        "innovate/log_pile",
        "appendix/ignition"
      ]
    }
  ]
}