{
  "name": "耐火砖",
  "icon": "pyrotech:material:5",
  "category": "innovate",
  "pages": [
    {
      "type": "text",
      "text": "制作$(item)耐火砖$()，你需要先制作一些$(item)燧石粘土$()：$(p)1. 首先，捣碎$(item)燧石碎片$()来制作$(item)粉碎的燧石$()。$(p)2. 然后，融化一些$(item)粘土$()变成$(item)液态粘土$()。$(p)3. 最后把$(item)粉碎的燧石$()浸泡在$(item)液态粘土$()中，来制作$(item)燧石粘土$()。"
    },
    {
      "type": "rrr_anvil_recipe_stone_crucible_recipe_soaking_pot_recipe",
      "anvil_header": true,
      "anvil_recipe": "pyrotech:crushed_flint_from_flint_shard",
      "stone_crucible_header": true,
      "stone_crucible_recipe": "pyrotech:liquid_clay_from_clay_ball",
      "soaking_pot_header": true,
      "soaking_pot_recipe": "pyrotech:flint_clay",
      "text": ""
    },
    {
      "type": "text",
      "text": "接下来，你需要一些$(item)熟石灰$()。$(p)1. 首先，捣碎一些$(item)石灰岩块$()来制作$(item)粉碎的石灰岩$()。$(p)2. 接下来，烧制$(item)粉碎的石灰岩$()制成$(item)生石灰$()。$(p)3. 最后把$(item)生石灰$()泡在$(item)水$()里制作$(item)熟石灰$()。"
    },
    {
      "type": "rrr_anvil_recipe_stone_kiln_recipe_soaking_pot_recipe",
      "anvil_header": true,
      "anvil_recipe": "pyrotech:limestone_rocks_to_crushed_limestone",
      "stone_kiln_header": true,
      "stone_kiln_recipe": "pyrotech:quicklime",
      "soaking_pot_header": true,
      "soaking_pot_recipe": "pyrotech:slaked_lime"
    },
    {
      "type": "crafting",
      "recipe": "pyrotech:refractory_clay_ball",
      "recipe2": "pyrotech:refractory_brick_unfired"
    },
    {
      "type": "rt_stone_kiln_recipe",
      "recipe": "pyrotech:refractory_brick",
      "text": "将$(item)粘土$()，$(item)燧石粘土$()，$(item)熟石灰$()，和$(item)灰烬$()搓在一起来制作$(item)耐火粘土$()。$(p)在$(thing)窑$()里烧制$(item)未烧制的耐火砖$()来制成一个可以使用的成品。"
    },
    {
      "type": "relations",
      "entries": [
        "gather/shard_bone_and_flint",
        "adapt/anvil_granite",
        "bloom/anvil_ironclad",
        "innovate/stone_crucible",
        "bloom/refractory_crucible",
        "innovate/soaking_pot",
        "gather/clay_lump_of",
        "survive/rocks",
        "gather/ash",
        "innovate/stone_kiln",
        "bloom/refractory_kiln"
      ]
    }
  ]
}
