{
  "name": "基础刀片",
  "icon": "pyrotech:sawmill_blade_stone",
  "category": "innovate_machines",
  "pages": [
    {
      "type": "crafting",
      "recipe": "pyrotech:tech/machine/sawmill_blade_stone",
      "recipe2": "pyrotech:tech/machine/sawmill_blade_flint"
    },
    {
      "type": "crafting",
      "recipe": "pyrotech:tech/machine/sawmill_blade_bone"
    },
    {
      "type": "relations",
      "entries": [
        "survive/rocks",
        "adapt/stone",
        "gather/shard_bone_and_flint"
      ]
    }
  ]
}
