{
  "name": "石排液口",
  "icon": "pyrotech:tar_drain",
  "category": "innovate_pit_burn",
  "pages": [
    {
      "type": "crafting",
      "recipe": "pyrotech:tech/refractory/tar_drain_stone",
      "text": "$(item)石排液口$()能排出它前方的收集器中的液体。$(p)$(info_cn) $(item)石排液口$()的前面是有一个巨大洞口的一面。"
    },
    {
      "type": "image",
      "images": [
        "pyrotech:textures/gui/book/illustration/pit_burn_drain.png"
      ],
      "text": "$(warning_cn) $(item)石排液口$()遇热会坏掉，比如熔岩。"
    },
    {
      "type": "relations",
      "entries": [
        "innovate/stone_brick",
        "innovate/pit_burn",
        "innovate/stone_collector"
      ]
    }
  ]
}
