{
  "name": "石收集器",
  "icon": "pyrotech:tar_collector",
  "category": "innovate_pit_burn",
  "pages": [
    {
      "type": "crafting",
      "recipe": "pyrotech:tech/refractory/tar_collector_stone",
      "text": "$(item)石收集器$()将会收集紧贴在上方的原料燃烧产生的液体。"
    },
    {
      "type": "image",
      "images": [
        "pyrotech:textures/gui/book/illustration/pit_burn_collector.png"
      ],
      "text": "$(warning_cn) $(item)石收集器$()遇热会坏掉，比如熔岩。"
    },
    {
      "type": "relations",
      "entries": [
        "innovate/stone_brick",
        "innovate/pit_burn"
      ]
    }
  ]
}