{
  "name": "石工作桌",
  "icon": "pyrotech:worktable_stone",
  "category": "innovate",
  "pages": [
    {
      "type": "text",
      "text": "$(item)石工作桌$()比它的木制亲兄弟更耐用，而且允许物品堆叠。$(p)使用$(item)石工作桌$()的方法和它的$(l:survive/worktable)木制亲兄弟$()一样。$(p)$(italic)译者：这里偷了个懒，加了个工作桌的连接。"
    },
    {
      "type": "crafting",
      "recipe": "pyrotech:tech/basic/worktable_stone"
    },
    {
      "type": "relations",
      "entries": [
        "innovate/stone_brick",
        "innovate/stone_bricks",
        "survive/worktable",
        "adapt/stone"
      ]
    }
  ]
}