{
  "name": "石门",
  "icon": "pyrotech:stone_door",
  "category": "innovate_pit_burn",
  "pages": [
    {
      "type": "crafting",
      "recipe": "pyrotech:stone_door",
      "text": "$(info_cn) $(item)石门$()如果紧贴着原料可以用来密封$(thing)炭窑$()。点燃原料，然后立马关门（走人）。$(p)$(italic)译者：注意门的朝向，需要向内！"
    },
    {
      "type": "image",
      "border": true,
      "images": [
        "pyrotech:textures/gui/book/photo/pit_burn_00.png"
      ]
    },
    {
      "type": "relations",
      "entries": [
        "innovate/stone_brick",
        "innovate/pit_burn"
      ]
    }
  ]
}