{
  "name": "石工具",
  "icon": "minecraft:stone_pickaxe",
  "category": "innovate_stone",
  "pages": [
    {
      "type": "crafting",
      "recipe": "pyrotech:stone_pickaxe",
      "recipe2": "pyrotech:stone_axe"
    },
    {
      "type": "crafting",
      "recipe": "pyrotech:stone_shovel",
      "recipe2": "pyrotech:stone_hoe"
    },
    {
      "type": "crafting",
      "recipe": "pyrotech:stone_sword"
    },
    {
      "type": "relations",
      "entries": [
        "gather/sticks",
        "innovate/stone_brick"
      ]
    }
  ]
}
