{
  "name": "浸焦油的木板材",
  "icon": "pyrotech:planks_tarred",
  "category": "innovate_soaking",
  "pages": [
    {
      "type": "rrt_soaking_pot_recipe",
      "header": true,
      "recipe": "pyrotech:planks_tarred",
      "header2": true,
      "recipe2": "pyrotech:board_tarred",
      "text": "浸焦油的木板材比普通的木板材更加耐用，并且更防水。"
    },
    {
      "type": "relations",
      "entries": [
        "innovate/soaking_pot",
        "innovate/wood_boards"
      ]
    }
  ]
}
