{
  "name": "木板材",
  "icon": "pyrotech:material:20",
  "category": "innovate",
  "pages": [
    {
      "type": "rrt_stone_sawmill_recipe",
      "header": true,
      "recipe": "pyrotech:board_tier_0",
      "recipe2": "pyrotech:board_tier_1"
    },
    {
      "type": "rrt_stone_sawmill_recipe",
      "header": true,
      "recipe": "pyrotech:board_tier_2",
      "recipe2": "pyrotech:board_tier_3"
    },
    {
      "type": "relations",
      "entries": [
        "innovate/stone_sawmill",
        "bloom/refractory_sawmill"
      ]
    }
  ]
}