{
  "name": "艾瑟金属",
  "icon": "occultism:iesnium_ingot",
  "category": "occultism:misc",
  "sortnum": 20,
  "pages": [
    {
      "type": "spotlight",
      "item": "occultism:iesnium_ore",
      "text": "艾瑟金属是一种生成在下界的$(thing)异界矿物$()。因此它只能使用$(l:rituals/crafting/craft_infused_pickaxe)灌注镐$(/l)或$(item)艾瑟金属镐$()采掘，同时你还需要戴上$(l:rituals/crafting/craft_otherworld_goggles)异界眼镜$(/l)。"},
    {
      "type": "crafting",
      "recipe": "occultism:crafting/iesnium_pickaxe",
      "text": "艾瑟金属的第一种用途就是制作工具，然后挖更多的艾瑟金属！"
    },
    {
      "type": "spotlight",
      "item": "occultism:iesnium_ingot",
      "text": "艾瑟金属的主要用途是为，在$(l:rituals/crafting/craft_dimensional_mineshaft)维度矿井$(/l)召唤$(l:rituals/crafting/craft_miner_spirits)矿工魔灵$(/l)。"}
  ]
}
