{
	"components": [
		{
			"type": "header",
			"text": "#result->iname",
			"guard": "#small->exists->inv",
			"x": -1,
			"y": -1
		},
		{
			"type": "header",
			"text": "#result->iname",
			"guard": "#small",
			"scale": 0.75,
			"x": -1,
			"y": -1
		},
		{
			"type": "item",
			"item": "#item1",
			"x": 10,
			"y": 15
		},
		{
			"type": "item",
			"item": "#item2",
			"x": 30,
			"y": 15
		},
		{
			"type": "item",
			"item": "#result",
			"framed": true,
			"link_recipe": true,
			"x": 80,
			"y": 15
		},
		{
			"type": "text",
			"text": "#text",
			"x": 0,
			"y": 40
		}
	]
}