{
  "name": "格言瓷砖",
  "icon": "pneumaticcraft:aphorism_tile",
  "category": "machines",
  "advancement": "pneumaticcraft:assembly_controller",
  "pages": [
    {
      "type": "text",
      "text": "在这些像告示牌一样的方块上你可以写下理论上无穷多的文本。输入时文本将会自动缩放以使得全部文本可以被显示在瓷砖上。$(p)放置一个格言瓷砖时，其$(ttcolor)$(t:这可以在配置文件里禁用 - 见 'B:dramaSplash')默认/$显示一条随机的由$(l:http://mc-drama.herokuapp.com/)Drama Generator/$生成的文本。"
    },
    {
      "type": "text",
      "text": "$(li)$(item)格言瓷砖/$可以通过空手$(thing)右击/$原地编辑。$(li)可以使用$(thing)Alt + 0-9/a-f/l/m/n/o/r/$ 添加标识符（$(l:https://minecraft.gamepedia.com/Formatting_codes)标准原版标识符/$）。$(li)按下 $(thing)F1/$ 显示编辑器键位绑定的帮助。$(li)$(item)格言瓷砖/$可以通过使用染料（识别矿物辞典）$(thing)右击/$染色。瓷砖的边界与背景可以通过右击相应部分来单独染色。"
    },
    {
      "type": "pneumaticcraft:assembly_system",
      "item": "pneumaticcraft:aphorism_tile"
    }
  ]
}