{
  "name": "气举",
  "icon": "pneumaticcraft:gas_lift",
  "category": "machines",
  "advancement": "pneumaticcraft:pressure_tube",
  "pages": [
    {
      "type": "text",
      "text": "简而言之，$(item)气举/$就是一个泵。其使用$(l:base_concepts/pressure)压力/$减小某种流体的密度，以迫使其上升。$(p)提供压力后，其将向下伸出$(l:tubes/pressure_tubes)压力管道/$（这也是必需的），直到其接触到流体；此时其将会泵取这一流体。这使得其很适合泵取$(l:base_concepts/oil)石油/$，因为其可能处于地层深处。"
    },
    {
      "type": "text",
      "text": "下伸途径中的任何固体方块都会被破坏，不产生掉落物。破坏方块需要空气；对于硬度低的方块，比如泥土或沙子，消耗量很小；但对于硬度高的方块，例如黑曜石，消耗量则很大。如果使用$(l:tubes/pressure_tubes#advanced)高级压力管道/$作为钻管，空气耗量减少一半。$(p)抽取流体的空气耗量随抽取深度线性增长，换言之，随目前压力管道的数目线性增长。"
    },
    {
      "type": "text",
      "title": "模式标签页",
      "text": "气举可以被切换至以下三种模式之一：$(li)$(#00f)泵取，允许清空储罐/$伸出压力管道，泵取所遇的流体。$(li)$(#00f)泵取，在储罐中残留过滤/$行为与前一模式类似，但在内部保留 1000 mB 的流体，作为过滤。可以用于保证并不抽取其余流体，仅抽取指定类别的流体。"
    },
    {
      "type": "text",
      "text": "$(li)$(#00f)收回管道/$停止泵取，并将所有伸出的管道收回至其界面中的管道槽位。"
    },
    {
      "type": "crafting",
      "text": "气举的合成表",
      "recipe": "pneumaticcraft:gas_lift"
    }
  ]
}