{
  "name": "液体漏斗",
  "icon": "pneumaticcraft:liquid_hopper",
  "category": "machines",
  "advancement": "pneumaticcraft:root",
  "pages": [
    {
      "type": "text",
      "text": "$(item)液体漏斗/$是一个可以传输流体的设备。与$(l:machines/omnidirectional_hopper)全方位漏斗/$类似，其输入面可以朝向任何方向，并使用同样的放置与旋转朝向方式。可以安装$(l:base_concepts/upgrades#speed)速度升级/$以提升传输速度。"
    },
    {
      "type": "spotlight",
      "item": "pneumaticcraft:liquid_hopper",
      "text": "$(item)流体漏斗/$同样会试图从$(9)输入/$面前方的物品抽取流体，并将其输入到$(6)输出/$面前方的物品。这里的“物品”包括水桶，熔岩桶，或其余模组的流体容器。"
    },
    {
      "type": "text",
      "title": "Dispenser Upgrade",
      "flag": "pneumaticcraft:liquidHopperDispenser",
      "text": "若$(item)流体漏斗/$安装了$(l:base_concepts/upgrades#dispenser)发射器升级/$，其将会吸取$(9)输入/$端的流体方块（1000 mB），向$(6)输出/$端释放 1000 mB 流体形成流体方块。例如，可以用作水泵。"
    },
    {
      "type": "crafting",
      "text": "流体漏斗的合成表",
      "recipe": "pneumaticcraft:liquid_hopper"
    }
  ]
}