{
  "name": "哨戒炮",
  "icon": "pneumaticcraft:sentry_turret",
  "category": "machines",
  "advancement": "pneumaticcraft:plastic",
  "pages": [
    {
      "type": "text",
      "text": "$(thing)哨戒炮/$是一台自动防御武器。其使用内置的$(l:tools/minigun)加特林机枪/$与$(l:tools/minigun_ammo)机枪弹药/$（但弹药需要另行供给）向范围内的实体射击。默认射击范围为 16 格，但这可以使用$(l:base_concepts/upgrades#range)范围升级/$提升到最大 32 格方块。$(p)哨戒炮不需要$(l:base_concepts/pressure)压力/$以工作，但仍需要提供$(l:tools/minigun_ammo)机枪弹药/$。"
    },
    {
      "type": "spotlight",
      "item": "pneumaticcraft:sentry_turret",
      "text": "$(thing)哨戒炮/$的攻击目标可在界面中通过输入$(l:base_concepts/entity_filter)实体过滤器/$配置；长按 $(thing)F1/$ 以显示过滤器帮助。$(p)$(bold)重要的是/$：在装填弹药$(italic)前/$输入过滤，以免受到不必要的伤害。"
    },
    {
      "type": "spotlight",
      "item": "pneumaticcraft:security_station",
      "text": "若$(thing)哨戒炮/$处在一个或多个$(l:machines/security_station)安全站/$的范围内，其将不会攻击同时在$(italic)所有/$安全站白名单内的玩家，无论实体过滤如何。"
    },
    {
      "type": "image",
      "images": [
        "pneumaticcraft:textures/patchouli/sentry_turret.png"
      ],
      "border": "true"
    },
    {
      "type": "crafting",
      "text": "哨戒炮的合成表",
      "recipe": "pneumaticcraft:sentry_turret"
    }
  ]
}
