{
  "name": "万能传感器",
  "icon": "pneumaticcraft:universal_sensor",
  "category": "machines",
  "advancement": "pneumaticcraft:plastic",
  "pages": [
    {
      "type": "text",
      "text": "$(thing)万能传感器/$，正如其名，是可以被用于很多用途的传感器；其测量世界内的条件，并基于此输出$(#f00)红石信号/$。$(p)但万能是有代价的；$(ttcolor)$(t:常信号不需空气即可运行)大多数/$情况下，传感器需要$(l:base_concepts/pressure)空气/$才可运行（1 mL/刻），并且不同传感器需要特定$(l:base_concepts/upgrades)升级/$才可运行。"
    },
    {
      "type": "spotlight",
      "item": "pneumaticcraft:universal_sensor",
      "text": "目前传感器可测量的物品多于 15 个，从检测特定方块是否有方块到是否有玩家在使用 Twitch 直播。参见$(thing)万能传感器/$的界面以见可用物品，以及其简介。"
    },
    {
      "type": "text",
      "title": "升级",
      "text": "需要安装$(l:base_concepts/upgrades#entity_tracker)实体追踪升级/$，$(l:base_concepts/upgrades#dispenser)发射器升级/$或是$(l:base_concepts/upgrades#block_tracker)方块追踪升级/$（此时还需要$(l:tools/gps_tool)定位工具/$）以选择对应类别的传感器。例：对区域内的实体计数需要安装$(item)实体追踪升级/$。"
    },
    {
      "type": "text",
      "title": "例：实体计数",
      "text": "假如你有一围栏的动物，想要杀掉部分，前提是还有足够的动物。$(p)向万能传感器安装$(l:base_concepts/upgrades#entity_tracker)实体追踪升级/$以及足够的$(l:base_concepts/upgrades#range)范围升级/$以完全覆盖围栏的范围。$(p)此时在界面中，选择$(thing)实体/$按钮，然后选择$(thing)在范围内/$，最后输入匹配对应的动物的$(l:base_concepts/entity_filter)实体过滤器/$（例如 cow，对应牛）。"
    },
    {
      "type": "crafting",
      "text": "万能传感器的合成表",
      "recipe": "pneumaticcraft:universal_sensor"
    }
  ]
}
