{
  "name": "真空泵",
  "icon": "pneumaticcraft:vacuum_pump",
  "category": "machines",
  "advancement": "pneumaticcraft:pressure_chamber",
  "pages": [
    {
      "type": "text",
      "text": "$(thing)真空泵/$用于制造\ue908\ue909真空。要达到这一点，真空泵需要消耗$(l:base_concepts/pressure)压缩空气/$。$(p)正压应当被施加到 $(#0c0)+ 侧/$；到达最小工作压力时，$(item)真空泵/$开始工作，$(#c00)- 侧/$的压力降低，最低为 -1.0 bar，即为真空。"
    },
    {
      "type": "image",
      "images": [
        "pneumaticcraft:textures/patchouli/vacuum_pump.png"
      ]
    },
    {
      "type": "text",
      "title": "应用",
      "text": "书写该手册时，负压（真空）仅有两个用途：$(li)去除附魔：在$(l:manufacturing/pressure_chamber)压力室/$中放置$(item)被附魔的物品/$与一本原版的$(item)书/$，并施加足够的负压。物品的某一附魔将被传输到书上。$(li)向$(l:tubes/air_grate_module)空气栅管道模块/$施加负压后，其将会吸引实体。"
    },
    {
      "type": "crafting",
      "text": "真空泵的合成表",
      "recipe": "pneumaticcraft:vacuum_pump"
    }
  ]
}
