{
	"name": "patchouli.book.name",
	"landing_text": "patchouli.book.landing",
	"creative_tab": "pneumaticcraft",
	"advancements_tab": "pneumaticcraft",
	"advancement_namespaces": [
		"pneumaticcraft"
	],
	"version": 1,
	"model": "pneumaticcraft:manual",
	"book_texture": "patchouli:textures/gui/book_cyan.png",
	"filler_texture": "pneumaticcraft:textures/patchouli/filler.png",
	"macros": {
		"$(pncr)": "$(#228)PneumaticCraft: Repressurized$()",
		"$(ttcolor)": "$(#880)",
		"$(formula)": "$(#272)"
	}
}