{
  "modifier_id": "tconstruct:bucketing",
  "text": [
    {
      "text": "手持工具时右键使用可以盛装流体，潜行右键可以放出流体。并且工具内流体槽容量会增加1000 mB（四舍五入到最近的整1000 mB）。"
    },
    {
      "text": "有这个升级的工具还可以直接从储罐方块中盛出流体或将流体倒入储罐方块。",
      "paragraph": true
    }
  ],
  "more_text_space": true,
  "effects": [
    "单个等级",
    "需要1个能力槽"
  ]
}
