{
  "name": "Mystic Feather",
  "icon": "roots:mystic_feather",
  "category": "resources",
  "read_by_default": true,
  "pages": [
    {
      "type": "spotlight",
      "item": "roots:mystic_feather",
      "link_recipe": true,
      "text": "These are found on the feathered beasts of the Fey realm, and can be obtained by using $(l:crafting/runic_shears)runic shears$() on suitable entities from our world.$(br2)See $(sources:roots:mystic_feather)JEI$() for a complete listing."
    },
    {
      "type": "relations",
      "anchor": "related",
      "entries": [
        "crafting/runic_shears"
      ]
    }
  ]
}