{
  "title": "盔甲能力",
  "text": [
    { "text": "一般来说，盔甲能力只对某一特定栏位的盔甲起作用。不同栏位的护甲效果也有所不同：" },
    { "text": "\n- 头盔可以通过绑定按键触发特殊效果。" },
    { "text": "\n- 胸甲在空手的时候会获得一些特别的交互 能力，在交互能力一章已经提到过了。" },
    { "text": "\n- 护腿可以获得一些与物品栏有关的能力， 同时也会给予玩家一些被动加成。" },
    { "text": "\n- 靴子可以提供移动和跳跃相关的能力。" }
  ]
}
