{
    "name": "树冠减光器",
    "icon": "naturesaura:oak_generator",
    "category": "creating",
    "advancement": "naturesaura:infused_materials",
    "pages": [
        {
            "type": "text",
            "text": "任何和树打交道的人，在人生中的某个时刻，都肯定会面对这个著名问题：一株$(item)橡树苗$()长成了一颗$(thing)大树$()，变得难以观察、管理和砍伐。$(br)$(item)树冠减光器$()是一个一举两得的方块：$(br)在种有橡树的最多 10 格以内的地方放置此设备，就会使得"
        },
        {
            "type": "text",
            "text": "树苗只长成通常大小。$(br)在此过程中，长成大树的那部分额外的自然能量会被转变为相当多的$(#419600)灵气$()，并被释放到环境中。$(br)值得注意的是，由于$(thing)主世界$()领域是前述树木唯一自然生长的区域，主世界也是该设备起效的唯一地方。$(br)十分明显，利用它的一个好办法是将其放在自动$(thing)林场$()中。"
        },
        {
            "type": "crafting",
            "recipe": "naturesaura:oak_generator",
            "text": "制造$(item)树冠减光器$()"
        }
    ]
}
