{
    "title": "盔甲能力",
    "text": [
        { "text": "盔甲能力通常只在某件盔甲上起效。每件盔甲都有自身独特的属性：" },
        { "text": "\n- 头盔能通过按键控制特殊用途。" },
        { "text": "\n- 胸甲接受空手时起效的能力。多数已在交 互能力中介绍。" },
        { "text": "\n- 护腿接受物品栏相关的能力与为玩家提供 提升的能力。" },
        { "text": "\n- 靴子接受移动与跳跃相关的能力。" }
    ]
}