{  "include": [    {      "template": "catalyst_item",      "as": "1",      "x": 0,      "y": 8    },    {      "template": "catalyst_item",      "as": "2",      "x": 19,      "y": 8    },    {      "template": "catalyst_item",      "as": "3",      "x": 38,      "y": 8    },    {      "template": "catalyst_item",      "as": "4",      "x": 57,      "y": 8    },    {      "template": "catalyst_item",      "as": "5",      "x": 76,      "y": 8    },    {      "template": "catalyst_item",      "as": "6",      "x": 95,      "y": 8    }  ],  "components": [    {      "type": "text",      "text": "#machine",      "x": 0,      "y": 0    },    {      "type": "text",      "text": "and$(br)more!",      "group": "jei",      "guard": "#enablejei",      "x": 95,      "y": 10    },    {      "type": "tooltip",      "tooltip": ["See JEI for more details!"],      "group": "jei",      "guard": "#enablejei",      "width": 18,      "height": 22,      "x": 94,      "y": 8    }  ]}