{
    "name": "月光融锻台",
    "icon": "theaurorian:moonlightforge",
    "category": "1aurorianbasics",
    "sortnum": "6",
    "readbydefault": true,
    "pages": [
        {
            "type": "spotlight",
            "title": "利用月光来融锻！",
            "item": "theaurorian:moonlightforge",
            "text": "$(#008cff)月光融锻台$()被用于将已有的锭融锻为更加强力的工具！"
        },
        {
            "type": "crafting",
            "name": "",
            "recipe": "theaurorian:blocks/tileentity/moonlightforge",
            "text": "使用 JEI 查看全部的配方。$(br2)速记方式：$(br)[$(#008cff)皎月石工具$()] + $(br)[$(#008cff)锭$()] = $(br)[$(#008cff)崭新的工具！$()]"
        },
        {
            "type": "text",
            "title": "重要信息",
            "text": "融锻台只有在能清晰地看到月亮时才能工作，这意味着$(#008cff)它只能在晚上工作$()。它可以透过透明方块，例如草，来看到月亮。$(br2融锻台会保留之前工具的魔咒以及耐久度至新工具！注意：$(#008cff)月光融锻台位置越高，工作的速度也越快！$()"
        },
        {
            "type": "spotlight",
            "item": "minecraft:redstone",
            "text": "如果你的电脑性能不佳，你可以通过给予月光融锻台一个红石信号来让它停止工作。当被给予了一个红石信号时，它不会检查月光的可见情况，也不会进行任何工作。"
        }
    ]
}