{
  "name": "铜",
  "icon": "mysticalworld:copper_ore",
  "category": "ores",
  "flags": "roots:copper",
  "pages": [
    {
      "type": "spotlight",
      "link_recipe": true,
      "item": "mysticalworld:copper_ore",
      "text": "铜矿可以在多个高度发现，而且其分布极有规律。铜矿可以熔炼成铜锭，并用于制作工具。"
    },
    {
      "type": "smelting",
      "link_recipe": true,
      "recipe": "mysticalworld:copper_ore",
      "title": "铜锭",
      "text": "铜制工具和武器的挖掘等级与铁相同。"
    },
    {
      "type": "crafting",
      "recipe": "mysticalworld:copper_axe",
      "recipe2": "mysticalworld:copper_hoe",
      "title": "铜制工具"
    },
    {
      "type": "crafting",
      "recipe": "mysticalworld:copper_knife",
      "recipe2": "mysticalworld:copper_pickaxe"
    },
    {
      "type": "crafting",
      "recipe": "mysticalworld:copper_shovel",
      "recipe2": "mysticalworld:copper_sword"
    }
  ]
}
