{
  "name": "脚手架铁轨",
  "icon": "transport:scaffolding_rail",
  "category": "rails",
  "pages": [
    {
      "type": "text",
      "text": "$(item)脚手架铁轨$()自带支撑，且可以放在半空中。放置后，它会神奇的自动在其下方放置一个$(item)脚手架台阶$()。注：$(item)脚手架台阶$()脚手架方块的放置规则大体相同。"
    },
    {
      "type": "crafting",
      "recipe": "transport:scaffolding_rail",
      "recipe2": "transport:scaffolding_slab"
    }
  ]
}
