{
  "name": "洒水壶",
  "icon": "thermal:watering_can",
  "category": "thermal:tools",

  "read_by_default": true,
  "flag": "mod:thermal_cultivation",
  "pages": [
    {
      "type": "text",
      "text": "为作物浇水来促进其生长。可使用工匠工作台为其注水及加装增强。加装“径向范围拓展”增强后可点按 '$(k:cofh.mode_change_increment)' 键来切换洒水范围。$(l:thermal:world/holding)扩容$(/l)附魔可用以提升其储水量。"
    },
    {
      "type": "crafting",
      "recipe": "thermal:watering_can",
      "title": "洒水壶"
    },
    {
      "type": "text",
      "title": "兼容增强",
      "text": "$(li)$(l:thermal:technology/augments/integral_components)整合组件$(/l)$(li)$(l:thermal:technology/augments/fluid_tank)液槽扩容升级$(/l)$(li)$(l:thermal:technology/augments/area_radius)径向范围拓展$(/l)"
    }
  ]
}