{
    "name": "基本材料",
    "icon": "pneumaticcraft:ingot_iron_compressed",
    "category": "base_concepts",
    "pages": [
        {
            "type": "text",
            "text": "$(pncr)并不生成任何额外的矿物。要开始发展，你只需要$(item)铁锭/$，并将其转化为在整个模组中大量使用的$(item)压缩铁锭$()。$(p)要完成该转化，将$(item)铁锭/$投掷出来，并在附近引起爆炸。$(item)TNT/$ 可以做到这一点，但其他爆炸也可行。"
        },
        {
            "type": "image",
            "images": [
                "pneumaticcraft:textures/patchouli/compressed_iron.png"
            ],
            "text": "$(italic)      不要靠近/$"
        },
        {
            "type": "spotlight",
            "anchor": "compressed_iron_ingot",
            "item": "pneumaticcraft:ingot_iron_compressed",
            "text": "警告：作为爆炸的副作用，大约 20% 的物品将被损耗。要避免这一点，同样可以在$(l:manufacturing/pressure_chamber)压力室/$中合成$(item)压缩铁锭/$。但是，需要$(item)压缩铁锭/$才可以合成$(thing)压力室/$，所以最开始的损耗是不可避免的。"
        },
        {
            "type": "pneumaticcraft:pressure_chamber",
            "item": "pneumaticcraft:ingot_iron_compressed"
        },
        {
            "type": "crafting",
            "anchor": "compressed_iron_block",
            "recipe": "pneumaticcraft:compressed_iron_block",
            "text": "$(item)压缩铁块/$是良好的$(l:base_concepts/heat)热导体/$，可以用于为产生热量的机器提供更多的面以放置$(l:machines/heat_sink)散热片/$。"
        },
        {
            "type": "pneumaticcraft:pressure_chamber",
            "item": "pneumaticcraft:compressed_iron_block"
        }
    ]
}