{
  "name": "热源",
  "icon": "pneumaticcraft:vortex_tube",
  "category": "base_concepts",
  "pages": [
    {
      "type": "text",
      "text": "$(thing)静态热源/$为一类可以直接与相邻的机器进行热传递的方块或流体。获得或失去了过多热量后，这类热源有可能会被转化为其他方块或流体。注：这类热源的热量损失是被外部记录的，因此简单的破坏并重新放置并不能重置损失的热量。"
    },
    {
      "type": "text",
      "title": "原版热源",
      "text": "下列原版方块和流体可被作为静态热源：$(li)空气$(li)冰$(li)浮冰$(li)雪$(li)火把$(li)火（将会熄灭）$(li)熔岩块（将被冷却为地狱岩）$(li)水（将被冷却为冰或加热至蒸发）$(li)熔岩（将被冷却为黑曜石）"
    },
    {
      "type": "text",
      "title": "模组热源",
      "text": "其余模组所添加的部分方块也可以作为具有不同属性的静态热源，包括：$(li)工业2的蒸汽与过热蒸汽$(li)工业2的冷却液和热冷却液$(li)工业2和沉浸工程的铀块$(li)Quark 的烈焰灯$(li)Quark 的硫黄石和永冻石$(li)Natura 的热沙$(li)所有含有热属性的流体（温度值由添加这一流体的模组确定）"
    },
    {
      "type": "text",
      "title": "添加自定义热源",
      "text": "（主要针对整合包制作者）可以在 $(thing)config/pneumaticcraft/BlockHeatProperties.cfg/$ 中定义基本上游戏中任何方块和流体的热属性。可以随意更改这一 JSON 文件，而所作的更改不会被新版本的气动工艺所覆盖（尽管也许会添加新条目）。删除这一文件以进行“恢复出厂设置”。"
    },
    {
      "type": "spotlight",
      "item": "pneumaticcraft:vortex_tube",
      "text": "$(l:machines/vortex_tube)涡流管/$为可用于将$(l:base_concepts/pressure)压力/$转化为温度差的$(thing)动态热源/$。"
    },
    {
      "type": "spotlight",
      "item": "pneumaticcraft:heat_frame",
      "text": "$(l:semiblocks/heat_frame)导热框架/$为一可用于加热（或冷却）容器中的物品的装置。注：导热框架并不会直接与$(thing)静态热源/$进行热传递，但可以在其间放置$(l:base_concepts/basic_materials#compressed_iron_block)压缩铁块/$以传递热量。"
    },
    {
      "type": "spotlight",
      "item": "pneumaticcraft:heat_sink",
      "text": "$(l:machines/heat_sink)散热片/$为一可用于将所附着的方块上的热量散发至空气中的方块。"
    },
    {
      "type": "text",
      "title": "加热熔炉",
      "text": "当$(item)熔炉/$与任何动态热源（如$(l:machines/vortex_tube)涡流管/$，但也包括$(l:compressors/advanced_air_compressor)高级空气压缩机/$等产热机器）相邻时，动态热源所产生的热量将被用于加热熔炉，作为其“燃料”。温度越高，熔炼速度越快。多个热源的这一效应可以被叠加。这一行为在温度达到 100 ℃ 时开始出现。"
    }
  ]
}