{
  "name": "石油",
  "icon": "forge:bucketfilled{FluidName:'oil',Amount:1000}",
  "category": "base_concepts",
  "pages": [
    {
      "type": "text",
      "text": "$(pncr)所添加的世界生成只有一项：$(thing)石油/$。其生成与池塘类似；不同之处是石油在低处的生成几率远高于在高处。因此，建议使用$(l:tools/seismic_sensor)地下石油探测器/$等辅助工具。"
    },
    {
      "type": "text",
      "text": "原油有两个用途：$(l:manufacturing/refinery)精炼/$为高质量燃料，供$(l:compressors/liquid_compressor)流体压缩机/$使用；制造$(l:components/plastic)塑料/$和$(l:components/lubricant)润滑油/$。$(p)$(item)塑料/$在$(pncr)中的许多配方中用到，而$(item)润滑油/$是制造$(l:base_concepts/upgrades#speed)速度升级/$的必需原料。"
    },
    {
      "type": "text",
      "text": "勘测到石油后，需要将其抽取并运出。$(pncr)中抽取石油的建议做法是使用$(l:machines/gas_lift)气举/$，尽管其余模组的泵取手段也可使用。若泵取点远离基地，早期的一个运输办法是使用$(l:machines/liquid_hopper)流体漏斗/$，介于其可以承载至多 16000 mB 的流体，并在破坏后保持其中的流体。（就连气举本身也可以被用于这一用途，因为其被破坏时同样保持其中的流体。"
    },
    {
      "type": "image",
      "images": [
          "pneumaticcraft:textures/patchouli/oil_pumping.png"
      ],
      "text": "$(italic)使用气举泵取石油，并自动输出到流体漏斗/$"
    },
    {
      "type": "text",
      "title": "模组联动",
      "text": "当然，$(pncr)并不是唯一添加$(thing)石油/$的模组；某些模组也会添加（例如$(thing)建筑/$和$(thing)沉浸石油/$）。$(p)取决于世界生成设置，$(pncr)的石油或许并不生成；但$(l:manufacturing/refinery)精炼厂/$可以处理其余模组的“石油”。"
    }
  ]
}