{
  "name": "压力级别",
  "icon": "pneumaticcraft:advanced_pressure_tube",
  "category": "base_concepts",
  "pages": [
    {
      "type": "text",
      "text": "$(pncr)的压力系统中的机器目前有两个$(thing)级别/$：$(p)$(li)$(thing)一级/$机器可以保证承受 5 bar 的压力。$(li)$(thing)二级/$机器可以保证承受 20 bar 的压力。"
    },
    {
      "type": "text",
      "text": "注：在$(pncr)的压力系统中使用的压力单位 $(thing)bar/$ 代表$(bold)高于/$正常大气压的压强，也就是说，0 bar 代表未加压，-1 bar 代表真空。"
    }
  ]
}
