{
  "title": "浇注口",
  "text": [
    {
      "text": "浇注口是将流体从熔化炉、冶炼炉、储罐或任何流体容器中提取出来的主要方式。只需要将其放在对应方块上，右击就能将其中流体倒入下方容器。"
    },
    {
      "text": "浇注口能从其所连接的方块侧面或底面将流体倒出至其正下方的方块。",
      "paragraph": true
    },
    {
      "text": "浇注口受红石信号影响，在其侧放置拉杆并激活就能使其不间断地倒出流体。一次红石脉冲能使其倒出流体至目标容器，直至目标容器被充满或是其所连接的容器被倒光。",
      "paragraph": true
    }
  ]
}
