{
  "name": "森流",
  "icon": "roots:grove_stone",
  "category": "concepts",
  "read_by_default": true,
  "pages": [
    {
      "type": "text",
      "text": "After $(l:concepts/wild_magic)the fall of the Order of Druids$()，许多人都开始尝试增强自身的荒野魔法之力，将这种力量视为它们业已丢失的力量的替代品。$(br2)虽然他们乃是出于私心才如此，但无可否认，他们也产出了一些成果——森流之石，这种石头在增强荒野魔法时有着令人无法忽视的作用，而且它还能够作为合成的催化剂。"
    },
    {
      "type": "multiblock",
      "name": "森流之石",
      "multiblock": {
        "mapping": {
          "0": "roots:grove_stone",
          "M": "roots:grove_stone[half=middle]",
          "T": "roots:grove_stone[half=top]"
        },
        "pattern": [
          [
            " ",
            "T",
            " "
          ],
          [
            " ",
            "M",
            " "
          ],
          [
            " ",
            "0",
            " "
          ],
          [
            " ",
            " ",
            " "
          ],
          [
            " ",
            " ",
            " "
          ]
        ]
      },
      "enable_visualize": false,
      "text": "$(o)这是最近方才出现的石碑变种，以上是缩略图$()"
    },
    {
      "type": "text",
      "text": "模仿精灵，这可不是刚刚谈到的那些后生德鲁伊能够办到的，甚至说，模仿精灵究竟有无可能，人们都尚未清楚。$(br2)回归正题，当你将适当调谐过的设备与森流之石结合时，森流之石便可以让你在一个很大的范围里进行合成和创造。$(br2)有些人认为，它们可以通过一种极小且时间很短的传送门操纵精灵的力量，这种门的大小足以让能量通过，但对于肉眼来说还是微不可查。话虽如此，具体的方法仍是迷雾一团。"
    },
    {
      "type": "multiblock",
      "name": "“精灵”工匠台",
      "multiblock": {
        "mapping": {
          "0": "roots:fey_crafter"
        },
        "pattern": [
          [
            " ",
            "0",
            " "
          ]
        ]
      },
      "enable_visualize": false,
      "text": "$(o)虽然没有什么证据，但大家都叫它“精灵”工匠台。$()"
    },
    {
      "type": "relations",
      "anchor": "related",
      "entries": [
        "crafting/grove_stone"
      ]
    }
  ]
}