{
  "tool": "tconstruct:mattock",
  "text": [
    { "text": "鹤嘴锄是一种精准的挖掘/砍伐工具，可以用来砍伐木头，挖掘泥土、沙砾和沙子。" },
    { "text": "经过“延展”强化的鹤嘴锄可以同时挖掘相邻的同种方块，挖掘范围取决于强化的次数。", "paragraph": true }
  ],
  "properties": [
    "+1.5 攻击力",
    "110% 攻击系数",
    "0.9 攻击速度",
    "110% 采掘系数",
    "125% 耐久系数",
    "砍木头的速度减慢为原有的65%",
    "击退 I",
    "可以制造草径"
  ]
}
