{
  "name": "卡片展示台",
  "icon": "buddycards:card_stand",
  "category": "buddycards:items",
  "sortnum": 8,
  "pages": [
    {
      "type": "text",
      "text": "何时何地你都想放置并展示你的一张卡牌。这个卡片展示台可以持有一张卡牌，它可以有16个朝向，让你炫耀这些牌，或者用它们和朋友玩游戏。"
    },
    {
      "type": "crafting",
      "recipe": "buddycards:card_stand",
      "text": "不过这些展示台并不便宜，制作他们需要一点儿巴迪钢。"
    }
  ]
}