{
  "name": "巴迪钢保险箱",
  "icon": "buddycards:buddysteel_vault.1",
  "category": "buddycards:items",
  "sortnum": 9,
  "pages": [
    {
      "type": "text",
      "text": "用保险箱来存放巴迪卡牌是一个很好的批量存储方式。每一个保险箱都有108个卡槽，每个卡槽可以容纳一组卡片，以及12个普通物品格。$(br2)根据制作时使用的卡牌夹，保险箱的颜色会有所不同。"
    },
    {
      "type": "crafting",
      "recipe": "buddycards:vault.1",
      "recipe2": "buddycards:vault.2"
    },
    {
      "type": "crafting",
      "recipe": "buddycards:vault.3",
      "recipe2": "buddycards:byg/vault.4"
    },
    {
      "type": "crafting",
      "recipe": "buddycards:create/vault.5",
      "recipe2": "buddycards:aquaculture/vault.6"
    },
    {
      "type": "crafting",
      "recipe": "buddycards:fd/vault.7"
    }
  ]
}