{
  "name": "基础机制",
  "sortnum": 0,
  "category": "laserio:mechanics",
  "icon": "laserio:logic_chip",
  "pages": [
    {
      "type": "patchouli:text",
      "text": "手持物流卡右击会打开其界面。你也可以在$(l:laserio:laser_node)节点$(/l)内右击物流卡来打开其界面。$(br2)存入模式：$(br)1. $(l:laserio:modes)模式$(/l)$(br)2. $(l:laserio:sneaky)选择连接$(/l)$(br)3. 过滤器$(br)4. $(l:laserio:overclocker_card)物流卡超频器$(/l)$(br)5. $(l:laserio:priority)优先级$(/l)$(br)6. $(l:laserio:channel)频道$(/l)$(br)7. $(l:laserio:redstonemode)红石模式$(/l)$(br)8. $(l:laserio:redstonechannel)红石频道$(/l)"
    },
    {
      "type": "patchouli:image",
      "title": "存入模式界面",
      "images": [
        "laserio:textures/book/entries/basics1.png"
      ],
      "border": true,
      "text": "设置为存入模式的物品卡。"
    },
    {
      "type": "patchouli:text",
      "text": "提取模式：$(br2)1. $(l:laserio:modes)模式$(/l)$(br)2. $(l:laserio:sneaky)选择连接$(/l)$(br)3. $(l:laserio:roundrobin)轮询调度$(/l)$(br)4. $(l:laserio:exact)精确$(/l)$(br)5. 过滤器$(br)6. $(l:laserio:overclocker_card)物流卡超频器$(/l)$(br)7. $(l:laserio:extractamount)传输数量$(/l)$(br)8. $(l:laserio:tickspeed)传输速度$(/l)$(br)9. $(l:laserio:channel)频道$(/l)"
    },
    {
      "type": "patchouli:image",
      "title": "提取模式界面",
      "images": [
        "laserio:textures/book/entries/basics-extract.png"
      ],
      "border": true,
      "text": "设置为提取模式的物品卡。"
    },
    {
      "type": "patchouli:text",
      "text": "存储模式:$(br2)1. $(l:laserio:modes)模式$(/l)$(br)2. $(l:laserio:sneaky)选择连接$(/l)$(br)3. $(l:laserio:regulate)数量调节$(/l)$(br)4. $(l:laserio:exact)精确$(/l)$(br)5. 过滤器$(br)6. $(l:laserio:overclocker_card)物流卡超频器$(/l)$(br)7. $(l:laserio:extractamount)传输数量$(/l)$(br)8. $(l:laserio:tickspeed)传输速度$(/l)$(br)9. $(l:laserio:channel)频道$(/l)"
    },
    {
      "type": "patchouli:image",
      "title": "存储模式界面",
      "images": [
        "laserio:textures/book/entries/basics-stock.png"
      ],
      "border": true,
      "text": "设置为存储模式的物品卡。"
    }
  ]
}