{
  "name": "基础过滤器",
  "sortnum": 1,
  "category": "laserio:filters",
  "icon": "laserio:filter_basic",
  "pages": [
    {
      "type": "patchouli:text",
      "text": "基础过滤器用于限制对应存储空间内能存入何种物品。$(br2)过滤器内的槽是“幽灵槽”，它们不存放实际物品，只存放物品的信息。"
    },
    {
      "type": "patchouli:text",
      "text": "若装有JEI，你可以直接从JEI物品列表内将对应物品拖至“幽灵槽内”。左击后左键拖出即可。"
    }
  ]
}