{
  "name": "逻辑芯片",
  "icon": "laserio:logic_chip",
  "sortnum": 0,
  "category": "laserio:items",
  "pages": [
    {
      "type": "patchouli:text",
      "text": "逻辑芯片是本模组最重要的合成原料。$(br2)它是唯一仅用原版材料就可合成的物品，其余物品的合成均会直接或间接地使用到逻辑芯片。"
    },
    {
      "type": "patchouli:crafting",
      "title": "未成形的逻辑芯片",
      "recipe": "laserio:logic_chip_raw"
    },
    {
      "type": "patchouli:smelting",
      "title": "逻辑芯片",
      "recipe": "laserio:logic_chip"
    }
  ]
}