{
  "name": "数量调节",
  "sortnum": 9,
  "category": "laserio:mechanics",
  "icon": "laserio:textures/gui/buttons/regulatetrue.png",
  "pages": [
    {
      "type": "patchouli:text",
      "text": "数量调节仅在存储模式可用。$(br2)数量调节确保计数过滤器会在对应存储空间内存有给定数量的物品、流体或能量，不多也不少。"
    },
    {
      "type": "patchouli:text",
      "text": "禁用数量调节时，多余物品不会被传出。若某存储卡以计数过滤器请求32个圆石，当玩家或物流卡存入更多圆石时，这些多出来的圆石不会被传出。$(br2)启用数量调节时，多余的圆石会在网络内有存入卡能接收圆石时传出多余部分。"
    }
  ]
}