{
  "name": "选择连接",
  "sortnum": 2,
  "category": "laserio:mechanics",
  "icon": "laserio:textures/gui/buttons/sneaky-up.png",
  "pages": [
    {
      "type": "patchouli:text",
      "text": "选择连接设置决定物流卡会对毗邻存储空间的哪一面交互。$(br2)例如，熔炉从其上面接受待烧炼的物品。若节点在熔炉的侧面并将选择连接设置为“上”，"
    },
    {
      "type": "patchouli:text",
      "text": "该卡便会将物品从熔炉的上面存入熔炉。$(br2)另一张卡可将选择连接设置为“下”以从熔炉下方输入燃料。"
    }
  ]
}