{
  "name": "传输速度",
  "sortnum": 8,
  "category": "laserio:mechanics",
  "icon": "minecraft:textures/item/clock_00.png",
  "pages": [
    {
      "type": "patchouli:text",
      "text": "传输速度仅在提取和存储模式可用。$(br2)该设置决定物流卡运行的速度。默认值20刻意味着提取卡每20刻（1秒）提取一次。"
    },
    {
      "type": "patchouli:text",
      "text": "提取卡和存储卡默认值（也是最小值）为20，最大值为1200，装有$(l:laserio:overclocker_card)物流卡超频器$(/l)时该值范围不同。传输速度（刻）最小值与超频器数量关系如下：$(br)1. 15$(br)2. 10$(br)3. 5$(br)4. 1$(br2)若想每刻提取一次，你需要装入4个超频器。"
    },
    {
      "type": "patchouli:text",
      "text": "左击传输速度增加1，右击减少1。按住Shift点击会以10的倍数调整传输速度，按住Ctrl则以64的倍数进行调整。$(br2)当然也可以同时按住Shift和Ctrl，以640的倍数进行调整。$(br2)例如，按住Shift右击会将传输速度减少10。"
    }
  ]
}