{
  "title": "结构要求",
  "text": [
    {
      "text": "成功搭建冶炼炉有几点要求。如果建得太大，燃料效率会低到所需的燃料储罐会比冶炼炉本身还占地方。"
    },
    {
      "text": "你的冶炼炉必须要有一层由有效冶炼炉方块（不含焦黑玻璃）搭建成的底板。几页后会有一张有效方块列表。冶炼炉也必须是长方体，不能是L形，不能是圆形，更不能是十二面体形的。",
      "paragraph": true
    },
    {
      "text": "冶炼炉最大体积为外部16x16x65，或内部14x14x64。",
      "paragraph": true
    }
  ]
}
