
{
  "name": "装配线",
  "icon": "pneumaticcraft:assembly_controller",
  "category": "manufacturing",
  "advancement": "pneumaticcraft:printed_circuit_board",
  "pages": [
    {
      "type": "text",
      "text": "要合成高级的组件，需要$(thing)装配线/$：一系列$(thing)装配机器/$。这些机器在水平方向上相邻时可以相互交互。在一个装配线中，每种机器只能存在一个（$(item)装配台 IO 设备/$除外；见下）。装配线消耗$(l:base_concepts/pressure)压缩空气/$运行，但只需要向装配控制器供应空气使其运作。"
    },
    {
      "type": "spotlight",
      "item": "pneumaticcraft:assembly_controller",
      "text": "$(thing)装配线/$的核心。其接受指定其控制其他$(thing)装配机器/$的方式的$(l:manufacturing/assembly_programs)装配程序/$。$(p)控制器的界面显示关于其状态的诊断信息。打开界面以查看其状态。"
    },
    {
      "type": "spotlight",
      "item": "pneumaticcraft:assembly_io_unit",
      "text": "容器与$(item)装配平台/$的连接。其机械臂可以访问斜向相邻的方块。$(p)装配台 IO 设备可以输出已完成的物品，或输入合成用的物品。可以使用任何容器：原版$(item)箱子/$或其他模组的容器方块。"
    },
    {
      "type": "text",
      "title": "装配台 IO 设备（续）",
      "text": "$(thing)装配线/$必须含有$(italic)两个/$$(item)装配线 IO 设备/$；一个处于输入模式，一个处于输出模式。$(p)可以通过使用（气动）扳手切换$(item)装配台 IO 设备/$的模式：$(6)橙色/$代表输出模式，$(9)蓝色/$代表输入模式。要使$(item)装配台 IO 设备/$运行，其需要可以与$(item)装配平台/$与可供输入/输出物品（取决于其模式）的容器。"
    },
    {
      "type": "spotlight",
      "item": "pneumaticcraft:assembly_platform",
      "text": "可供其他$(thing)装配机器/$使用的工作台。其用于在钻孔/激光切割时保持物品不移动。$(p)$(item)装配平台/$最好放置在装配线中间，因为其他机器都需要访问它。"
    },
    {
      "type": "spotlight",
      "item": "pneumaticcraft:assembly_drill",
      "text": "$(thing)装配线/$中进行实际加工的机器之一。其钻石钻头可以钻透最坚硬的材料。$(p)$(item)装配钻头/$$(italic)不/$能斜向访问方块，因此其必须直接与$(thing)装配平台/$相邻。"
    },
    {
      "type": "spotlight",
      "item": "pneumaticcraft:assembly_laser",
      "text": "$(thing)装配线/$中进行实际加工的机器之一。其激光可以切割材料，以将物品切片，或切去边角。$(p)和$(item)装配钻头/$一样，$(item)装配激光/$$(italic)不/$能斜向访问方块。"
    },
    {
      "type": "text",
      "title": "使用装配线",
      "text": "要使用$(thing)装配线/$合成物品，向$(item)装配控制器/$中放入$(l:manufacturing/assembly_programs)装配程序/$，并在输入容器中放入合成所需的物品。$(p)任何匹配所选程序对应的可用合成的物品将会被自动合成。"
    },
    {
      "type": "link",
      "flag": "mod:crafttweaker",
      "title": "CraftTweaker",
      "text": "$(thing)装配线/$中的合成配方支持被 $(l:https://minecraft.curseforge.com/projects/crafttweaker)CraftTweaker/$ 修改：合成配方可以被加入或移除，见下面链接以获得更多信息。",
      "url": "https://docs.blamejared.com/1.12/zh/Mods/PneumaticCraft_Repressurized/Assembly/",
      "link_text": "CraftTweaker 文档"
    },
    {
      "type": "crafting",
      "recipe": "pneumaticcraft:assembly_controller",
      "recipe2": "pneumaticcraft:assembly_platform"
    },
    {
      "type": "crafting",
      "recipe": "pneumaticcraft:assembly_io_unit",
      "recipe2": "pneumaticcraft:assembly_drill"
    },
    {
      "type": "crafting",
      "recipe": "pneumaticcraft:assembly_laser"
    }
  ]
}