{
  "name": "蚀刻酸",
  "icon": "forge:bucketfilled{FluidName:'etchacid',Amount:1000}",
  "category": "manufacturing",
  "advancement": "pneumaticcraft:pressure_chamber",
  "pages": [
    {
      "type": "text",
      "text": "蚀刻酸用于以化学的方式蚀刻$(l:components/pcb)印刷电路板/$。蚀刻酸在$(l:manufacturing/pressure_chamber)压力室/$中制作。$(p)见$(l:components/pcb)印刷电路板/$所在页面以获取印刷电路板制作的更多信息。"
    },
    {
      "type": "pneumaticcraft:pressure_chamber",
      "item": "forge:bucketfilled{FluidName:'etchacid',Amount:1000}"
    }
  ]
}
