{
  "name": "塑料混合机",
  "icon": "pneumaticcraft:plastic_mixer",
  "category": "manufacturing",
  "advancement": "pneumaticcraft:tp_plant",
  "pages": [
    {
      "type": "text",
      "text": "$(item)塑料混合机/$可以用于将$(l:components/plastic)液态塑料/$转化合成表中为固态的$(thing)塑料/$，反之亦然。$(p)融化$(thing)塑料/$需要$(l:base_concepts/heat)热量/$（150 ℃)，但固化$(thing)塑料/$$(italic)不/$需要热量，仅需要$(4)红/$/$(2)绿/$/$(1)蓝/$$(item)染料/$（$(item)白色塑料/$除外；其不需要染料）。"
    },
    {
      "type": "text",
      "title": "固化塑料",
      "text": "打开$(bold)选择塑料/$标签页：其将显示一个有 16 种颜色的面板。点击所需的$(thing)塑料/$颜色，然后所需的染料将会与$(l:components/plastic)液态塑料/$混合并固化为输出槽中的$(item)塑料/$物品。$(p)$(bold)锁定选择/$复选框将颜色锁定在下一个选择的颜色，使其连续地产生指定颜色的塑料。"
    },
    {
      "type": "text",
      "title": "红石控制",
      "text": "除去默认的$(thing)红石/$选项（有信号时运行，无信号时运行），$(item)塑料混合机/$还有$(bold)根据信号选择塑料/$模式。$(p)该模式中，所选的$(item)塑料/$颜色将会基于$(#f00)红石信号/$强度被指定。例如：0 -> 黑色，1 -> 红色，等等，按照机器界面中的按钮顺序排列。"
    },
    {
      "type": "link",
      "flag": "mod:crafttweaker",
      "title": "CraftTweaker",
      "text": "$(thing)塑料混合机/$中的合成配方支持被 $(l:https://www.curseforge.com/minecraft/mc-mods/crafttweaker)CraftTweaker/$ 修改：合成配方可以被加入或移除，见下面链接以获得更多信息。",
      "url": "https://docs.blamejared.com/1.12/zh/Mods/PneumaticCraft_Repressurized/PlasticMixer/",
      "link_text": "CraftTweaker 文档"
    },
    {
      "type": "crafting",
      "text": "塑料混合机的合成表",
      "recipe": "pneumaticcraft:plastic_mixer"
    }
  ]
}