
{
  "name": "压力室",
  "icon": "pneumaticcraft:pressure_chamber_wall",
  "category": "manufacturing",
  "advancement": "pneumaticcraft:pressure_tube",
  "pages": [
    {
      "type": "text",
      "text": "$(thing)压力室/$是一个多方块结构，用于将各种材料相互压缩。介于其很大的空气容量，其亦可作为“空气容器”使用。$(p)多方块结构的构建遵循下列规则：$(p)$(li)整个多方块结构的尺寸为 3*3*3，4*4*4，5*5*5，结构为中空。"
    },
    {
      "type": "text",
      "text": "$(li)结构的$(thing)边/$和$(thing)角/$必须是$(item)压力室墙壁/$或$(item)压力室玻璃/$。$(li)结构的$(thing)面/$必须是$(item)压力室墙壁/$，$(item)压力室玻璃/$，$(item)压力室气阀/$或$(l:manufacturing/pressure_chamber#interface)压力室接口/$。$(li)结构必须有至少一个$(item)压力室气阀/$。$(li)多方块结构建议有至少两个$(item)压力室接口/$（一个朝内，一个朝外）。"
    },
    {
      "type": "multiblock",
      "name": "压力室",
      "multiblock_id": "pneumaticcraft:pressure_chamber_3",
      "text": "一个可行的压力室，尺寸为 3*3*3，有 1 个$(item)气阀/$和 2 个$(item)接口/$"
    },
    {
      "type": "multiblock",
      "name": "压力室",
      "multiblock_id": "pneumaticcraft:pressure_chamber_4",
      "text": "一个可行的压力室，尺寸为 4*4*4，有 2 个$(item)气阀/$和 2 个$(item)接口/$"
    },
    {
      "type": "multiblock",
      "name": "压力室",
      "multiblock_id": "pneumaticcraft:pressure_chamber_5",
      "text": "一个可行的压力室，尺寸为 5*5*5，有 4 个$(item)气阀/$和 4 个$(item)接口/$"
    },
    {
      "type": "spotlight",
      "anchor": "interface",
      "item": "pneumaticcraft:pressure_chamber_interface",
      "text": "$(item)压力室接口/$用于自动化$(thing)压力室/$的物品输入输出。物品$(italic)必须/$使用$(item)漏斗/$或其它模组添加的管道系统输入。建议有至少两个接口：一个写有“I”的一面朝外（即$(thing)输入接口/$），另一个写有“O”的一面朝外（即$(thing)输出接口/$）。"
    },
    {
      "type": "text",
      "text": "有好几种办法选定哪些物品应该被$(item)接口/$所输入输出。可以点击$(thing)过滤/$标签页中的按钮以在其间切换：$(li)$(bold)物品/$ - 按物品类型匹配；留空将运输任何物品被输入/输出。$(li)$(bold)名称包含/$ - 匹配所有名称中包含给定文本的物品。$(li)$(bold)名称起始于/$ - 匹配所有名称以给定文本开头的物品."
    },
    {
      "type": "text",
      "text": "输出模式的$(item)压力室接口/$将把物品自动输出到相邻的容器；此处的容器不一定包括其余模组的管道，取决于其某些属性。$(p)每传输一个物品需要消耗 1000mL $(l:base_concepts/pressure)空气/$。也就是说，要传输一组（堆叠数为 64）物品，$(item)压力室接口/$需要 64000mL 空气（对于一个基本的 3*3*3 压力室，这相当于 4 bar 的压力）。如果接口看似卡住了，其仅仅是在等待压力积攒起来。"
    },
    {
      "type": "text",
      "text": "$(bold)小提示/$$(p)$(li)在压缩$(item)铁/$时，压缩$(item)铁块/$，介于其仅仅使用逐锭压缩所消耗的空气的 1/9。$(li)要向（空的）压力室输出接口添加物品过滤，将接口设置为$(#f00)红石信号/$控制。这将会放置其立刻抽出物品，甚至在物品被压缩之前。"
    },
    {
      "type": "crafting",
      "recipe": "pneumaticcraft:pressure_chamber_wall",
      "recipe2": "pneumaticcraft:pressure_chamber_glass"
    },
    {
      "type": "crafting",
      "recipe": "pneumaticcraft:pressure_chamber_valve",
      "recipe2": "pneumaticcraft:pressure_chamber_interface"
    }
  ]
}

