
{
  "name": "精炼厂",
  "icon": "pneumaticcraft:refinery",
  "category": "manufacturing",
  "advancement": "pneumaticcraft:oil_bucket",
  "pages": [
    {
      "type": "text",
      "text": "$(item)精炼厂/$是一个使用$(l:base_concepts/heat)热量/$将$(l:base_concepts/oil)石油/$精炼为各种燃料。其在 100 ℃ 下即可开始工作。温度越高，精炼速度越快。能生产的燃料如下表所示，由轻到重排序：$(li)$(thing)液化石油气（LPG）/$$(li)$(thing)汽油/$$(li)$(thing)煤油/$$(li)$(thing)柴油/$"
    },
    {
      "type": "text",
      "text": "$(item)精炼厂/$不能以单方块形式运行：需要竖向堆叠 2-4 个精炼塔使其工作。$(p)不同的多方块结构大小有不同的产出；若输入 10mB 石油：$(p)$(bold)2 个精炼塔/$$(br)$(li)$(thing)液化石油气/$（2mB）$(li)$(thing)柴油/$（4mB）$(br)$(bold)3 个精炼塔/$$(li)$(thing)液化石油气/$（2mB）$(li)$(thing)煤油/$（3mB）$(li)$(thing)柴油/$（2mB）"
    },
    {
      "type": "text",
      "text": "$(bold)4 个精炼厂/$$(br)$(li)$(thing)液化石油气/$（2mB）$(li)$(thing)汽油/$（3mB）$(li)$(thing)煤油/$（3mB）$(li)$(thing)柴油/$（2mB）$(p)轻燃料永远在靠上的$(item)精炼厂/$输出，重燃料永远在靠下的$(item)精炼厂/$输出。若向已有结构添加$(item)精炼厂/$方块，多方块结构将试图自动重排已有输出流体，以使其能正常工作（输出没有被阻塞）。"
    },
    {
      "type": "text",
      "text": "所有产出的流体可以作为$(l:compressors/liquid_compressor)流体压缩机/$的燃料（其中轻燃料更好）。$(p)但是，还有两个很重要的用途：$(li)$(thing)液化石油气/$用于合成液态$(l:components/plastic)塑料/$$(li)$(thing)柴油/$用于合成$(l:components/lubricant)润滑油/$，在$(l:base_concepts/upgrades#speed)速度升级$中用到。$(p)上述两个合成在$(l:manufacturing/thermopneumatic_processing_plant)热气动加工机/$中进行。"
    },
    {
      "type": "text",
      "title": "比较器支持",
      "text": "$(item)精炼厂/$可以被$(item)比较器/$检测：当$(item)精炼厂/$可以工作时比较器输出信号 15，否则输出信号 0。当有$(thing)石油/$可供精炼$(italic)且/$有空间输出产物，精炼厂被认为可以工作。"
    },
    {
      "type": "text",
      "title": "构建提示",
      "text": "由于$(item)精炼厂/$是一个有很多面都暴露在空气中的多方块结构，如果没有做好隔热其将很快地散失$(l:base_concepts/heat)热量/$。因此，建议覆盖所有未被使用的面以最大化效率。注：隔热可以使用任何不导热的方块，包括碰撞箱不完整的方块，如$(item)台阶/$和$(item)活板门/$."
    },
    {
      "type": "text",
      "text": "可以使用$(l:blocks/vortex_tube)涡流管/$来加热$(item)精炼厂/$，或者放置热的流体（熔岩等）或方块（岩浆块等）于与精炼厂方块相邻的位置。注：这样的流体或方块会被使用（其热量被吸收尽），所以你或许想要试图自动化这样的热量来源的生产与放置。"
    },
    {
      "type": "link",
      "flag": "mod:crafttweaker",
      "title": "CraftTweaker",
      "text": "$(thing)精炼厂/$中的合成配方支持被 $(l:https://minecraft.curseforge.com/projects/crafttweaker)CraftTweaker/$ 修改：合成配方可以被加入或移除，见下面链接以获得更多信息。",
      "url": "https://crafttweaker.readthedocs.io/en/latest/#Mods/PneumaticCraft_Repressurized/Refinery/",
      "link_text": "CraftTweaker 文档"
    },
    {
      "type": "crafting",
      "text": "精炼厂的合成表",
      "recipe": "pneumaticcraft:refinery"
    }
  ]
}