{
  "name": "紫外线灯箱",
  "icon": "pneumaticcraft:uv_light_box",
  "category": "manufacturing",
  "advancement": "pneumaticcraft:pcb_blueprint",
  "pages": [
    {
      "type": "text",
      "text": "$(item)紫外线灯箱/$是一个可以用于用紫外线照射$(l:components/pcb)印刷电路板/$的特定位置（由覆盖于其上的$(l:components/pcb_blueprint)电路板蓝图/$确定）。$(p)照射过程最大需要 10 分钟；在安装了$(l:base_concepts/upgrades#speed)速度升级/$后将会加快。"
    },
    {
      "type": "text",
      "text": "在完整的 10 分钟照射后，$(item)印刷电路板/$有 100% 的概率在$(l:manufacturing/etching_acid)蚀刻酸/$中蚀刻成功。但是，可以照射更短的时间，这将导致印刷电路板蚀刻成功的概率降低。$(p)注：照射过程在总进度较低时进行得更快，接近完成时进行得更慢。"
    },
    {
      "type": "crafting",
      "text": "紫外线灯箱的合成表",
      "recipe": "pneumaticcraft:uv_light_box"
    }
  ]
}
