{
  "name": "感知工具",
  "icon": "bloodmagic:soulpickaxe",
  "category": "bloodmagic:demon_will/demonic_items",
  "pages": [
    {
      "type": "text",
      "text": "事实证明，$(l:bloodmagic:demon_will/demonic_items/sentient_sword)感知之剑$()是一把极为出色的感知工具。由此你不禁思考，能否利用类似的方法来改造其他种类的工具呢......$(br2)有一点需要注意，包括感知之剑，所有的$(l:bloodmagic:demon_will/demonic_items/sentient_tools)感知工具$()都可以使用$(l:bloodmagic:demon_will/will_manipulation/crystallized_will)晶化意志$()在铁砧上进行修复。$(br2)啊对了，忘了告诉你，感知工具与武器的附魔能力相当不错。"
    },
    {
      "type": "crafting_soulforge",
      "heading": "感知之镐",
      "recipe": "bloodmagic:soulforge/sentientpickaxe",
      "text": "这把镐的能力同样依赖于你携带意志的多少。然而，哪怕是全无意志支持的感知之镐也可以轻松地破开石头，虽说如此，此种情况下的镐子也就比$(item)铁镐$()\u2E3A也就是它的原料\u2E3A稍微好一些罢了。然而，若是你身上携带着一颗意志足够多的$(l:bloodmagic:demon_will/will_manipulation/soul_gem)地狱魂石$()，似乎它的性能甚至能超越$(item)下界合金镐$()。"
    },
    {
      "type": "text",
      "text": "$(item)感知镰刀$()与它的铁制版本有些微不同，现在它变成了一把看上去有点吓人的武器，意志可以说把它改得面目全非了。较之其他武器，虽然它的攻速较慢，并且伤害也逊色一些，但它在挥动攻击时，会对攻击范围内的所有敌人造成满额的伤害，因而它尤其适合用于应对成群的敌人。"
    },
    {
      "type": "crafting_soulforge",
      "heading": "感知镰刀",
      "recipe": "bloodmagic:soulforge/sentientscythe",
      "text": "与感知之镐类似，这把镰刀在没有意志的情况下显得尤为笨重，难以挥动；然而，若是你身上携带着一颗意志足够多的$(l:bloodmagic:demon_will/will_manipulation/soul_gem)地狱魂石$()，它就能变为一把大杀四方的利器。$(br)对了，差点忘了告诉你，它仍然保留有锄的功能。"
    },
    {
      "type": "text",
      "text": "$(item)感知之斧$()与$(item)感知之镐$()极为类似，较之它的铁制版本，前者的性能有了显著提升。此外，它的伤害也得到了大幅增强，那些以为它笨重就好欺负的人可要吃苦头了。"
    },
    {
      "type": "crafting_soulforge",
      "heading": "感知之斧",
      "recipe": "bloodmagic:soulforge/sentientaxe",
      "text": "在没有意志的情况下，这把斧子的境遇和感知之镐差不多，都只是比原料的铁制工具（在这里指的是$(item)铁斧$()）稍好一些。然而若是携带着一颗意志足够多的$(l:bloodmagic:demon_will/will_manipulation/soul_gem)地狱魂石$()，它的性能估计能够超越$(item)下界合金斧$()。"
    },
        {
      "type": "text",
      "text": "与$(item)感知之镐$()，较之它的铁制版本，$(item)感知之锹$()的性能有了显著提升，哪怕是在没有额外的$(l:bloodmagic:demon_will/will_manipulation/demon_will)恶魔意志$()充能的情况下也是如此。"
    },
    {
      "type": "crafting_soulforge",
      "heading": "感知之锹",
      "recipe": "bloodmagic:soulforge/sentientshovel",
      "text": "没有意志充能感知之锹也就比它的原料：$(item)铁锹$()，稍微好上一些；但若是携带着一颗意志足够多的$(l:bloodmagic:demon_will/will_manipulation/soul_gem)地狱魂石$()，它的性能估计能够超越$(item)下界合金锹$()。"
    }
  ]
}
