{
  "name": "新月锤",
  "icon": "thermal:wrench",
  "category": "thermal:tools",
  "read_by_default": true,
  "pages": [
    {
      "type": "text",
      "text": "一把平平无奇的扳手。持握之并潜行右击可以拆卸机器，右击则可旋转机器。如果你身边有个捣蛋鬼总跟你没完，操起新月锤给他来一下儿也很够劲！"
    },
    {
      "type": "crafting",
      "recipe": "thermal:tools/wrench",
      "title": "新月锤"
    }
  ]
}