{
  "name": "马铃薯电容",
  "icon": "thermal:rf_potato",
  "category": "thermal:tools",
  "read_by_default": true,
  "flag": "mod:thermal_expansion",
  "pages": [
    {
      "type": "text",
      "text": "存储并向其它机器供给 RF 能量，但无法用于物品栏物品充能。$(l:thermal:world/holding)扩容$(/l)附魔可用以提升其能量存储上限。"
    },
    {
      "type": "crafting",
      "recipe": "thermal:tools/rf_potato",
      "title": "马铃薯电容",
      "text": "$(br2)$(o)“不骗你，这块洋山芋只能发 1.1 伏的电。还不够我跟你撒个谎的呢。”"
    }

  ]
} 