{
  "name": "战利品制造器",
  "icon": "deepmoblearning:extraction_chamber",
  "category": "1_machines",
  "sortnum": 2,
  "pages": [
    {
      "type": "text",
      "text": "$(item)战利品制造器$()是一台机器，它能\u22EF\u22EF从各种可使用的$(item)原始物质$()中$(item)制造战利品$()。$(br2)此过程需要$(l:1_machines/3_energy)能量$()，而$(item)战利品$()生成的种类也依赖于你所选择的$(item)物品$()。"
    },
    {
      "type": "recipelookup",
      "recipe": "deepmoblearning:extraction_chamber",
      "text": "选择的$(item)物品$()能够记忆在机器中，它会一直选择被选择的物品，直到取消对该物品的选择。"
    }
  ]
}