{
	"name": "电路调试",
	"icon": "rs_ctr2:probe",
	"category": "rs_ctr2:basics",
	"pages": [
		{
			"type": "patchouli:text",
			"text": "复杂的装置在第一次搭成时无法正常工作是相当正常的。无论是被忽略的边缘用例还是元件工作方式与你想的不同，有太多事情可能出错。\\p接下来的几页讲解了一些有用的工具，这些工具能在这种情况下帮到你。"
		}, {
			"type": "patchouli:spotlight",
			"item": "rs_ctr2:probe",
			"text": "大多数元件都是不透明的，而且视觉上没有任何能指示其状态的东西。因此，你需要一个\\i门探测器\\d来查看元件的内部状况。\\p使用该工具右击元件就能让探测器把元件作为目标。之后，探测器的屏幕上就会显示目标元件的缩小版模型，元件的实时状态信息会显示为下方的文本。"
		}, {
			"type": "patchouli:text",
			"text": "这个缩小的3D模型会和真实的元件有相同的朝向，在你转动视角时也会跟着旋转。元件上的所有\\o端口\\d都有白色数字标记，这个数字与下方每行文本的开头数字对应。蓝色或者绿色指示着端口的输入输出方向：\\b输入/从\\d或者\\g输出/主\\d。\\p每个端口的状态会用与其$(l:connecting)类型$(/l)相匹配的颜色写出，额外的描述则会显示为灰色。"
		}, {
			"type": "patchouli:image",
			"images": ["rs_ctr2:textures/gui/manual/probe.png"],
			"border": true,
			"title": "门探测器显示",
			"text": "你可能会看见的样子。"
		}, {
			"type": "patchouli:text",
			"title": "调试命令",
			"text": "如果你在你的世界里有命令权限你还能：\\+$(c:/gateUpdater pause)暂停所有电路更新$(/c)\\+$(c:/gateUpdater step)进行单步更新$(/c)\\+$(c:/gateUpdater resume)使电路恢复常态$(/c)\\p这些命令在调试信号时序问题使非常有用，它们能让电路慢慢运行，你便能在每一tick分析其状态，而不会落在高速运转的电路后面。"
		}, {
			"type": "patchouli:text",
			"text": "需要注意，电路tick停止后红石控制的所有设备都会停止响应，但世界里的一切其他事物都会照常运作。\\n这可能会带来预想外的副作用，所以一定要小心！"
		}
	]
}
