{
	"name": "外部I/O",
	"icon": "rs_ctr2:analog_out",
	"category": "rs_ctr2:basics",
	"pages": [
		{
			"type": "patchouli:text",
			"text": "小方块元件的端口只能和端口互动，不能接上外部方块的非端口机制。为了让信号元件接收或发送常规红石信号，或者让主设备端口访问常规箱子，你需要使用特殊的转接元件，在端口和外部系统间进行转译。"
		}, {
			"type": "patchouli:text",
			"text": "这些转接器会与它们面向的相邻方块互动，而且放置时也必须紧贴相邻方块。\\p一些转接器也有方块互动端口，使得它们也能远程连接到其他外部方块。"
		}, {
			"type": "rs_ctr2:spotlight2",
			"a.item": "rs_ctr2:logic_out",
			"b.item": "rs_ctr2:logic_in",
			"_.title": "逻辑信号I/O",
			"_.text": "\\i逻辑信号读取器\\d和\\i逻辑信号发射器\\d能将外部红石信号转换为基于端口的数据信号，或者反过来。但它们只会区分开和关状态（真或假），并不会保留信号强度信息。\\p它们对转换逻辑门的输入输出很有帮助。"
		}, {
			"type": "rs_ctr2:spotlight3",
			"a.item": "rs_ctr2:analog_out",
			"b.item": "rs_ctr2:analog_in",
			"c.item": "rs_ctr2:comp_in",
			"_.title": "模拟信号I/O",
			"_.text": "\\i模拟信号读取器\\d和\\i模拟信号发射器\\d能将外部红石信号强度数值转换为基于端口的数据信号，或者反过来。\\i比较器信号读取器\\d则是在一个元件内整合了普通的原版比较器+模拟信号读取器。\\p注意：不要混用模拟和逻辑信号，除非你$(l:bitwise)知道自己在干什么$(/l)！"
		}, {
			"type": "rs_ctr2:spotlight2",
			"a.item": "rs_ctr2:growth_sensor",
			"b.item": "rs_ctr2:hardness_sensor",
			"_.title": "方块传感器",
			"_.text": "这些元件能测量方块的不同属性，并将其转换为数值。与前述的红石读取器不同，它们不会自动持续更新，而是需要时钟信号来刷新读数。\\p\\/可以通过\\o远程方块互动\\d工作。"
		}, {
			"anchor": "resource",
			"type": "rs_ctr2:spotlight4",
			"a.item": "rs_ctr2:power_io",
			"b.item": "rs_ctr2:fluid_io",
			"c.item": "rs_ctr2:item_io",
			"d.item": "rs_ctr2:item_dropper",
			"_.title": "资源I/O",
			"_.text": "用于连接外部物品、流体容器或能量存储。\\p\\/可以通过\\o远程方块互动\\d工作。"
		}
	]
}
