{
	"name": "元件放置诀窍",
	"icon": "cd4017be_lib:microblock",
	"category": "rs_ctr2:basics",
	"pages": [
		{
			"type": "patchouli:text",
			"text": "要从一个已放置的\\i小方块结构\\d中移除元件，你需要手持另一个小方块元件对目标元件左键（手持\\i门探测器\\d也可以）。若你空手或使用常规工具破坏一个\\i小方块结构\\d，该结构会以整个方块的形式掉落。\\p此时物品形式的结构可以放在\\i小方块工作台\\d里拆解成它的组成元件，也可以用更多的元件复制出一样的结构。"
		}, {
			"type": "patchouli:text",
			"text": "重新放置结构时，它的朝向还是和被破坏时一样，与你的放置方式无关。不过你可以手持\\i小方块结构\\d物品对空气右击，此时打开的GUI能改变其朝向。\\p小方块元件的放置和普通方块基本相同，只不过网格边长只有原来的1/4。一个例外是像线缆这样的透明或不完整元件，在用\\i小块方块\\d对其放置时会把它们覆盖住。"
		}, {
			"type": "patchouli:text",
			"title": "有方向元件",
			"text": "许多小方块元件能朝不同方向放置：\\p如果放置元件时\\*不潜行\\.，物品模型的右面会指向你，正面会则背向你放置时点击的墙。而当你垂直面向墙放置时，模型正面会指向离放置时瞄准的点最近的小方块网格边缘。"
		}, {
			"type": "patchouli:text",
			"text": "\\*潜行放置\\.模式下，元件物品模型的右面总会指向你放置时点击的墙，正面总会指向离瞄准点最近的小方块网格边缘。\\p\\/未来可能会添加旋转小方块元件的工具。"
		}, {
			"type": "patchouli:text",
			"title": "线缆放置",
			"text": "一块线缆总是连接着两个不同的面，其中一个面是你放置时点击的面。\\p\\*不潜行\\.时另一端会指向你，这在快速放置长距离线缆时最为方便。"
		}, {
			"type": "patchouli:text",
			"text": "\\*潜行时\\.，另一端会指向离放瞄准点最近的小方块网格边缘，而如果你瞄准点基本在网格中心的话，则会指向与墙面相反的方向。\\n该模式相当适用于在狭窄空间内进行精准放置。"
		}
	]
}
