{
	"name": "电池",
	"icon": "nuclearcraft:lithium_ion_battery_basic",
	"category": "nuclearcraft:multiblocks",
	"sortnum": 1,
	"pages": [
		{
			"anchor": "voltaic_pile",
			"type": "blocks/4",
			"header": "伏打电堆",
			"block1": "nuclearcraft:voltaic_pile_basic",
			"block2": "nuclearcraft:voltaic_pile_advanced",
			"block3": "nuclearcraft:voltaic_pile_du",
			"block4": "nuclearcraft:voltaic_pile_elite",
			"text": "$(item)伏打电堆$()可用于储存能量。它们相互接触时会形成多方块结构并共享能量。"
		},
		{
			"anchor": "lithium_ion_battery",
			"type": "blocks/4",
			"header": "锂离子电池块",
			"block1": "nuclearcraft:lithium_ion_battery_basic",
			"block2": "nuclearcraft:lithium_ion_battery_advanced",
			"block3": "nuclearcraft:lithium_ion_battery_du",
			"block4": "nuclearcraft:lithium_ion_battery_elite",
			"text": "$(item)锂离子电池块$()也可用于储存能量，相对于伏打电堆，锂离子电池块的能量密度更高。它们相互接触时会形成多方块结构并共享能量。"
		}
	]
}