{
	"name": "放射性热电发电机",
	"icon": "nuclearcraft:rtg_uranium",
	"category": "nuclearcraft:multiblocks",
	"sortnum": 0,
	"pages": [
		{
			"anchor": "rtg",
			"type": "blocks/4",
			"header": "放射性热电发电机",
			"block1": "nuclearcraft:rtg_uranium",
			"block2": "nuclearcraft:rtg_plutonium",
			"block3": "nuclearcraft:rtg_americium",
			"block4": "nuclearcraft:rtg_californium",
			"text": "$(item)放射性热核发电机$()通过放射性元素的衰变来产生能量。它们相互接触会形成多方块结构并共享能量。"
		}
	]
}