{
	"name": "涡轮机",
	"icon": "nuclearcraft:turbine_controller",
	"category": "nuclearcraft:multiblocks",
	"sortnum": 2,
	"pages": [
		{
			"anchor": "intro",
			"type": "text",
			"text": "涡轮机从高压蒸汽中提取能量，并在处理过程中产生废蒸汽流体。"
		},
		{
			"anchor": "casing",
			"type": "blocks/2",
			"header": "涡轮机外壳",
			"block1": "nuclearcraft:turbine_casing",
			"block2": "nuclearcraft:turbine_glass",
			"text": "涡轮机的内部组件被包含在一个长方体结构中。长方体结构的十二条边（含角）必须由$(item)涡轮机外壳$()构成，其他面可以由$(item)透明涡轮机外壳$()替代。当多方块结构成形时，在边上的涡轮机外壳的材质将发生变化。如果使用透明涡轮机外壳，则涡轮机的内部也会被渲染，这可能导致性能降低。"
		},
		{
			"anchor": "controller",
			"type": "blocks/1",
			"header": "涡轮机控制器",
			"block": "nuclearcraft:turbine_controller",
			"text": "$(item)涡轮机控制器$()显示涡轮机的信息，你也可以通过涡轮机控制器调整涡轮机。必须安装在涡轮机外壳的某个面上，没有控制器的涡轮机多方块结构不会成形。接收到红石信号时涡轮机才处于开启状态。"
		},
		{
			"anchor": "rotor_shaft",
			"type": "blocks/1",
			"header": "涡轮机转子轴",
			"block": "nuclearcraft:turbine_rotor_shaft",
			"text": "$(item)涡轮机转子轴$()是涡轮机的核心。它必须是位于涡轮机中心的一根方形轴，尺寸任意（半径最大为涡轮机半径少一格），并通过$(item)涡轮机转子轴承$()连接到涡轮机的两端。"
		},
		{
			"anchor": "rotor_bearing",
			"type": "blocks/1",
			"header": "涡轮机转子轴承",
			"block": "nuclearcraft:turbine_rotor_bearing",
			"text": "$(item)涡轮机转子轴承$()连接中间的轴到外壳上。在涡轮机的两端都必须完全遮住整个转子轴。"
		},
		{
			"anchor": "rotor_blades",
			"type": "blocks/3",
			"header": "涡轮机转子叶片",
			"block1": "nuclearcraft:turbine_rotor_blade_steel",
			"block2": "nuclearcraft:turbine_rotor_blade_extreme",
			"block3": "nuclearcraft:turbine_rotor_blade_sic_sic_cmc",
			"text": "$(item)涡轮机转子叶片$()接收蒸汽的能量并让整个转子转起来。每一组转子叶片必须$(o)同种$()。每组叶片都需要完全盖住转子轴，并且一直延伸至涡轮机的外壳。"
		},
		{
			"type": "text",
			"title": "涡轮机转子叶片",
			"text": "每个转子叶片都可以产出一定的蒸汽。如果输入的蒸汽超过了涡轮机所能处理的，涡轮机就会损坏。蒸汽流经转子叶片时会以一定的比例膨胀。每一层的$(thing)膨胀系数$()与$(thing)理想膨胀系数$()越接近，涡轮机就越高效。"
		},
		{
			"anchor": "stator",
			"type": "blocks/1",
			"header": "涡轮机转子定子",
			"block": "nuclearcraft:turbine_rotor_stator",
			"text": "$(item)涡轮机转子定子$()与转系叶片相仿，但蒸汽流经转子定子时会收缩而非膨胀。转子定子既不处理蒸汽，也不提高涡轮机的蒸汽最大处理量。"
		},
		{
			"anchor": "dynamo_coil",
			"type": "blocks/1",
			"header": "涡轮机发电机线圈",
			"block": "nuclearcraft:turbine_dynamo_coil:0,nuclearcraft:turbine_dynamo_coil:1,nuclearcraft:turbine_dynamo_coil:2,nuclearcraft:turbine_dynamo_coil:3,nuclearcraft:turbine_dynamo_coil:4,nuclearcraft:turbine_dynamo_coil:5",
			"text": "$(item)涡轮机发电机线圈$()将转子转动的能量转化为电能。它们与转子轴承应当位于两端相同的面上。"
		},
		{
			"type": "text",
			"title": "涡轮机发电机线圈",
			"text": "线圈应当在遵循摆放规则的基础上尽可能提高效率。效率等于两面每个面上所有线圈$(thing)导电效率$()平均值的积。"
		},
		{
			"anchor": "inlet",
			"type": "blocks/1",
			"header": "涡轮机流体输入口",
			"block": "nuclearcraft:turbine_inlet",
			"text": "$(item)涡轮机流体输入口$()让蒸汽能够进入涡轮机。必须被放置于涡轮机一端那一面。"
		},
		{
			"anchor": "outlet",
			"type": "blocks/1",
			"header": "涡轮机流体输出口",
			"block": "nuclearcraft:turbine_outlet",
			"text": "$(item)涡轮机流体输出口$()让产出的蒸汽能够离开涡轮机。必须被放置于涡轮机没有输入口的一端那一面。"
		},
		{
			"type": "text",
			"title": "设计时需注意",
			"text": "设计涡轮机时应当以$(l:https://github.com/ThizThizzyDizzy/nc-reactor-generator/releases)拥有涡轮机设计功能的反应堆设计器$()作为辅助工具，你可以利用它综合各类信息，包括摆放规则、膨胀、效率等等。"
		},
		{
			"type": "text",
			"text": "为了简明扼要，本介绍并未包括全部信息。查看$(l:https://youtu.be/p555h2peays)本视频$()以获取更完整的介绍。"
		},
		{
			"anchor": "examples",
			"type": "text",
			"title": "涡轮机示例",
			"text": "这是一个小型的有效的涡轮机。它并不高效，而这是有意为之的，更高效的涡轮机设计留给读者自行研究。"
		},
		{
			"type": "multiblock",
			"name": "一个涡轮机的示例",
			"multiblock": {
				"mapping": {
					"F": "nuclearcraft:turbine_casing",
					"G": "nuclearcraft:turbine_glass",
					"M": "nuclearcraft:turbine_dynamo_coil[type=magnesium]",
					"B": "nuclearcraft:turbine_rotor_bearing",
					"S": "nuclearcraft:turbine_rotor_shaft",
					"I": "nuclearcraft:turbine_inlet",
					"O": "nuclearcraft:turbine_outlet",
					"C": "nuclearcraft:turbine_controller",
					"b": "nuclearcraft:turbine_rotor_blade_steel",
					"s": "nuclearcraft:turbine_rotor_stator",
					"0": "nuclearcraft:turbine_casing"
				},
				"pattern": [
					["FFFFF", "FGGGF", "FGGGF", "FGGGF", "FGGGF", "FGGGF", "FFFFF"],
					["FFMFF", "G b G", "G b G", "G s G", "G b G", "G b G", "FFMFF"],
					["FMBMF", "GbSbG", "GbSbG", "GsSsG", "GbSbG", "GbSbG", "FMBMF"],
					["FIMFF", "C b G", "G b G", "G s G", "G b G", "G b G", "FFMOF"],
					["FFFF0", "FFFFF", "FFFFF", "FFFFF", "FFFFF", "FFFFF", "FFFFF"]
				]
			}
		}
	]
}