{
    "name": "祭祀诸神",
    "icon": "naturesaura:offering_table",
    "category": "practices",
    "advancement": "naturesaura:tainted_gold",
    "pages": [
        {
            "type": "text",
            "text": "$(item)灌注铁$()是相当好的材料，也蕴含足够的自然力量来产生各种各样的作用。但对于更高级的自然机理，则需要一种更强大的金属。为了获得这种金属，也为了获得许多其他东西，就需要$(item)祭祀诸神$()。$(br)一直以来，诸神祇都是最强大的存在，因此，它们也掌握着人类所知最强大的金属。"
        },
        {
            "type": "text",
            "text": "要构造一种呼唤诸神本身的方法，只需放下一张$(item)祭祀台$()，并按下页显示那样在周围布置鲜花。要开始祭神，需要先在台上的碗里放置任意数量你想要供奉的物品。然后，在$(item)祭祀台$()附近扔下能呼唤诸神的物品，大多数情况下，这个物品是$(item)呼唤之魂$()。$(br)如果一切顺利的话，请求的物品就会从天空如雨般落下。"
        },
        {
            "type": "multiblock",
            "multiblock_id": "naturesaura:offering_table",
            "text": "$(item)祭祀诸神$()的准备过程。可以使用任意种类的花。"
        },
        {
            "type": "crafting",
            "text": "制作$(item)祭祀台$()",
            "recipe": "naturesaura:offering_table"
        },
        {
            "type": "crafting",
            "text": "制作$(item)呼唤之魂$()",
            "recipe": "naturesaura:calling_spirit"
        },
        {
            "type": "naturesaura:offering",
            "text": "向诸神请求$(item)苍穹锭$()，一种用神力灌注的强大金属。",
            "recipe": "naturesaura:sky_ingot"
        },
        {
            "type": "naturesaura:offering",
            "text": "使用$(item)污染黄金$()向诸神请求$(item)苍穹锭$()会带来更好的产出。",
            "recipe": "naturesaura:sky_ingot_from_gold"
        },
        {
            "type": "naturesaura:offering",
            "text": "将$(item)愉悦印记$()交换为其更强的版本，$(item)欣快印记$()",
            "recipe": "naturesaura:token_euphoria"
        },
        {
            "type": "naturesaura:offering",
            "text": "将$(item)恐惧印记$()交换为其更强的版本，$(item)惊骇印记$()",
            "recipe": "naturesaura:token_terror",
            "anchor": "terror"
        },
        {
            "type": "naturesaura:offering",
            "text": "将$(item)愤怒印记$()交换为其更强的版本，$(item)狂怒印记$()",
            "recipe": "naturesaura:token_rage"
        },
        {
            "type": "naturesaura:offering",
            "text": "将$(item)忧伤印记$()交换为其更强的版本，$(item)悲痛印记$()",
            "recipe": "naturesaura:token_grief"
        }
    ]
}
