{
    "name": "森林仪式",
    "icon": "naturesaura:wood_stand",
    "category": "practices",
    "advancement": "naturesaura:gold_leaf",
    "priority": true,
    "turnin": "naturesaura:wood_stand",
    "pages": [
        {
            "type": "text",
            "text": "在刚开始踏上魔法植物学家之道，一头扎进对$(#419600)灵气$()的探索之前，先在更直接的水平上运用自然的力量很有益处。$(item)森林仪式$()利用了$(l:practices/gold_trees)金叶粉$()的特性来将自然原料的力量直接吸收入一颗鲜活，生长的树。在这个过程中树本身会被吞噬，并被转换为实用的工具和物品。"
        },
        {
            "type": "text",
            "text": "要构造这个$(thing)仪式$()，你需要将$(item)金叶粉$()以下页显示的配置摆放，并在旁边围上一些用于摆放原料的$(item)木基座$()。$(br)之后，需要在最中央种上种类正确的$(item)树苗$()。接下来，要么通过某种肥料，要么通过时间那不可避免之力，树的成长会使得仪式开始。"
        },
        {
            "type": "multiblock",
            "multiblock_id": "naturesaura:tree_ritual",
            "text": "$(item)森林仪式$()的准备过程。不一定需要摆放所有$(item)木基座$()。"
        },
        {
            "type": "crafting",
            "text": "制作$(item)木基座$()",
            "recipe": "naturesaura:wood_stand"
        },
        {
            "type": "text",
            "text": "与仪式一道，$(item)印记$()的知识也会被得到：一种木制的雕像，描绘着情绪，能从使用它们各自的符号灌注树木得到。这些木雕是大量$(#419600)灵气$()与其表现的情绪的结合。$(p)在后面，这些$(item)印记$()会是关键的合成原料。"
        },
        {
            "type": "naturesaura:tree_ritual",
            "recipe": "naturesaura:token_joy",
            "text": "制作$(item)愉悦印记$()，使用在自然、探索和美中能激发愉悦的物品灌注"
        },
        {
            "type": "naturesaura:tree_ritual",
            "recipe": "naturesaura:token_fear",
            "text": "制作$(item)恐惧印记$()，使用代表无常、死亡的物品灌注"
        },
        {
            "type": "naturesaura:tree_ritual",
            "recipe": "naturesaura:token_anger",
            "text": "制作$(item)愤怒印记$()，使用暗示爆炸、火焰和黑暗的黑暗组件灌注"
        },
        {
            "type": "naturesaura:tree_ritual",
            "recipe": "naturesaura:token_sorrow",
            "text": "制作$(item)忧伤印记$()，使用眼泪、脆弱和死亡灌注。"
        }
    ]
}
