{
    "name": "护甲",
    "icon": "minecraft:iron_chestplate",
    "category": "items",
    "pages": [
        {
            "type": "text",
            "text": "工匠砧也可用来锻造护甲。支持大部分材料，这意味着你能够通过很多模组的材料来制作头盔、胸甲、护腿和靴子。"
        },
        {
            "type": "spotlight",
            "item": "minecraft:iron_helmet",
            "title": "头盔",
            "text": "任意头盔都需要五个锭锻造得到。默认的锻造规则为：弯曲，末尾；弯曲，倒数第二；击打，倒数第三。"
        },
        {
            "type": "spotlight",
            "item": "minecraft:iron_chestplate",
            "title": "胸甲",
            "text": "任意胸甲都需要八个锭锻造得到。默认的锻造规则为：击打，末尾；弯曲，任意；镦锻，任意。"
        },
        {
            "type": "spotlight",
            "item": "minecraft:iron_leggings",
            "title": "护腿",
            "text": "任意护腿都需要七个锭锻造得到。默认的锻造规则为：击打，任意；弯曲，任意；牵拉，任意。"
        },
        {
            "type": "spotlight",
            "item": "minecraft:iron_boots",
            "title": "靴子",
            "text": "任意靴子都需要四个锭锻造得到。默认的锻造规则为：弯曲，末尾；弯曲，倒数第二；收缩，倒数第三。"
        }
    ]
}
