{
  "name": "多驱冲压机",
  "icon": "thermal:machine_press",
  "category": "thermal:machines",
  "read_by_default": true,
  "flag": "mod:thermal_expansion",
  "pages": [
    {
      "type": "text",
      "text": "多驱冲压机是一台可在多种模具的搭配下将金属材料塑造为不同形制的机器，同时更具有打包及解包方块及物品的功能。"
    },
    {
      "type": "crafting",
      "recipe": "thermal:machine_press",
      "recipe2": "thermal:press_unpacking_die",
      "title": "多驱冲压机"
    },
    {
      "type": "crafting",
      "recipe": "thermal:press_packing_2x2_die",
      "recipe2": "thermal:press_packing_3x3_die"
    },
    {
      "type": "crafting",
      "recipe": "thermal:press_gear_die",
      "recipe2": "thermal:press_coin_die"
    },
    {
      "type": "text",
      "title": "兼容增强",
      "text": "$(li)$(l:thermal:technology/augments/integral_components)整合组件$(/l)$(li)$(l:thermal:technology/augments/item_filter)物品过滤规制$(/l)$(li)$(l:thermal:technology/augments/xp_storage)知识浓缩存储$(/l)$(li)$(l:thermal:technology/augments/rf_coil)扩展通量线圈$(/l)$(li)$(l:thermal:technology/augments/rf_coil_storage)稳态通量线圈$(/l)$(li)$(l:thermal:technology/augments/rf_coil_xfer)强导通量线圈$(/l)$(li)$(l:thermal:technology/augments/machine_speed)通量链接升级$(/l)$(li)$(l:thermal:technology/augments/machine_efficiency)通量效率升级$(/l)"
    }
  ]
}