{
	"name": "通用座标",
	"icon": "minecraft:filled_map",
	"category": "2_exploration",
	"pages": [
		{
			"type": "text",
			"title": "通用座标",
			"text": "$(item)恒星系$()是一种连接多个行星的太空维度。$(item)星系$()则是连接多个恒星系的超空间维度。$(br2)在同一个星系内，所有物体都能用其$(item)通用座标$()定位：从你在行星上的本地座标，你可以推算出你在轨（太空）的本地座标和更高的座标（超空间），反过来推算也行。"
		},
		{
			"type": "text",
			"text": "$(item)通用座标$()是相对超空间维度定义的。换句话说，对于给定座标，不管你在哪个维度，其通用座标都是一样的。$(br2)实际上，这意味着 X 和 Z 座标是取自超空间，Y 座标则是$(li)在行星上 0 到 255，$(li)太空中 256 到 511，$(li)超空间中 512 到 767。"
		},
		{
			"type": "text",
			"title": "世界边界",
			"text": "每个天体都有自己的大小限制，和$(item)世界边界$()相关。飞船不能穿过这个边界。与原版边界不同，穿过的实体会被强制拉回，超过太远时会立即死亡。$(br2)由于行星的大小有限制，我们便能在本地和通用座标间进行转换，允许你到处航行并探索无垠的宇宙。"
		},
		{
			"type": "text",
			"text": "令人悲伤的是，随着我们远离维度的中心 (0 0)，在 220 km 左右会发生不好的事情，包括实体动作抖动、实体受到伤害并最终窒息死亡。因为这个原因，超空间的大小应该以 400 km 为上限（或者 200 km 半径）。你应该观看 $(l:https://youtu.be/v6-IAntqg5w)AntVenom 的讲解$(/l)来了解更多相关内容。$(br2)对于服务器拥有者，世界边界能急剧地减少存档占用的空间。"
		},
		{
			"type": "text",
			"title": "Hints",
			"text": "当向已有的天体图添加曲率驱动时，原版的世界边界将因为通用座标自动扩展。不过，你现存的基地可能会在默认行星定义之外。这种情况下，请考虑修改地球的偏移到你的基地附近。"
		}
	],
	"sortnum": 2
}
