{
  "name": "神秘卡牌包",
  "icon": "buddycards:mystery_pack",
  "category": "buddycards:items",
  "sortnum": 1,
  "pages": [
    {
      "type": "text",
      "text": "神秘卡牌包收藏家们最好的朋友，将世界上生成的通常只有四张卡牌的卡包转化为一次包含9张卡牌的卡包。它们总是能开出9张卡牌，其中有两张是闪卡。稀有度与普通的卡包相同。$(br2)神秘卡牌包也是从卸载或停用的模组中获取卡组的唯一方式，因为它们从任意卡组中抽取卡牌。"
    },
    {
      "type": "crafting",
      "recipe": "buddycards:mystery_pack",
      "text": "神秘卡牌包的制作或许相当昂贵，需要许多难以获得的材料。"
    }
  ]
}