{
    "name": "自然衰退",
    "icon": "naturesaura:decayed_leaves",
    "category": "effects",
    "advancement": "naturesaura:furnace_heater",
    "pages": [
        {
            "type": "text",
            "text": "当区域内$(#419600)灵气$()被消耗过多，植被无法利用自然力量滋养自身，$(thing)自然衰退$()便发生了。所有的$(item)草$()与$(item)树叶$()会腐烂。区域内$(#419600)灵气$()越少，此现象越明显。这种现象似乎只发生在主世界$(thing)overworld$()。"
        }
    ]
}
