{
  "name": "导热框架",
  "icon": "pneumaticcraft:heat_frame",
  "category": "semiblocks",
  "advancement": "pneumaticcraft:root",
  "pages": [
    {
      "type": "text",
      "text": "该物品可以被放置在任何$(thing)容器/$上。当被相邻的$(l:base_concepts/heat)热源/$加热时其将试图熔炼容器中的物品（被冷却时则试图冻结）。只有容器中有可供放置产物的空间时，这一尝试才可成功。施加热量越多，熔炼过程越快，最快为每秒一个物品。类似的，冷却越多，冻结速度越快。"
    },
    {
      "type": "link",
      "flag": "mod:crafttweaker",
      "title": "CraftTweaker",
      "text": "$(thing)导热框架/$的冷却配方支持被 $(l:https://minecraft.curseforge.com/projects/crafttweaker)CraftTweaker/$ 修改（熔炼配方使用原版$(item)熔炉/$的熔炼配方）：合成配方可以被加入或移除，见下面连接以获得更多信息。",
      "url": "https://docs.blamejared.com/1.12/zh/Mods/PneumaticCraft_Repressurized/HeatFrameCooling/",
      "link_text": "CraftTweaker 文档"
    },
    {
      "type": "crafting",
      "text": "导热框架的合成表",
      "recipe": "pneumaticcraft:heat_frame"
    }
  ]
}