{
  "name": "刷怪箱激发器",
  "icon": "pneumaticcraft:spawner_agitator",
  "category": "semiblocks",
  "advancement": "pneumaticcraft:root",
  "pages": [
    {
      "type": "text",
      "text": "放置在$(item)刷怪箱/$上时，该物品“$(thing)激发/$”刷怪箱：$(li)其将阻止生产的实体在玩家离开该区域时消失。$(li)即便玩家不在有效区域内，刷怪箱仍将生成实体。$(p)有谁想要刷怪塔吗？$(p)使用$(l:tools/logistics_configurator)物流配置器/$或另一刷怪箱激发器$(thing)潜行右击/$以移除刷怪箱激发器。"
    },
    {
      "type": "crafting",
      "text": "刷怪箱激发器的合成表",
      "recipe": "pneumaticcraft:spawner_agitator"
    }
  ]
}
