{
  "name": "传输装置",
  "icon": "pneumaticcraft:transfer_gadget",
  "category": "semiblocks",
  "advancement": "pneumaticcraft:root",
  "pages": [
    {
      "type": "text",
      "text": "$(item)传输装置/$是基础的物品/流体传输装置。其可以被放置在两个（相邻的）容器或储罐$(italic)之间/$以进行其间的传输。要放置该物品，最好的办法是先放置第一个容器，然后使用$(item)传输装置/$右击其一面，然后放置第二个容器。"
    },
    {
      "type": "text",
      "text": "传输装置用两种颜色进行标记：$(li)$(9)蓝色/$代表输入面$(li)$(6)橙色/$代表输出面$(p)$(item)传输装置/$从$(9)蓝色的输入侧/$向$(6)橙色的输出面/$进行传输，速率为每 2 秒 1 个物品或 100mB 流体。"
    },
    {
      "type": "text",
      "text": "使用$(l:tools/logistics_configurator)物流调整器/$$(thing)右击/$$(item)传输装置/$以互换其输入输出。$(thing)潜行右击/$以移除$(item)传输装置/$。$(p)介于其较慢的速度与低廉的成本，这对于早期空间受限的物品/流体运输极为有用。"
    },
    {
      "type": "crafting",
      "text": "传输装置的合成表",
      "recipe": "pneumaticcraft:transfer_gadget"
    }
  ]
}
