{
    "name": "灵气场生成器",
    "icon": "naturesaura:field_creator",
    "category": "using",
    "advancement": "naturesaura:sky_ingot",
    "pages": [
        {
            "type": "text",
            "text": "人类两个最重要的活动之一就是$(thing)破坏$()方块。但这一活动需要不少力量和努力，而且持续时间太长的话还会让人十分疲惫。$(br)$(item)灵气场生成器$()能生成一种致密的$(#419600)灵气$()流动场，场的强度强到足够$(thing)破坏$()其中的方块。"
        },
        {
            "type": "text",
            "text": "要建立这种场，首先要将两个$(item)灵气场生成器$()隔着方块分开放置。然后，与其中之一潜行互动，再与另一个不潜行互动，使两个生成器间建立连接。$(br)在给予其中之一一个$(thing)红石信号$()，并等待一个短暂的场引导时间后，$(#419600)灵气$()场就会产生，使二者间的任何方块被破坏并掉落到地上。"
        },
        {
            "type": "text",
            "text": "当然，破坏方块也好，开头的引导时间也好，都会需要环境中的一点$(#419600)灵气$()。此外，场激活时还会消耗少量$(#419600)灵气$()作为维持场的成本。$(br)需要获得$(thing)剪$()下来的特定方块的植物学家无需担心：在两个$(item)灵气场生成器$()之一上放一个挂有$(item)剪刀$()的$(item)物品框$()会使得中间可以剪的方块都被剪下来，其他方块则会被照常破坏。"
        },
        {
            "type": "crafting",
            "text": "制作两个$(item)灵气场生成器$()",
            "recipe": "naturesaura:field_creator"
        }
    ]
}
