{
    "name": "实形之眼",
    "icon": "naturesaura:animal_container",
    "category": "devices",
    "advancement": "naturesaura:eye",
    "pages": [
        {
            "type": "text",
            "text": "有时，作为一个农民，会有人想要他的$(thing)动物们$()被控制在一个小区域内，以免它们到处乱跑。$(br)$(item)实形之眼$()能防止任何动物离开它的影响区域，而且不需要在周围摆放任何方块。它的作用$(thing)范围$()受它收到的$(thing)红石信号$()的影响——信号越强，范围越大。"
        },
        {
            "type": "crafting",
            "text": "制作$(item)实形之眼$()",
            "recipe": "naturesaura:animal_container"
        }
    ]
}
