{
    "name": "粉末操纵器",
    "icon": "naturesaura:powder_placer",
    "category": "devices",
    "advancement": "naturesaura:positive_imbalance",
    "pages": [
        {
            "type": "text",
            "text": "$(l:effects/effect_powder)效应粉末$()在约束或制造特定的$(thing)灵气失衡$()效果时十分有用。$(item)粉末操纵器$()对此能起到极大帮助：在它任意一面相连的箱子中放入$(item)效应粉末$()，这样当操纵器收到$(thing)红石脉冲$()的时候就会在世界中放置粉末。"
        },
        {
            "type": "crafting",
            "text": "类似的，在收到另一个脉冲后，它就会收集放在顶部的粉末，并将粉末收入箱子。",
            "recipe": "naturesaura:powder_placer"
        }
    ]
}
