{
  "name": "热动力学去哪了？",
  "icon": "thermal:iron_gear",
  "read_by_default": true,
  "category": "thermal:storage_and_transport",
  "flag": "mod:thermal_expansion",
  "pages": [
    {
      "type": "text",
      "text": "热力系列的其它内容正在充实当中，所以热动力学的开发计划正处于暂缓状态。请耐心等待！接下来的页面将介绍一些其它的管道模组。"
    },
    {
      "type": "link",
      "title": "XNet",
      "url": "https://www.curseforge.com/minecraft/mc-mods/xnet",
      "link_text": "Curseforge 链接",
      "text": "XNet 是一款能对物品、流体、RF 等资源进行统筹传输的强大模组。每个网络需要一台控制器作为中枢，借以在多个频道内对输入、输出、过滤、堆叠数量等进行调配。掌握使用可能会有些许困难，但 XNet 对资源的控制程度可以说是无与伦比的。"
    },
    {
      "type": "link",
      "title": "Refined Pipes（精致管道）",
      "url": "https://www.curseforge.com/minecraft/mc-mods/refined-pipes",
      "link_text": "Curseforge 链接",
      "text": "这款模组能让 1.12 的热动力学玩家感受到老家的温暖。管道和提取器具有不同的层级，层级越高，传输速度越快，非常适合已然熟识热动力学的玩家们使用。"
    },
    {
      "type": "link",
      "title": "Integrated Tunnels（集成管道）",
      "url": "https://www.curseforge.com/minecraft/mc-mods/integrated-tunnels",
      "link_text": "Curseforge 链接",
      "text": "Integrated Dynamics（集成动力）是一款能对生物及物品栏等进行多元估量的超强模组。它的附属模组 Integrated Tunnels（集成管道）则将赋予 ID 的网络以物品栏吞吐的能力。两者协同，即是高精准度、高过滤性和高控制力的代名词。但请注意，集成系列的模组的上手难度首屈一指。"
    },
    {
      "type": "text",
      "title": "自带管道的大体系模组",
      "text": "下列模组都引入了多种传输方式，但同时更带来了大量你可能会感兴趣的其它内容。如果你$(o)只$()想要物品/流体/能量的传输途径，请参阅前页。$(li)$(l:https://www.curseforge.com/minecraft/mc-mods/mekanism)Mekanism（通用机械）$()$(li)$(l:https://www.curseforge.com/minecraft/mc-mods/create)Create（机械动力）$()$(li)$(l:https://www.curseforge.com/minecraft/mc-mods/immersive-engineering)Immersive Engineering（沉浸工程）$()$(li)$(l:https://www.curseforge.com/minecraft/mc-mods/rats)以及一个好玩的耗子模组$()"
    }
  ]
}