{
  "title": "副产物",
  "text": [
    {
      "text": "我这奇妙的熔铸炉在冶炼矿物的时候也会产出一些副产物。你可能会问“那Nemea，这些副产物都是什么呢？”接着往下看你就知道了。"
    },
    {
      "text": "副产物是在矿石内部隐藏的额外成分，你用普通的熔炉是没法获取到这些副产物的。石头里也可能隐藏着一些其他的材料。",
      "paragraph": true
    },
    {
      "text": "举几个例子：熔炼铜矿石的副产物是金，熔炼钴矿石的副产物则是铁。",
      "paragraph": true
    }
  ]
}
