{
  "name": "装载器",
  "icon": "transport:item_loader",
  "category": "machines",
  "pages": [
    {
      "type": "text",
      "text": "装载器可以为实体和其它方块卸载或装载货物。装载器的每个面都可通过$(l:concepts/wrench)任何扳手$(/l)配置。蓝色表示输入面，红色表示输出面。"
    },
    {
      "type": "crafting",
      "recipe": "transport:item_loader",
      "recipe2": "transport:fluid_loader"
    },
    {
      "type": "crafting",
      "recipe": "transport:energy_loader"
    }
  ]
}
