{
  "name": "Pyrotechnic Esoterica",
  "landing_text": "gui.pyrotech.book.landing_text",
  "subtitle": "gui.pyrotech.book.subtitle",
  "version": 0,
  "show_progress": false,
  "model": "pyrotech:book",
  "dont_generate_book": true,
  "custom_book_item": "pyrotech:book",
  "advancement_namespaces": [ "pyrotech" ],
  "advancements_tab": "pyrotech",
  "book_texture": "pyrotech:textures/gui/book/book_texture.png",
  "filler_texture": "pyrotech:textures/gui/book/filler_texture.png",
  "crafting_texture": "pyrotech:textures/gui/book/crafting_texture.png",
  "macros": {
    "$(info)": "$(thing)$(bold)$(t:Vital and Fundamental Details)[!]$()",
    "$(warning)": "$(#f00)$(bold)$(t:Warning!)[!]$()",
    "$(severe)": "$(#f00)$(bold)$(t:Extreme Warning!!)[!!]$()",
    "$(info_cn)": "$(thing)$(bold)$(t:重要细节)[!]$()",
    "$(warning_cn)": "$(#f00)$(bold)$(t:警告！)[!]$()",
    "$(severe_cn)": "$(#f00)$(bold)$(t:严重警告！！)[!!]$()",
    "$(todo)": "$(#f00)$(bold)TODO: $()",
    "$(sneak)": "$(thing)$(bold)[$(k:sneak)]$()",
    "$(use)": "$(thing)$(bold)[$(k:use)]$()",
	"$(info_ru)": "$(thing)$(bold)$(t:Жизненно важные и фундаментальные основы)[!]$()",
    "$(warning_ru)": "$(#f00)$(bold)$(t:Будьте внимательны!)[!]$()",
    "$(severe_ru)": "$(#f00)$(bold)$(t:Будьте ПРЕДЕЛЬНО внимательны!!)[!!]$()"
  }
}
