{
    "demoTool": [
        "tconstruct:pickaxe",
        "tconstruct:broadsword",
        "tconstruct:arrow"
    ],
    "effects": [
        "大大提高了工具的耐久",
        "攻击伤害略有增加",
        "攻击速度略有下降"
    ],
    "modifier": "ruby",
    "text": [
        {
            "text": "这颗宝石非常坚硬而且非常锋利。它是一种刚玉，而且几乎总是有缺陷的。Ruby的名字来源于拉丁文名称“red”。\n"
        }
    ]
}
